#{"t_start": 1566102508.9649177, "env_id": null}
r,l,t
136.974665,706,3.066815
201.724994,1095,6.254543
292.182446,1483,11.930824
94.575403,498,13.388327
418.51267,2048,20.488564
390.747115,2048,28.274489
105.23497,601,31.433554
45.766773,257,32.236869
129.778018,696,34.22274
122.573061,653,36.037325
97.639245,570,38.752471
104.74409,488,40.15141
106.958714,588,41.836439
49.728064,268,42.598548
65.740697,355,44.745632
130.671921,654,46.613585
372.685605,1660,52.589976
325.422474,1318,56.376404
321.827901,1227,61.037109
235.858032,1189,64.497141
276.533848,1330,69.34761
191.21971,908,73.14634
213.030896,1165,76.468196
359.827115,2048,83.368922
373.003956,2048,90.353926
330.085683,1750,96.64571
366.036479,2048,103.915525
379.260988,2048,111.026082
392.885953,2048,117.920136
393.751339,2048,124.995872
408.82913,2048,132.056088
448.150951,2048,139.026607
433.400671,2048,145.839504
438.533951,2048,153.06438
456.693298,2048,159.670906
460.963046,2048,166.403765
469.362421,2048,173.248257
465.124115,2048,180.350101
456.492521,2048,187.32115
472.683769,2048,194.423113
456.952919,2048,201.613585
462.773594,2048,208.797679
363.360606,1683,214.913435
309.216104,1480,220.43403
283.388754,1432,224.448563
147.187601,739,227.761738
354.946006,1875,234.273727
275.049196,1453,238.417646
316.372327,1626,244.222921
237.576445,1200,248.760532
279.516521,1406,252.557185
419.771979,2048,259.463284
476.180519,2048,266.688612
313.803236,1335,271.907784
496.484441,2048,279.038301
527.759789,2048,286.173892
502.1859,2048,293.227238
487.998894,2048,300.591694
514.086782,2048,307.593833
533.702932,2048,315.057605
566.602083,2048,322.637795
573.091189,2048,329.719
553.801543,2048,336.92631
576.124773,2048,343.937815
549.670922,2048,350.997177
535.556904,2048,358.097529
540.640828,2048,365.111256
538.323675,2048,371.90115
525.96144,2048,378.623385
527.054542,2048,385.456467
532.957248,2048,392.456142
521.197945,2048,399.452366
519.407809,2048,406.12063
503.708275,2048,412.92249
535.34409,2048,419.869588
554.061436,2048,426.87592
577.661262,2048,434.156877
545.827418,2048,441.144547
527.906036,2048,447.86509
574.649059,2048,455.007602
620.407315,2048,462.144776
595.778475,2048,469.33673
664.395154,2048,476.567511
716.866041,2048,483.81655
735.048115,2048,491.049885
757.677548,2048,498.718073
794.162711,2048,506.147426
724.70266,2048,513.549896
766.096068,2048,520.841347
758.569809,2048,528.463361
756.485008,2048,536.002606
814.900079,2048,543.720915
795.068186,2048,551.015626
773.416691,2048,558.12186
665.856776,1898,564.71852
571.159201,1549,570.552177
789.266517,1937,577.469583
410.357649,984,580.431553
486.769034,1197,585.25769
669.681879,1549,589.898791
383.019372,965,594.047054
771.716784,1732,600.372399
339.349164,845,602.870565
163.164165,489,604.325553
845.043589,1839,610.898365
301.14901,787,614.491349
461.814667,1120,617.730644
985.982997,2048,624.900843
948.205349,2048,632.449652
985.267357,2048,639.974768
699.067853,1422,645.598203
399.860656,910,648.437852
275.798533,653,651.597914
416.537325,914,654.32853
336.604532,792,656.695601
741.386615,1467,662.307813
510.365491,1063,666.74993
408.233026,878,669.373338
561.480818,1079,674.02543
499.541447,1042,677.16742
745.585729,1427,682.654297
365.866049,787,685.035167
358.698755,776,688.714826
368.277742,778,691.012394
377.663555,794,693.328548
386.027738,803,696.735951
399.914712,821,699.104692
178.457994,458,700.451258
306.275413,686,703.743638
439.432368,902,706.446453
367.18132,775,709.945143
212.988055,502,711.471826
401.049421,811,713.871417
218.225436,503,715.414036
232.135569,517,718.289675
366.421303,738,720.404311
378.731586,782,722.748767
421.973796,841,726.428374
230.628088,519,727.946841
302.886895,639,729.774098
238.030541,526,732.441122
295.394089,624,734.19602
226.626464,505,735.606549
249.383703,544,738.305399
482.987683,885,740.870959
424.101007,799,743.141426
254.438676,547,745.970729
219.489309,510,747.508148
240.491871,523,749.058521
239.602346,529,750.634557
250.09704,534,753.430631
488.574814,926,756.099123
224.793889,505,757.565538
219.897487,498,760.134427
467.766901,892,762.703619
449.68393,914,765.405238
201.835471,503,768.14563
314.468905,724,770.273452
747.568673,1507,775.711158
196.140495,499,777.209849
195.157403,493,778.718462
746.944848,1488,784.3502
895.319289,1763,790.795505
604.973232,1348,796.364469
183.263823,471,797.811373
179.233579,476,799.227931
591.805799,1188,804.064155
657.524745,1291,807.908577
370.517472,797,811.49673
192.372844,488,812.93531
274.430161,691,814.913038
209.434621,499,816.364873
191.370825,492,818.875801
183.425187,462,820.231059
145.279787,430,821.471725
162.008537,444,822.76174
345.50086,816,826.420419
451.822425,1066,829.641081
395.036135,875,833.78916
316.212846,800,836.329469
356.953307,823,838.854231
338.140396,819,842.612044
291.154972,701,844.714725
179.211531,482,846.13943
78.707094,239,848.011391
344.205716,808,850.425857
156.300273,439,851.753178
165.089515,450,853.112828
170.454657,473,855.838941
368.683497,829,858.294932
233.390699,573,859.949846
161.579128,444,861.256425
226.467476,571,863.918553
244.952606,580,865.641766
234.091458,582,867.352803
256.432726,607,870.295796
390.496422,859,872.842844
257.762655,595,874.499934
234.332406,570,877.19177
283.49047,622,878.946971
279.267899,614,880.720792
244.778601,581,883.602041
236.075488,585,885.32284
264.670063,588,887.057945
259.219475,586,888.768063
252.295234,589,891.84206
265.904906,602,893.61315
334.710874,727,895.762574
230.313922,553,898.578342
84.300349,244,899.271701
253.85345,588,901.019605
271.083774,603,902.789271
348.126392,716,905.823694
249.259498,581,907.461856
497.202845,933,910.137921
313.382633,622,913.148052
376.736747,737,915.2697
147.833261,360,916.311852
349.223804,717,919.495255
302.3219,679,921.429612
322.125645,690,923.391031
384.346386,750,926.694612
504.717911,963,929.507878
322.265586,695,931.518399
313.083861,688,934.807898
310.376509,694,936.851974
445.380456,859,939.340703
354.129988,733,942.746673
333.609826,695,944.826618
284.81005,615,946.658199
374.009423,801,950.450948
607.37003,1112,953.711445
376.496466,760,957.136092
499.203987,1029,960.091868
820.972144,1468,965.291624
390.927728,764,967.400915
341.09897,700,970.620958
331.305997,716,972.701284
384.091549,812,975.011391
508.17032,928,978.930163
767.029304,1321,983.688884
384.385443,804,986.040145
1203.856565,2048,993.315158
415.777694,856,995.759473
348.988406,734,998.928337
375.073776,765,1001.13859
480.263772,943,1004.891275
371.785689,746,1007.02626
1172.995315,2031,1014.458596
757.69059,1358,1019.57311
357.808302,794,1021.91553
710.787707,1278,1026.824726
423.944143,900,1029.496781
993.750359,1676,1035.665418
415.800395,839,1038.090322
338.044951,716,1041.29018
460.291346,833,1043.635431
337.563052,673,1045.641707
314.595365,650,1048.826854
302.608743,594,1050.523349
355.629302,695,1052.514897
1195.233626,2048,1059.934038
389.716999,775,1063.439795
391.090843,777,1065.70558
306.686758,644,1067.615838
664.713102,1202,1072.242612
531.849949,996,1075.307343
1212.69696,2048,1082.808245
308.989804,640,1085.793777
329.202563,668,1087.791093
326.485729,671,1089.723153
832.502211,1474,1095.354242
730.182749,1311,1100.249632
1001.53576,1698,1106.566846
1185.472135,2048,1113.838963
283.260354,582,1115.490336
295.050369,589,1117.160339
219.361522,469,1118.529232
755.100017,1351,1123.871165
343.730067,684,1125.948942
848.430437,1510,1131.942592
688.59437,1208,1136.954
271.918994,566,1138.565274
261.980251,527,1140.115268
224.980671,466,1141.508808
209.300854,453,1144.093135
281.285791,577,1145.742594
210.361753,456,1147.070566
444.354216,832,1150.661265
220.436995,478,1152.038338
231.797284,474,1153.423113
230.45685,467,1154.772316
270.51542,561,1157.553
226.569142,462,1158.890797
212.888566,466,1160.204628
413.348238,755,1162.369905
227.243159,477,1164.852376
390.013652,728,1166.933327
218.835338,458,1168.257984
210.846971,457,1169.546544
401.660505,751,1172.880575
215.627055,458,1174.166193
137.640497,341,1175.155873
228.177809,462,1176.508891
148.72955,348,1178.818809
396.931412,738,1181.063526
680.301892,1196,1186.043241
216.90755,476,1187.414372
144.930178,349,1188.417704
143.080517,360,1189.415275
393.681917,747,1191.709269
152.62418,349,1194.028084
212.976448,438,1195.372277
368.46507,704,1197.500265
477.263586,878,1201.520866
307.75492,591,1203.292546
215.717816,456,1204.553965
163.016913,361,1205.593481
152.535986,356,1206.601248
209.574766,461,1209.015952
264.302929,514,1210.494342
395.017407,743,1212.74837
157.044234,358,1214.935368
215.787883,470,1216.268594
243.961392,480,1217.62485
308.891278,592,1219.345976
413.630668,763,1222.720623
215.057345,477,1224.026124
149.467373,352,1225.023163
224.904599,469,1226.335251
211.504765,466,1227.636063
260.855087,502,1230.166232
210.874276,444,1231.511154
130.947666,326,1232.439871
247.874027,486,1233.842635
141.665237,336,1235.847697
145.401007,356,1236.842714
206.564458,457,1238.120246
133.835513,325,1239.036238
250.275504,527,1240.496311
163.64682,366,1242.633713
211.632516,455,1243.927804
304.901267,633,1245.7191
132.274741,334,1246.651853
399.384599,810,1249.969323
306.518747,622,1251.752122
135.691165,323,1252.804776
128.554703,326,1253.73804
139.298213,356,1254.743456
139.431975,331,1256.856183
137.898939,339,1257.857337
201.31089,442,1259.158486
283.942024,544,1260.754059
204.181299,437,1261.999573
214.433347,460,1264.368448
145.494941,356,1265.389192
137.220253,348,1266.36951
206.729632,444,1267.655253
199.568126,448,1268.952704
215.663024,459,1271.375798
212.238095,453,1272.693034
319.368276,641,1274.507419
211.501133,460,1275.817516
129.62248,321,1278.023156
424.970777,715,1280.165934
212.238734,460,1281.530033
210.601545,458,1282.86696
230.910351,461,1285.559532
274.459596,524,1287.141798
199.20472,447,1288.421767
200.872064,446,1289.719365
133.776128,339,1290.705571
212.590706,446,1293.270542
258.867996,557,1294.821934
225.095826,460,1296.138306
202.932494,454,1297.402334
217.472424,449,1299.729531
137.526019,352,1300.726497
214.407736,448,1301.996367
354.48485,696,1303.907748
308.220884,589,1306.712621
256.831956,526,1308.205688
135.097522,327,1309.111776
209.366584,459,1310.378939
210.677579,455,1311.650295
244.496075,476,1314.224716
309.690176,596,1316.022601
232.655289,467,1317.394791
302.323418,593,1320.342166
263.834684,540,1321.951921
213.510499,458,1323.267362
218.989186,456,1324.567816
305.709027,596,1327.32268
329.585988,634,1329.196643
322.664858,637,1331.053273
250.493211,489,1332.453697
144.66751,347,1334.50139
307.611795,611,1336.27258
481.489104,856,1338.910676
243.627536,513,1341.574632
266.089916,558,1343.193915
305.70881,596,1344.894154
212.787737,461,1346.214139
246.247931,481,1348.538657
270.495781,510,1350.031343
248.814991,530,1351.579877
229.170259,463,1352.936355
257.383648,490,1355.437701
148.678687,346,1356.461662
129.28513,331,1357.412532
291.094112,580,1359.025646
326.613297,620,1360.860125
226.271462,452,1363.336059
341.786882,630,1365.139708
305.311828,621,1366.917548
258.821054,508,1369.646888
309.061161,590,1371.396035
317.157673,609,1373.244069
314.099752,616,1375.097945
347.493126,643,1378.366503
220.361154,457,1379.737604
263.970397,518,1381.298079
293.913915,585,1383.01563
427.144898,800,1386.708515
265.009732,521,1388.229577
251.669939,488,1389.638942
363.35121,689,1392.91702
302.26616,583,1394.594177
220.354105,465,1395.889962
266.930518,519,1397.349054
270.213704,524,1399.767729
537.430669,943,1402.655807
266.855957,521,1404.191692
322.417855,632,1407.07491
221.963219,469,1408.429713
244.084367,485,1409.841676
234.06551,473,1411.240622
212.727055,463,1413.894946
319.672306,627,1415.790962
335.54699,666,1417.850082
298.633494,585,1420.83997
540.43042,972,1424.004806
317.712795,608,1425.768408
313.955383,621,1428.835298
359.685415,721,1430.954444
226.817538,470,1432.302012
304.647732,588,1435.04875
292.305124,581,1436.773083
312.173256,621,1438.576431
322.636029,627,1440.440047
215.075551,460,1443.005059
383.676399,744,1445.157034
347.457789,649,1447.066631
305.931388,580,1450.146496
328.81741,634,1452.093838
326.793225,630,1453.991716
443.36588,803,1457.615614
389.415387,714,1459.739571
231.741263,473,1461.074646
306.785516,591,1462.833494
270.953384,529,1465.791477
378.296744,661,1467.694458
329.324742,612,1469.440817
406.151126,762,1472.870935
491.191857,905,1475.528958
419.48897,784,1478.865612
360.305244,659,1480.730608
438.692102,802,1483.001702
249.365165,493,1485.53488
435.337504,803,1487.908958
536.062102,980,1490.797149
422.739599,797,1494.502089
444.857485,821,1496.959031
371.695201,687,1500.100119
457.224678,822,1502.546416
512.56665,926,1505.425561
440.30897,802,1508.901433
399.251715,746,1511.168687
431.872025,795,1514.693519
396.348577,737,1516.92805
486.420052,869,1519.520643
205.447044,428,1520.73467
685.948694,1234,1525.930231
406.366473,737,1528.078795
365.017548,681,1531.039745
363.996706,674,1532.957068
377.534479,713,1535.107344
178.070154,377,1537.191713
376.194718,715,1539.415572
211.93287,434,1540.69009
409.835522,758,1543.949049
189.140155,382,1545.01633
206.449256,427,1546.23875
196.969821,410,1547.39253
291.503837,578,1549.143395
286.837752,562,1551.837033
202.722041,427,1553.100555
381.302194,720,1555.375975
302.692929,585,1558.402116
204.53647,425,1559.65249
373.77669,706,1561.83116
321.476305,605,1563.647725
174.318571,368,1566.04786
282.047091,545,1567.705111
177.727093,372,1568.840411
170.342572,369,1569.937355
174.928885,373,1571.026728
357.790672,678,1574.295603
279.617454,544,1575.911726
366.493703,701,1578.128675
281.050417,539,1580.853919
170.822476,366,1581.93514
195.669999,386,1583.058522
165.190941,361,1584.113423
384.142358,699,1587.637158
162.175068,364,1588.740712
180.080898,381,1589.856313
159.835783,354,1590.921701
210.628737,435,1592.228582
168.835791,361,1593.25644
221.178406,464,1595.708794
328.998064,627,1597.59814
345.422709,664,1599.633021
276.593507,547,1602.314216
201.000636,422,1603.519284
152.36447,353,1604.515589
260.508517,515,1605.966925
366.371061,670,1608.995558
231.742776,480,1610.372669
351.245036,672,1612.398618
239.409157,495,1613.814203
272.060839,543,1616.669451
232.350138,463,1618.040062
253.799659,490,1619.46439
355.301484,668,1621.471838
179.649322,387,1623.927185
234.181114,479,1625.315381
376.276026,697,1627.367561
274.963933,508,1628.840957
381.630209,705,1632.010391
389.860622,728,1634.217641
283.797241,531,1635.718585
419.785325,786,1639.196557
174.059034,376,1640.262468
253.487278,511,1641.739835
186.089407,394,1642.869484
337.543501,651,1646.044935
223.570915,453,1647.40451
296.587233,544,1649.035304
217.859091,442,1650.318761
205.153181,395,1652.690337
358.929127,676,1654.665165
371.178716,692,1656.748356
200.454109,392,1657.850107
291.204814,537,1660.60833
207.390253,401,1661.775626
186.850379,389,1662.910404
227.96869,446,1664.210775
324.938518,613,1667.306893
197.926621,392,1668.34261
230.891942,444,1669.557878
307.040613,571,1671.230884
224.885146,411,1672.372281
271.318296,512,1675.345849
177.93251,360,1676.369315
212.434373,426,1677.588373
164.851038,341,1678.531868
316.913012,606,1681.403177
187.629968,375,1682.489322
187.224441,378,1683.543195
220.735071,431,1684.793391
184.652152,378,1685.913063
308.238179,586,1689.041524
167.590722,349,1690.047291
217.112274,429,1691.328129
167.42002,350,1692.35409
269.258484,522,1693.996836
218.039486,413,1696.410209
228.545989,440,1697.663687
242.139955,455,1698.935416
276.042639,534,1700.544273
388.337765,718,1703.993239
185.660229,391,1705.107076
319.983572,600,1706.924958
307.259066,571,1708.556447
175.292091,372,1710.647146
228.566356,443,1711.929021
341.507511,632,1713.824233
317.136636,585,1715.532207
201.087816,404,1717.789592
308.866581,555,1719.434849
203.561215,398,1720.610281
200.78661,395,1721.750888
172.310081,367,1722.807888
183.341904,394,1725.152927
172.397901,374,1726.253013
170.401125,364,1727.32831
184.463749,379,1728.430811
158.078202,363,1729.471164
363.624617,691,1732.790483
169.197459,371,1733.857571
180.808645,384,1734.973549
359.9391,673,1736.992596
176.140843,379,1739.325743
217.046419,443,1740.607587
209.747669,426,1741.84264
186.87105,387,1742.95618
364.680805,690,1746.249164
415.837241,749,1748.551301
658.31038,1194,1752.574421
240.064789,490,1755.189652
367.771835,685,1757.208946
261.091755,514,1758.652245
192.332589,398,1761.06506
374.702572,693,1763.124975
381.625078,703,1765.217013
174.965291,379,1766.324806
169.39071,369,1768.590974
187.973902,386,1769.706177
186.281206,382,1770.899665
999.928214,1761,1778.02102
627.186015,1120,1781.556822
656.941062,1145,1786.246927
393.475327,749,1788.555077
348.478453,622,1791.600501
385.200995,703,1793.692359
864.308956,1509,1799.691333
1107.447495,1874,1806.636366
1257.731744,2048,1813.811256
1192.844503,2048,1821.54052
1214.350162,2048,1829.094683
1185.59062,2048,1836.313012
1238.859524,2048,1843.070238
1260.567437,2048,1849.822448
1249.016553,2048,1856.851601
1294.911326,2048,1864.19369
1268.917101,2048,1871.558774
1264.900776,2048,1878.843491
1301.882092,2048,1886.17561
1247.259301,2048,1893.413488
1218.462611,2048,1900.60606
1299.351678,2048,1907.65982
1243.993052,2048,1914.916277
1245.824675,2048,1921.864932
1261.152513,2048,1928.961121
1257.461306,2048,1935.873109
1268.065323,2048,1942.620932
1259.09447,2048,1949.616872
1284.751546,2048,1956.688831
1286.09165,2048,1963.907446
1309.288018,2048,1970.997245
1297.475769,2048,1978.164813
1279.736958,2048,1985.403135
1300.455933,2048,1992.79852
1308.60493,2048,1999.825952
1296.930057,2048,2006.963737
1273.774021,2048,2014.151931
1150.353657,2048,2021.447619
1284.553903,2048,2028.621185
1309.508186,2048,2035.82238
1330.429553,2048,2042.9342
1355.616783,2048,2050.103502
1290.171955,2048,2057.152624
1313.858409,2048,2064.119452
1289.645146,2048,2071.170416
1340.106027,2048,2077.9336
1331.407738,2048,2084.945016
1327.93181,2048,2091.775149
1338.755149,2048,2098.651793
1352.188382,2048,2105.762909
217.511674,447,2107.068833
1358.996805,2048,2114.262036
1301.440857,2048,2121.170624
1354.925606,2048,2128.34443
1395.409552,2048,2135.401289
1349.396399,2048,2142.542044
1329.118865,2048,2149.830916
1352.421549,2048,2156.835894
1351.83024,2048,2163.72949
1347.883599,2048,2170.973645
1326.999174,2048,2178.127044
1375.949213,2048,2185.315688
1362.670178,2048,2192.558991
942.118707,1471,2198.017172
1291.011662,2048,2205.444812
1392.691703,2048,2212.34925
515.052448,936,2215.089843
1338.16275,2048,2222.23085
1311.67717,2048,2229.205863
1396.896042,2048,2236.312571
1339.469385,2048,2243.408314
1350.785055,2048,2250.704024
1385.771435,2048,2258.009671
1358.674294,2048,2265.244137
1401.196864,2048,2272.233301
1378.923589,2048,2279.392164
238.580172,491,2280.812055
483.380324,841,2284.362405
1340.436796,2048,2291.522371
149.645375,350,2292.602923
1336.886115,2048,2299.976423
1394.184844,2048,2306.828093
1357.280723,2048,2313.748923
160.753654,364,2314.795049
160.92328,359,2315.81753
225.42653,462,2317.125494
1323.003821,2048,2324.307622
1313.833248,2048,2331.439076
1327.107533,2048,2338.940818
147.998169,349,2341.32331
1393.971468,2048,2348.506399
1394.337808,2048,2355.925477
1333.100316,2048,2363.152837
1384.063321,2048,2370.026331
230.814025,463,2371.348171
1381.489244,2048,2378.343617
1410.07036,2048,2385.572308
1331.542226,2048,2392.652778
1294.497552,2048,2399.920159
1331.379924,2048,2406.852983
1331.117999,2048,2413.972047
1357.737026,2048,2421.271261
1407.341563,2048,2428.29352
150.076521,347,2429.271611
1397.675872,2048,2436.367435
279.304222,546,2437.965315
1355.402218,2048,2445.244938
1388.152504,2048,2452.432416
17.376643,59,2452.598444
17.750325,60,2452.75676
1355.984848,2048,2460.077205
1424.048772,2048,2467.329545
153.735349,350,2468.337701
1370.021576,2048,2475.60625
1367.040478,2048,2482.799828
1386.461951,2048,2489.870769
157.830007,357,2491.967962
1332.344861,2048,2498.822643
723.469501,1240,2502.418364
1321.057114,2048,2509.65076
1426.997368,2048,2516.708466
300.916849,575,2518.403449
1365.40024,2048,2525.500141
573.969868,925,2529.365787
160.563709,358,2530.41293
1412.739295,2048,2537.75271
1391.206295,2048,2544.764533
1385.344354,2048,2551.805942
1354.79539,2048,2558.935027
1353.655647,2048,2566.054558
19.43385,67,2566.243377
1320.037808,2048,2573.325575
1089.44362,1733,2579.363492
306.282987,584,2581.092345
345.660675,667,2584.189168
211.492602,448,2585.453963
360.357228,671,2587.376029
1340.709476,2048,2594.453679
701.764594,1205,2598.918768
1215.690733,2048,2606.038917
1345.068862,2048,2613.028421
1350.592051,2048,2619.758536
229.10766,461,2621.041779
1374.236926,2048,2628.342762
1297.424094,2048,2635.308675
1391.290424,2048,2642.545993
1314.806204,2048,2649.704873
210.4627,399,2650.814615
1350.476621,2048,2657.902265
1293.616261,2048,2665.414674
183.239969,378,2666.532463
1298.181764,2048,2673.990469
1418.228402,2048,2681.135698
1373.885854,2048,2688.251767
1395.691554,2048,2695.350034
297.101541,565,2698.104585
1391.002131,2048,2705.242009
376.320256,690,2707.253173
1376.233198,2048,2714.557762
1392.740669,2048,2721.726038
262.178911,492,2723.142306
149.204972,342,2724.126843
1404.510968,2048,2731.301733
1435.9507,2048,2738.590778
18.893727,64,2738.760196
191.933844,383,2741.104416
191.136099,382,2742.170438
192.620587,385,2743.254607
215.544913,405,2744.403862
176.202252,371,2745.436494
190.678849,381,2747.82598
19.077911,65,2748.011068
18.826905,64,2748.190323
185.535359,376,2749.25177
18.594089,63,2749.425972
177.316105,375,2750.498316
192.86951,389,2751.616313
18.344024,62,2751.788466
1385.858752,2048,2758.76289
1376.677434,2048,2765.477956
17.926772,61,2765.657423
613.14063,947,2769.660205
365.874391,592,2771.392663
223.020069,411,2772.568327
949.219595,1400,2777.822178
749.740691,1135,2781.044529
199.97329,395,2783.206846
318.008916,585,2784.891609
1212.053552,1781,2791.357459
217.889409,405,2792.443422
493.599198,795,2794.695921
200.672638,386,2796.960577
215.587198,403,2798.09584
894.774954,1369,2802.005447
1419.157951,2048,2809.27361
849.744719,1289,2814.043697
211.943792,396,2815.124511
1452.947547,2048,2822.122396
912.483342,1330,2827.017713
197.474207,390,2828.126328
1009.392822,1490,2833.702195
170.14613,364,2834.723907
17.951594,61,2834.895961
1448.185813,2048,2841.970658
326.290179,545,2843.532271
192.400704,380,2844.612867
1373.596313,2048,2851.791606
272.311876,501,2854.230976
463.993611,721,2856.241131
334.084959,559,2857.790132
215.482226,395,2859.994346
434.586352,734,2862.119322
229.300991,409,2863.251429
578.928735,905,2867.131456
479.45562,763,2869.295838
312.633227,543,2870.799477
1435.821843,2048,2877.798237
1342.633925,2048,2884.916897
208.814099,387,2885.965395
189.76977,380,2888.101713
984.823807,1425,2892.151989
236.234817,428,2893.358926
201.740782,385,2895.657408
307.100703,527,2897.115595
226.584987,410,2898.194533
327.944885,589,2899.761366
283.337144,502,2902.162325
1380.47325,2048,2909.252529
1389.642994,2048,2916.557578
329.458704,551,2918.153238
234.394319,419,2919.351131
1427.00113,2048,2926.59471
1465.337502,2048,2933.634693
215.404304,396,2934.726404
399.963722,665,2937.845921
204.365901,387,2938.942386
1378.672887,2004,2945.9166
191.162365,381,2947.042702
373.043025,638,2948.933224
206.183135,384,2950.049177
202.974095,385,2952.425811
201.162607,386,2953.501677
264.919914,494,2954.929828
580.034303,912,2958.509947
1457.201664,2048,2965.241868
647.770557,1018,2968.325289
207.382197,388,2969.441488
199.932779,383,2970.568479
1361.204831,2048,2977.912754
1345.086815,2048,2985.444535
228.037189,416,2987.916246
1459.693084,2048,2994.901306
239.764009,458,2996.159901
1435.015522,2048,3003.017633
1470.113787,2048,3009.839732
309.440636,543,3011.412745
370.692904,625,3013.165043
187.30828,379,3015.453685
1386.955215,2048,3022.511716
403.698777,708,3024.532131
1362.628247,2048,3031.87281
591.624704,939,3034.528658
1358.201359,2048,3041.745855
1478.630385,2048,3049.164666
116.335877,268,3050.927346
199.650128,387,3051.967201
198.529347,382,3053.037939
438.49349,705,3055.055097
1357.385022,2048,3062.212637
18.317564,62,3062.371995
333.968776,562,3065.239538
1415.770289,2048,3072.439925
1437.280081,2048,3079.56028
1457.562681,2048,3086.666314
1002.214193,1490,3090.923558
780.372785,1206,3095.735194
1449.997081,2048,3103.291896
184.510935,372,3104.393492
1396.801412,2048,3111.699471
190.761861,380,3112.826338
1422.739266,2048,3120.24964
328.461291,591,3123.154727
275.895019,501,3124.600983
1441.901803,2048,3132.036997
1433.91469,2048,3139.142635
1363.261577,2048,3146.420737
1400.902158,2048,3153.674904
194.973859,385,3154.773156
1359.958248,2048,3162.316816
1402.208474,2048,3169.963081
1400.807572,2048,3177.721159
1417.40565,2048,3185.275902
1443.739555,2048,3192.818662
1432.509313,2048,3200.095133
1451.085722,2048,3207.111778
1440.362014,2048,3214.154951
1437.060686,2048,3221.415885
474.677965,772,3223.642586
1388.839754,2048,3230.790319
260.239232,493,3233.540499
1408.696316,2048,3240.898312
1490.524689,2048,3247.995356
220.029055,410,3249.133684
173.974398,367,3250.164338
204.555111,393,3251.249959
185.334046,387,3252.341454
209.945236,398,3254.565679
1453.32001,2048,3261.810968
1382.681819,2048,3269.111485
1437.120723,2048,3276.557025
1420.13861,2048,3284.215778
1416.935911,2048,3291.615652
186.944007,379,3292.663926
415.628696,725,3294.675754
389.568314,655,3296.513051
1462.991731,2048,3303.719543
1408.133019,2048,3310.970915
1411.98372,2048,3318.033255
1288.986164,2048,3325.39921
1324.22873,2048,3333.161461
217.124642,414,3335.802659
1416.518891,2048,3343.531424
388.321482,676,3345.518142
625.677892,948,3348.359251
1382.625194,2048,3355.825832
1410.028741,2048,3363.340905
1470.380693,2048,3370.97372
1420.581904,2048,3378.465343
1421.804814,2018,3385.371184
1026.693847,1459,3390.841908
202.801169,390,3391.957761
188.817439,375,3393.02148
184.474302,374,3395.216757
195.180854,374,3396.267862
211.727436,398,3397.370655
169.468371,364,3398.422679
161.909064,366,3399.471327
169.698313,362,3401.66047
148.369018,352,3402.654302
252.785077,475,3403.950196
180.213766,374,3404.996486
1426.206744,2048,3412.139349
178.719099,363,3413.147397
181.001296,370,3414.196074
204.648818,390,3416.473397
1294.963686,2048,3423.91765
1315.603526,2048,3431.42289
200.680338,385,3432.519854
1243.534385,2048,3439.922103
1262.457413,2048,3447.509549
1259.732377,2048,3454.990852
662.170795,1072,3458.15153
1026.894109,1592,3464.032237
1153.267304,1865,3470.642046
1317.803446,2048,3477.863279
1400.375204,2048,3484.82274
1338.320017,2048,3491.962632
1450.704073,2048,3499.198749
1378.456854,2048,3506.254236
177.875122,358,3507.252137
1385.201484,2048,3514.414805
112.32833,260,3515.150651
1352.158421,2048,3522.355927
1406.450989,2048,3529.388448
1423.42857,2048,3536.53533
1412.536794,2048,3543.915463
988.046891,1430,3549.448935
304.201122,536,3551.012864
458.751536,764,3554.218391
203.966766,405,3555.366928
189.192622,378,3556.432973
1421.272894,2048,3563.663354
1382.596956,2048,3570.975634
1472.58599,2048,3578.101474
1448.84814,2048,3585.007115
1034.847985,1512,3590.618697
863.927659,1280,3594.398813
825.080934,1264,3599.30029
518.40383,815,3601.591204
203.732248,402,3603.967795
184.872486,380,3605.055802
172.967002,359,3606.049763
131.411981,291,3606.871041
1454.712685,2048,3613.856926
1083.712076,1612,3619.640963
1468.94682,2048,3626.767548
19.850747,69,3626.961304
16.864106,57,3627.121578
1242.27998,1871,3633.77124
177.639692,368,3634.817089
1397.405325,2048,3642.298497
1413.498371,2048,3649.36306
314.545185,546,3650.915261
775.818772,1177,3655.620475
1227.603286,1743,3662.291352
1383.923085,2048,3669.71833
1420.519975,2048,3677.126636
159.169786,351,3678.1192
1473.306827,2048,3685.718141
1415.497025,2048,3693.157874
1480.328596,2048,3700.774079
1320.791054,2048,3708.268391
1068.16751,1493,3713.834895
909.901268,1296,3717.73971
1403.926052,2048,3725.242515
148.337898,332,3726.169838
173.028296,363,3728.334317
269.861566,497,3729.760631
196.930407,380,3730.828676
1590.213275,2048,3738.4462
20.82047,74,3738.651206
146.510069,328,3739.554872
179.509706,362,3740.564639
174.116169,357,3742.797997
160.679107,344,3743.755927
160.356934,346,3744.74108
144.559466,326,3745.657061
650.321746,999,3749.875891
18.104111,62,3750.049208
174.756643,359,3751.057293
1242.681698,2048,3758.9923
423.289432,711,3761.015612
1337.68363,2048,3768.252052
1293.972962,2048,3775.65352
1305.932652,2048,3783.192358
236.970032,451,3784.425601
1269.690318,2048,3791.765716
401.920955,682,3794.835999
508.62097,820,3797.271921
417.995567,683,3799.253433
209.457413,393,3801.566574
934.704704,1318,3805.407776
1285.952679,2011,3812.430445
1209.238141,1677,3818.339364
1495.423666,2030,3825.572837
633.647646,981,3829.694065
711.659548,1029,3832.719829
1512.257442,2048,3840.088493
314.284188,537,3841.671367
1262.472921,2048,3849.040324
1334.938158,2048,3856.334693
1034.530627,1466,3861.62519
1445.222179,2048,3868.789939
1424.818728,2048,3875.869172
1454.390163,2048,3883.303167
737.727621,1140,3888.193295
490.204261,792,3890.520988
275.488503,505,3891.994674
1449.38021,2048,3899.652257
1504.140443,2048,3907.054645
861.874493,1191,3912.157321
270.38374,483,3913.561794
1393.418042,1927,3920.332665
1548.332831,2048,3927.550585
970.615311,1354,3932.703258
396.789952,639,3934.489409
433.19358,663,3936.301896
1483.34412,2048,3943.346222
280.955682,507,3945.913518
1400.731479,2048,3952.836034
821.337562,1215,3956.25999
306.629597,530,3957.815897
206.590025,398,3959.992928
1533.794169,2048,3967.24158
298.205652,517,3968.71878
416.678418,670,3970.616384
298.572361,511,3972.052467
204.681105,383,3974.372565
1249.2139,1818,3979.551463
1479.719615,2048,3986.841621
1306.157893,2048,3994.092498
192.199855,376,3996.322476
1010.377202,1406,4000.395535
236.328902,432,4002.704487
168.455143,348,4003.626355
296.365262,510,4004.996811
1037.999518,1581,4010.81409
766.330383,1217,4014.360746
273.254532,485,4017.026445
638.946925,1017,4019.877791
209.154155,398,4021.001873
262.449056,483,4023.522828
1237.019226,1780,4028.638085
1376.739778,2048,4035.749533
1411.120517,2048,4042.762995
1252.577062,2048,4050.292361
987.623935,1516,4055.943851
1291.874945,2048,4063.256767
189.655578,377,4064.326227
178.730936,369,4065.32934
1355.308006,2048,4072.409903
1309.524631,2048,4079.710724
146.602778,327,4081.771545
174.430698,360,4082.862729
1315.649893,2048,4090.118792
1136.435076,1565,4095.932185
994.939936,1448,4100.03148
609.844353,992,4104.126237
197.411281,386,4105.242988
1389.201186,2048,4112.665161
216.478683,457,4113.964756
1255.640426,1851,4121.238277
1389.642138,2048,4128.715446
288.262366,522,4130.151628
502.50481,820,4133.392584
1410.763879,2048,4140.561797
1258.382995,1862,4147.217602
1397.037886,2048,4154.592808
521.266658,780,4156.791348
1443.294793,2048,4164.06617
918.089403,1398,4169.241391
560.114224,906,4171.84866
1311.715429,1838,4178.417613
1311.157838,2048,4186.027392
1368.115598,2048,4193.848465
1411.118623,2048,4201.248702
1349.420715,2048,4208.497142
1419.424236,2048,4215.615825
675.303277,1065,4219.845796
1494.08802,2048,4226.94351
259.257673,493,4228.331057
192.176104,393,4229.427663
197.711557,390,4230.50705
275.447941,513,4231.912616
1489.742006,2048,4239.066489
1571.294405,2048,4246.565997
1413.616967,2048,4253.968642
914.280521,1315,4259.088387
190.246563,383,4260.166178
489.813386,796,4263.737445
1164.213607,1824,4270.490746
260.370978,503,4271.93969
1419.067804,2048,4279.290053
974.666282,1500,4284.875485
1502.511187,2048,4292.113512
1000.439936,1375,4296.117176
1438.097943,2048,4303.368115
1456.390071,2048,4310.594697
1412.517696,2048,4318.12391
1352.68182,2048,4325.607333
676.547703,1103,4329.996353
355.781234,619,4331.760699
1505.072803,2048,4338.90155
122.146369,273,4339.646155
1456.54399,2048,4346.646687
1196.016782,1743,4352.891056
1514.395445,2048,4359.845826
200.953704,387,4361.016939
756.893023,1190,4365.725047
1579.327159,2048,4373.145089
1365.355268,2048,4380.348271
235.197004,470,4381.665709
189.491331,402,4382.816145
1306.497683,1961,4389.699013
1469.913448,2048,4397.038664
211.291338,405,4398.189172
306.018335,603,4401.067791
1011.782642,1483,4405.533976
695.491951,1078,4410.068196
1471.649748,2048,4417.112962
341.030898,649,4418.948321
1324.942643,1927,4425.899733
1373.466464,2048,4433.41508
1362.963979,2048,4440.921656
1443.865525,2048,4448.389456
439.930523,748,4451.756899
218.362246,455,4453.053703
1481.684708,2048,4460.30195
1454.550635,2048,4467.518944
1389.379395,2048,4474.774307
1408.717012,2048,4481.915969
17.964978,61,4482.078192
1488.016338,2048,4489.271461
1394.281034,2048,4496.596622
338.397662,616,4498.309495
1282.113189,2048,4505.69578
1308.562049,2048,4512.954614
1444.918574,2048,4520.127602
1446.020331,2048,4527.344875
1404.779733,2048,4534.460715
872.782016,1300,4539.407222
281.883615,516,4540.842344
1415.867993,2048,4548.021657
192.492982,395,4549.131481
217.959226,455,4550.416371
1464.483959,2048,4557.652639
1471.002242,2048,4564.93632
686.912337,1073,4569.016681
278.360641,516,4570.447919
1238.260334,1762,4576.891548
229.961673,421,4578.035086
899.563448,1365,4583.228159
286.867811,529,4584.764682
712.763713,1172,4589.396191
396.937755,712,4591.50349
1416.686309,2048,4598.691235
1426.883429,2048,4605.950963
1394.475436,1972,4613.046618
1424.968708,2048,4620.457877
1469.019218,2048,4627.610045
1453.933257,2048,4634.831074
1426.682211,2048,4641.899782
1328.826451,2048,4648.842445
1254.454195,2048,4655.806875
1396.948694,2048,4662.804492
1332.246206,2048,4669.914195
1417.181297,2048,4677.131734
1223.79081,1675,4683.175153
198.978967,406,4684.314727
1462.133477,2048,4691.55555
493.758252,826,4693.936918
235.668826,446,4696.449834
917.200116,1365,4700.410947
1494.561616,2048,4707.905073
237.202668,435,4710.40597
1245.328512,2048,4718.175964
1287.609696,2048,4725.710302
1406.288082,2048,4733.252948
1322.808061,2048,4740.830157
1446.935857,2048,4748.019565
1305.123982,2048,4755.275846
603.727465,935,4757.952441
546.50767,881,4760.50567
329.568348,577,4763.414638
185.160077,371,4764.46288
678.417696,1015,4767.572753
1178.177725,1878,4774.566618
1425.491712,2048,4781.594599
523.010707,856,4785.122971
410.314703,668,4786.969485
1352.219867,2048,4793.873361
751.710646,1121,4798.288512
133.824007,282,4799.100998
264.464879,480,4800.494052
197.574147,376,4801.574501
1271.723168,2048,4809.012601
442.689583,713,4812.313271
130.258413,283,4813.122522
121.676774,281,4813.921927
317.472604,536,4815.445031
497.495168,775,4817.67053
208.766508,401,4819.988798
186.27115,389,4821.052437
534.50691,838,4823.461799
180.796259,390,4824.54747
128.60893,291,4826.602472
431.561339,716,4828.620059
126.727401,292,4829.442493
271.630221,512,4830.899312
121.132434,265,4831.638116
696.871597,1117,4836.040036
123.297364,284,4836.834862
129.805295,289,4837.673016
1345.929965,1964,4844.647417
1010.87626,1535,4850.19606
170.597709,350,4851.19313
393.625425,659,4853.109503
720.126143,1145,4857.750052
135.58999,292,4858.568905
202.205255,393,4859.665441
1251.173169,1788,4866.11973
1399.073155,2048,4873.213651
1433.0204,2048,4880.216021
535.701274,836,4883.793126
1397.414402,2048,4891.023289
120.923047,273,4891.81177
124.477017,282,4892.634098
272.48195,496,4894.01872
885.50971,1302,4899.167333
338.82457,568,4900.809724
1431.04903,2048,4908.028484
515.809477,812,4910.344851
1274.872308,2048,4917.703537
1103.851605,1560,4923.534354
1335.891701,2048,4930.908957
1287.299855,2048,4938.246235
1412.905021,2048,4945.459622
1364.238669,2048,4952.803193
1350.912675,2048,4960.297943
1537.382655,2048,4967.645493
895.847599,1338,4972.722929
1275.759079,2048,4980.27686
224.673954,414,4981.445117
268.060543,530,4982.940153
959.276937,1448,4988.193166
488.469647,831,4990.674886
685.829777,1058,4995.169845
1417.879205,2048,5002.508643
1515.751529,2048,5010.049409
1453.241766,2048,5017.10908
1272.250676,2048,5024.499685
1201.730752,1803,5030.972181
1384.495057,2048,5038.107293
1422.382033,2048,5045.338817
512.287559,800,5047.671971
1467.137546,2048,5054.954663
175.67305,370,5056.007154
1331.097602,2048,5063.26789
210.407824,402,5065.647522
1334.678104,2048,5073.050454
1456.517995,2048,5080.063017
171.467526,365,5081.124334
1535.729103,2048,5088.442738
1466.369414,2048,5095.662493
1331.169871,1863,5102.375429
1385.966641,2048,5109.521033
1424.441508,2048,5117.030381
1289.117723,2048,5124.414735
135.170205,285,5125.244292
217.338227,401,5126.429283
1401.831219,2048,5134.154704
198.838233,389,5135.252491
1358.522403,2048,5142.592561
1412.428166,2048,5149.527355
1399.71108,2048,5156.862391
1447.485911,2048,5164.20679
366.678328,628,5167.451542
1455.594009,2048,5175.330499
1396.25345,2048,5182.711277
579.262378,885,5185.260829
1383.970046,2048,5193.016227
1447.301963,2048,5200.215107
202.293114,395,5201.324443
412.572935,638,5203.12196
1505.981145,2048,5210.63304
1521.266544,2048,5218.226079
218.385134,408,5220.951007
630.430525,969,5223.855404
1478.911451,2048,5230.942955
240.451424,434,5232.169181
1494.534761,2048,5239.421375
955.724525,1460,5244.709464
1404.17535,2048,5252.029658
1431.260429,2048,5259.443388
225.990189,414,5260.664305
1291.082779,1810,5267.537427
352.735521,591,5269.192275
607.248018,955,5273.10297
519.689647,839,5275.563944
389.911725,649,5278.733457
1379.708936,2048,5286.073834
309.054786,535,5287.673554
1413.926552,2048,5295.364195
1364.891931,2048,5303.021388
1385.055629,2048,5310.630903
685.986822,1082,5313.76071
1320.664385,1893,5320.563378
1541.318681,2048,5328.156938
1533.754094,2048,5335.3139
505.175516,874,5338.998121
1443.803377,2048,5346.388991
1442.516426,1996,5353.706782
1359.297547,2048,5360.971586
1402.860384,2048,5368.308276
644.936517,1018,5371.217163
1400.962104,2048,5378.622566
277.729678,496,5381.320873
276.094581,502,5382.732037
382.174182,649,5384.749894
1356.592268,2048,5392.173428
613.947345,981,5396.225653
216.447257,400,5397.375942
246.886534,482,5398.793479
1405.963618,2048,5406.676179
1383.647629,2048,5413.989588
1373.117508,1948,5420.923387
1494.011864,2048,5428.067416
322.326039,561,5429.624794
213.089231,395,5430.718046
1190.970919,1856,5437.244851
1357.804836,2048,5444.442696
233.440094,447,5446.960744
842.348793,1167,5450.418063
1415.035351,2035,5457.528688
1525.733865,2048,5464.634192
295.295568,522,5466.107542
1356.825979,1962,5473.148008
355.167658,614,5476.153647
184.842682,384,5477.31949
1480.588778,2048,5484.449721
1347.554576,1914,5491.212645
167.523806,354,5492.218953
278.086484,510,5493.651821
127.169445,284,5494.427938
714.290635,1081,5498.733982
1221.030472,1713,5505.109994
1383.821614,2048,5512.408408
308.876299,540,5513.965881
1469.187299,2048,5521.166199
1064.904285,1475,5526.800448
189.376441,396,5527.949594
1298.623583,1844,5534.995561
1419.404446,2048,5542.402272
1411.762668,2048,5549.714631
1402.152269,2048,5556.653938
239.077262,467,5557.912544
1319.092925,1878,5564.21757
1366.416404,2048,5571.129312
1545.598738,2048,5578.115782
1510.831612,2048,5585.302289
1484.743705,2048,5592.372478
1484.911184,2048,5599.246879
1201.545848,1735,5605.525887
846.569955,1266,5609.240408
1350.818375,2048,5616.620491
465.419874,709,5619.868321
825.421465,1188,5623.314578
905.281177,1265,5628.242826
236.921719,438,5629.488663
1442.535866,2048,5636.709445
19.767645,70,5636.906987
1451.982071,2048,5644.432641
660.891967,986,5648.654177
1371.393416,2048,5656.052343
204.925208,427,5657.230038
1448.160544,2048,5664.253549
397.147022,668,5666.218476
1536.114458,2048,5673.235625
1218.306735,1682,5679.523849
347.718842,660,5681.473363
1341.183648,2048,5688.837028
539.009437,799,5692.496992
288.470302,507,5693.927287
1524.538942,2048,5701.226792
1392.353824,1934,5708.513853
1430.367225,2048,5715.932718
1460.30627,2048,5723.345345
296.279597,578,5725.004822
1524.910521,2048,5732.713258
1518.000357,2048,5740.403106
226.876801,457,5741.794643
712.734501,1063,5746.065382
958.994205,1489,5751.511129
1425.039567,2048,5758.758388
1505.056747,2048,5766.211032
1473.517581,2048,5773.704183
1417.695236,2048,5781.309958
240.690381,487,5782.673
583.928175,939,5785.400496
1507.546807,2048,5792.641633
1484.739688,2048,5799.907523
147.394418,319,5800.794293
1498.863212,2048,5808.142998
1416.294198,2048,5815.166224
1527.313895,2048,5822.516402
1525.992215,2048,5830.152672
1411.99369,2048,5837.707146
1539.35719,2048,5844.863051
157.212596,326,5847.009833
212.747285,406,5848.15253
575.625444,913,5850.818376
1491.255734,2048,5858.192708
645.04981,902,5862.198608
1359.541383,2048,5869.734365
1295.858835,2048,5877.565925
1663.303002,2048,5885.100119
1484.741323,2038,5892.324999
915.581748,1274,5896.068417
210.860764,406,5898.542002
694.580652,976,5901.457454
361.396881,662,5903.405043
786.160103,1145,5908.096691
1111.66195,1486,5913.729972
99.688667,231,5914.369277
193.244035,382,5915.432417
1297.225639,2048,5923.001983
1302.705588,2048,5930.093475
1420.502919,2048,5937.237302
895.988141,1249,5942.043092
1429.374355,2048,5949.472819
413.714859,643,5951.400749
773.387814,1152,5954.725063
1421.361422,2048,5962.457816
129.45105,289,5964.889955
1207.448618,1662,5970.021324
1529.144748,2048,5977.563488
1518.258198,2048,5984.662153
1465.253717,2048,5991.814428
1425.337948,2048,5999.090842
1619.762187,2048,6006.462233
612.499391,928,6010.290655
105.301263,248,6010.966864
206.515378,392,6012.051777
498.661237,715,6014.04013
730.419275,1049,6018.039774
952.402764,1337,6022.913373
95.717352,240,6023.568338
1477.835722,2048,6030.78881
160.619377,353,6031.763981
1232.635218,1759,6038.003986
264.178454,494,6039.391591
167.087736,355,6040.371353
776.103453,1165,6044.94494
1554.129606,2048,6052.029026
104.372496,249,6052.703245
115.270916,262,6053.406748
1059.250761,1476,6058.730587
817.162759,1140,6062.049764
916.087498,1138,6066.642943
1556.800431,2048,6073.997663
190.980377,378,6075.043839
1684.756902,2048,6082.249419
1261.760787,1565,6087.965082
195.837912,379,6089.003418
1303.711135,2048,6096.315317
1499.033841,2048,6103.512492
121.125699,279,6104.320462
19.523911,69,6104.513048
198.545804,385,6105.59106
106.984955,255,6106.304343
118.855278,279,6108.167068
116.574444,263,6108.934955
20.945802,74,6109.139323
160.077159,347,6110.096652
121.651761,264,6110.832037
1312.602703,2048,6117.6933
105.026194,250,6118.333145
122.677225,271,6119.045963
118.226364,272,6119.794246
146.854775,334,6121.858823
171.41382,357,6123.015231
119.539,272,6123.793981
243.732074,463,6125.110568
185.302048,368,6126.141085
373.932693,631,6129.225863
907.994184,1425,6133.468517
1440.242831,2048,6140.898736
819.084199,1163,6145.800285
180.319022,363,6146.821171
469.042188,726,6148.927288
187.196876,392,6151.435921
1356.77497,2048,6158.954748
232.199224,455,6160.247775
113.795269,260,6161.045421
389.867973,648,6162.919518
252.601022,471,6165.614428
721.13437,1032,6168.693279
449.920723,682,6170.711132
817.436643,1132,6175.570285
684.007174,1029,6178.567999
643.52957,985,6182.833755
641.800762,1014,6185.796717
158.179753,345,6188.0705
1482.432147,2048,6195.526708
1613.140171,2048,6202.743044
802.302205,1151,6206.22395
1539.19028,2048,6213.743035
442.47928,709,6215.766659
1259.262165,1845,6222.427349
1664.322991,2048,6230.058792
235.686502,469,6232.622769
1359.589276,1741,6238.027404
1103.363534,1554,6244.057696
359.045573,588,6245.794567
1587.67877,2048,6253.419923
105.052155,252,6255.554453
881.143485,1158,6259.213514
1527.900279,2048,6266.6654
1654.574201,2048,6274.693614
1388.520534,2048,6282.265429
124.985375,277,6283.027855
125.546634,283,6283.814713
571.631946,803,6287.359809
476.735253,688,6289.416168
1373.679891,2048,6296.864699
1402.441595,2048,6303.978822
1532.941915,2048,6311.307796
19.415803,67,6311.499842
1175.529411,1493,6317.25
1371.479967,2003,6324.207844
108.325594,253,6324.906879
20.641272,73,6325.118015
21.769453,77,6325.346378
801.804883,1226,6330.698529
995.448519,1404,6334.99291
18.762297,65,6335.158565
1370.912916,2048,6342.390423
112.487957,264,6344.293263
117.46566,258,6345.005394
1382.737009,2048,6352.315844
1283.856867,1685,6358.726594
1167.494203,1662,6363.71715
119.688752,269,6364.51457
97.66088,248,6366.391099
110.943331,268,6367.131901
1564.109606,2008,6374.72194
140.398408,299,6375.603875
1301.588737,2048,6383.096418
1309.337702,1741,6389.533326
1286.671966,1569,6394.444746
115.63828,260,6396.420423
17.946954,62,6396.66334
1463.685654,2048,6404.643272
1215.426731,1690,6409.675611
118.409785,278,6411.560964
17.912498,60,6411.729117
1240.395889,1555,6416.452288
1598.572933,2048,6423.75945
1340.703438,2048,6431.023067
1130.43288,1556,6436.664774
116.977762,267,6437.419105
989.986376,1383,6442.872837
131.897189,286,6443.71051
124.049955,272,6444.525293
1454.326124,1902,6451.628509
734.972733,1083,6455.947049
1287.303484,1667,6461.121416
929.520264,1303,6466.193565
121.877118,272,6466.940395
1218.665357,1467,6472.699652
109.636864,259,6473.424112
124.658368,281,6474.237592
116.820981,261,6474.968551
1719.615753,2048,6482.474141
1401.781506,1913,6489.618525
904.069625,1186,6494.551746
18.581276,65,6494.737859
127.488261,295,6495.624235
119.169611,283,6496.565478
854.405155,1188,6501.369069
1367.522146,2048,6508.956939
1000.347857,1386,6513.10381
1339.33172,1725,6519.326673
1652.484031,2048,6526.728959
113.259412,267,6527.48844
1722.465519,2048,6535.299411
1332.15591,2048,6542.715744
111.848534,252,6544.541508
1826.740751,2048,6552.393616
108.114994,250,6553.110707
124.614635,273,6553.894783
21.802553,77,6554.112965
113.412267,269,6554.896848
1269.14976,2048,6562.536074
700.787405,1158,6567.520902
16.999487,58,6567.689197
113.769595,263,6568.450283
110.061814,268,6569.263507
103.991691,249,6569.971716
112.774921,275,6570.771012
227.39144,443,6572.019886
108.989081,250,6572.717282
113.725528,261,6574.567712
1767.655918,2048,6581.899285
113.968788,256,6582.617886
114.484008,272,6583.355985
121.675416,283,6584.142624
20.075983,70,6584.338306
105.705573,254,6585.095526
98.087637,246,6585.765725
1511.189979,2048,6593.149791
105.91384,255,6593.865304
1756.910283,2048,6601.555067
17.886192,64,6601.736023
1581.744522,2048,6609.452578
104.933898,250,6610.165537
237.72283,467,6613.034141
106.939013,266,6613.795859
19.110097,67,6613.967917
1671.91517,2048,6621.493379
658.017405,1014,6624.522411
117.702863,273,6625.341336
100.577765,251,6627.391886
1305.070859,2048,6634.869718
1311.519863,1586,6639.770845
282.02171,474,6642.45125
1288.278917,2048,6649.872477
1851.639199,2048,6657.593727
99.237448,246,6658.303977
1162.35903,1948,6665.448898
631.92718,1079,6668.724413
102.565317,243,6669.39562
234.508281,431,6671.860396
425.313269,718,6673.961606
164.742815,340,6674.946874
398.381636,673,6676.914593
16.203953,55,6677.061111
123.982237,272,6678.804059
1673.34804,2048,6686.136282
16.942825,58,6686.298118
390.552028,680,6688.225754
17.267269,58,6688.373121
118.994685,267,6689.127866
112.103984,264,6689.841605
19.540497,69,6690.027934
126.567146,283,6690.830581
1141.961505,1474,6696.593471
19.204093,69,6696.793453
123.962133,266,6697.548722
112.064808,261,6698.325987
113.502436,276,6700.40333
1770.88435,2048,6708.072498
1352.390842,2048,6715.494042
1472.368951,2048,6722.538869
1666.047533,2048,6729.966205
1574.488215,2048,6737.517327
1782.419549,2048,6745.500324
110.890508,255,6746.232107
110.247485,264,6747.031281
315.550416,580,6748.758794
224.360066,415,6749.995683
121.537453,266,6750.742149
1718.758095,2048,6758.233069
1562.468921,2048,6765.744266
1364.925611,2048,6772.979118
1778.262972,2048,6780.508623
474.962652,710,6783.759771
1195.858964,1515,6788.522231
329.717952,531,6791.306102
1422.225113,1673,6797.799021
109.278728,255,6798.528558
1849.804362,2048,6806.622467
208.880353,396,6807.7535
1545.59795,2048,6815.721342
1709.304454,2048,6823.437251
1788.830676,2048,6831.032766
404.431934,684,6833.042378
1787.165045,2048,6840.534896
1804.650732,2048,6848.016557
433.248068,712,6851.205777
1656.732978,2048,6858.563353
121.756887,272,6859.336852
1691.378267,2048,6866.871777
1340.673806,2048,6874.254052
16.560945,56,6874.4153
119.876192,270,6875.175595
1794.190586,2048,6883.044279
548.979139,866,6885.564838
120.507653,272,6886.343171
1828.956775,2048,6894.068998
1677.419118,2048,6901.788585
1732.979149,2048,6909.507147
116.162497,270,6911.496443
1645.707928,2048,6919.238351
1778.9262,2048,6927.099351
1824.917201,2048,6934.953286
1762.178813,2048,6942.719556
1770.472777,2048,6950.598797
1846.499079,2048,6958.412034
1695.863335,2048,6966.071433
1699.000235,2048,6973.88985
1773.72795,2048,6981.762181
1761.266168,2048,6989.622755
1747.475105,2048,6997.459573
104.975446,240,6998.125839
1779.163448,2048,7006.031986
1539.413165,2048,7013.424327
1721.83892,2048,7021.133583
1831.17394,2048,7028.917271
376.003045,647,7030.766553
154.010619,326,7031.694052
138.405981,292,7032.51913
579.051765,887,7036.239645
1799.462994,2048,7043.827925
1714.899062,2048,7051.388831
1780.175306,2048,7058.97007
1873.543763,2048,7066.861837
1795.130344,2048,7074.698394
112.857151,261,7075.448626
285.818248,479,7076.857088
1830.206231,2048,7084.757529
140.6018,281,7085.561322
1893.873438,2048,7093.324238
129.36947,290,7094.130862
141.037743,287,7094.914024
1813.666531,2048,7102.69516
218.277705,414,7105.137604
1823.229345,2048,7112.873603
256.181132,429,7114.10917
534.509454,873,7116.642329
207.578099,437,7119.009629
1853.617677,2048,7126.860243
262.81554,490,7128.252311
317.277603,572,7129.91635
383.905626,654,7131.766679
1761.234863,2048,7139.627802
272.337941,507,7142.355244
181.747413,362,7143.339823
1810.14978,2048,7150.797452
1791.084704,2048,7158.654391
1820.539528,2048,7166.536313
1295.631029,2048,7173.699042
1652.282135,2048,7181.072783
1849.177237,2048,7188.617846
1729.407419,2048,7196.357522
1338.29219,2048,7203.520471
1760.818151,2048,7210.966012
1621.537336,2048,7218.239136
102.10552,235,7218.890743
1699.92596,2048,7226.346247
1808.354735,2048,7234.032646
1771.782408,2048,7241.950994
94.913882,221,7242.562783
1796.626557,2048,7250.50716
1819.60308,2048,7258.492465
116.539485,263,7259.204699
125.814217,281,7259.953954
1292.294863,2048,7267.190926
548.227341,899,7271.248129
1813.174803,2048,7279.322462
1626.112493,2048,7287.113945
1756.359116,2048,7294.87539
1702.080313,2048,7302.888945
100.393758,243,7303.575875
114.918431,266,7304.359766
101.111304,246,7305.032837
400.886539,701,7307.040129
1689.057914,2048,7314.456784
1868.819222,2048,7322.476916
1841.196087,2048,7330.248525
1815.830742,2048,7338.175059
1862.838562,2048,7345.945301
114.071687,265,7347.94252
311.667504,547,7349.550336
1853.369841,2048,7357.297465
108.751704,261,7358.036417
98.599658,254,7358.744678
111.731536,266,7359.472481
1743.683482,2048,7367.255371
1439.876104,2048,7374.536546
535.241568,870,7378.260985
1716.592469,2048,7385.86364
1714.29409,2048,7393.499431
1605.461378,2048,7400.927263
17.739496,61,7401.10155
747.463808,1010,7404.113641
120.326471,273,7404.906554
122.444252,282,7405.770071
948.119005,1371,7411.33881
354.670795,531,7412.865978
429.366957,647,7416.093187
593.043196,911,7418.856762
1835.62194,2048,7427.291259
1833.056567,2048,7435.110843
1775.101843,2048,7443.155464
518.865126,790,7446.517495
1825.378944,2048,7454.129907
116.767349,261,7454.910598
129.191048,294,7455.764136
17.069053,59,7455.933445
1258.496119,2048,7463.541838
751.235931,1177,7467.064101
1279.064368,2048,7474.653745
128.292603,275,7476.788857
259.559196,495,7478.222798
342.540411,552,7479.855809
125.41555,269,7480.626382
1804.637997,2048,7488.690299
1821.834425,2048,7496.428152
129.474497,278,7497.193743
196.419102,384,7498.240129
116.419349,272,7500.215949
124.070338,264,7501.007221
133.551981,284,7501.820132
1810.48651,2048,7509.454513
1791.134109,2048,7517.265029
121.05557,265,7517.976759
747.598796,994,7520.901615
1857.024641,2048,7528.9063
1436.116583,2048,7535.962671
410.227568,723,7539.245395
110.89531,266,7540.016475
1796.608331,2048,7548.006651
1687.632306,2048,7555.533054
329.080279,598,7557.246751
1515.674559,2048,7564.797624
1134.568945,1751,7571.227311
238.197083,461,7572.515748
1270.602237,2048,7579.827486
926.311385,1272,7584.645072
1530.309217,2048,7591.948952
1497.544088,2048,7599.115744
1492.578989,1853,7606.338239
1346.21548,2048,7613.633417
1616.28653,2048,7621.238704
1355.484388,2048,7628.42576
1802.897722,2048,7636.113257
128.823688,290,7636.928838
1774.807003,2048,7644.836151
1602.724398,2048,7652.474625
244.586545,437,7653.695087
1806.239365,2048,7661.614267
1795.172981,2048,7669.33107
1867.550871,2048,7677.075381
1826.712396,2048,7684.828466
1821.195595,2048,7692.555069
117.695237,270,7693.310167
131.171815,285,7694.102416
1790.093308,2048,7701.910429
183.207845,364,7704.14076
1820.529227,2048,7711.755816
1735.889035,2048,7719.388562
1798.998157,2048,7727.252053
1793.496735,2048,7735.015673
124.398775,277,7735.803434
237.782732,429,7737.002025
248.01306,467,7738.266743
129.115207,293,7739.108358
260.911933,491,7741.771209
1779.194357,2048,7749.353816
1865.274485,2048,7757.509053
232.022461,451,7758.804163
1856.283084,2048,7766.83467
1721.918755,2048,7774.604656
288.484655,546,7776.20248
209.807566,433,7777.442534
334.832555,607,7780.504774
1765.302956,2048,7788.727031
1398.311896,2048,7796.494927
1805.242993,2048,7804.439069
1753.012729,2048,7812.253101
1128.189065,1381,7816.617659
1820.508959,2048,7824.188941
1852.347157,2048,7831.875712
1308.148012,2048,7839.071847
1473.332101,2048,7846.675321
1731.026857,2048,7854.018408
117.538168,279,7854.829162
1314.786449,2048,7862.152603
1794.047361,2048,7869.776206
1298.465502,2048,7876.705574
1302.994724,2048,7884.029668
1783.043039,2048,7891.768555
1715.570304,2048,7899.502736
1833.648481,2048,7907.279227
1777.526367,2048,7915.292537
341.01858,568,7918.258178
1827.166732,2048,7926.273767
137.205669,299,7927.123638
1865.234954,2048,7935.138225
1582.095688,2048,7942.561287
1863.919869,2048,7950.330538
1786.75309,2048,7957.989126
1852.344907,2048,7965.915633
141.957972,305,7966.762112
1863.994333,2048,7974.674778
1861.243189,2048,7982.594425
98.411887,247,7983.263386
97.469769,240,7983.92461
109.306241,266,7984.652539
1781.911424,2048,7992.477157
1848.422341,2048,8000.303092
1290.487945,2048,8007.75444
1672.472116,2048,8015.300977
1239.874873,2048,8022.61027
1838.274902,2048,8030.589409
1521.148818,2048,8038.460207
752.783209,1046,8043.06431
1272.626744,2048,8050.570333
1268.438996,2048,8058.248698
1251.042143,2048,8065.540852
112.333631,277,8066.315557
115.279328,265,8067.042858
94.587461,250,8067.848957
101.037754,255,8068.56374
1301.868081,2048,8076.056772
700.637118,903,8080.129595
1772.187249,2048,8087.874289
1519.516587,1864,8095.189174
126.011192,271,8095.961289
1761.526147,2048,8103.875859
111.811403,262,8104.597935
187.42157,399,8105.706514
134.175174,294,8106.514902
177.597137,370,8108.73102
1276.093668,2048,8115.922703
1781.469198,2048,8123.456524
1117.70571,1764,8128.678627
188.78417,383,8130.900684
1726.470713,2048,8138.629045
95.40665,234,8139.264883
1821.384869,2048,8147.154799
91.763356,240,8147.824965
107.403192,248,8148.503303
88.449581,230,8149.134457
18.517637,65,8149.315573
18.711892,66,8149.501657
1817.593518,2048,8157.44969
1804.830404,2048,8165.013892
107.093505,257,8165.736111
96.756735,258,8166.498464
167.996818,356,8168.696935
97.694939,244,8169.369072
542.851122,878,8171.935272
102.488778,250,8172.656548
1817.361745,2048,8180.463048
1735.342673,2048,8188.367879
94.568652,242,8189.057487
676.879152,1129,8193.829749
1845.188693,2048,8201.472851
164.349537,346,8202.468308
1777.234245,2048,8210.578687
84.114661,232,8211.256064
1719.347973,2048,8219.041472
95.479341,245,8219.726081
93.829627,239,8220.397149
1719.225346,2048,8227.871753
1336.313515,2048,8235.326037
89.409385,233,8237.113044
101.378835,266,8237.90764
91.746351,239,8238.595932
1700.142525,2048,8246.341101
79.136549,241,8247.040845
90.004416,245,8247.896168
92.680173,250,8248.755809
1780.268326,2048,8256.726919
146.055244,353,8257.729161
1248.845941,2048,8265.442916
1260.219974,2048,8273.03694
198.403396,426,8274.501291
102.049337,279,8276.528405
1281.562899,2048,8283.956964
17.600515,60,8284.131679
146.171133,318,8285.04672
1288.746772,2048,8292.494497
124.674719,305,8293.340086
134.119301,313,8294.21455
1347.785842,2048,8301.417482
1306.640639,2048,8308.96402
1293.958542,2048,8316.435518
1286.667134,2048,8323.712076
1312.030556,2048,8330.967753
1700.057448,2048,8339.050657
1674.554424,2048,8346.626959
322.574975,597,8348.276443
1718.911676,2048,8356.120778
352.351133,640,8359.224331
1682.086064,2048,8366.846541
400.884178,729,8368.922873
1696.457525,2048,8376.520737
1647.322155,2048,8384.202337
425.633989,785,8386.409856
456.510632,723,8389.734881
1352.851689,2048,8397.127774
180.574675,377,8398.206845
1401.004119,2048,8405.540545
1746.735553,2048,8413.409679
103.105789,263,8414.167065
1789.645895,2048,8422.006565
1722.723058,2048,8429.793083
183.848477,399,8430.911979
1832.827177,2048,8438.911507
1817.637626,2048,8446.995414
1844.513673,2048,8454.65757
1295.81056,2048,8462.211084
1784.375957,2048,8469.936691
1297.763396,2048,8477.491381
1277.939548,2048,8485.016888
238.068657,460,8487.765379
99.777499,258,8488.611154
1732.642724,2048,8496.522384
1319.871774,2048,8504.006204
142.2621,320,8504.945709
1379.734804,2048,8512.362119
274.044223,549,8513.944833
88.78562,240,8514.691185
96.789545,254,8515.440135
1348.152812,2048,8523.336825
134.579504,312,8524.248488
94.201969,263,8526.215556
1602.479592,2048,8533.738342
1558.378394,2048,8541.444984
176.009231,372,8542.490929
1795.308394,2048,8550.21261
99.195157,253,8550.948674
89.771458,235,8551.642592
1718.281128,2048,8559.344087
1722.929424,2048,8566.942942
137.491376,312,8567.842119
94.615003,243,8568.472029
241.547058,457,8570.949397
128.930039,303,8571.817107
261.152493,456,8573.125162
1431.878066,2048,8580.540543
349.94094,580,8582.248881
88.680892,241,8582.941322
281.959093,534,8585.907992
99.361579,254,8586.619254
107.834406,252,8587.321573
82.515901,223,8587.951813
91.025271,234,8588.642825
103.83888,261,8589.412216
103.381347,265,8590.148266
97.071611,243,8590.831749
86.964617,242,8592.645966
1570.130176,2048,8599.830295
1827.675212,2048,8607.533814
1850.211611,2048,8615.432086
240.563925,455,8616.759422
279.820782,498,8618.189589
129.906919,277,8618.971442
126.027412,299,8619.856701
221.610938,450,8621.136795
1798.56289,2048,8628.988476
107.335838,252,8630.856905
248.224961,472,8632.230158
143.845042,337,8633.222397
583.476242,800,8635.721181
118.772492,290,8637.72688
146.936494,330,8638.642608
467.092591,740,8640.772804
102.467258,247,8641.477312
172.073893,357,8642.490696
1854.548135,2048,8650.296084
89.358368,251,8651.023813
196.778551,429,8653.598838
1685.894191,2048,8661.707751
1615.38347,2048,8669.513137
1766.077817,2048,8677.396752
360.27726,598,8679.233959
1774.678157,2048,8687.237161
1718.370006,2048,8695.144837
1781.759626,2048,8702.52465
355.381181,616,8704.249128
73.934373,197,8704.798614
169.341713,346,8706.746106
1804.482007,2048,8714.272963
101.165687,263,8715.025023
1651.192582,2048,8722.537649
1753.225447,2048,8730.332277
1573.373331,2048,8737.752943
1784.891322,2048,8745.497963
1254.326923,1736,8752.062604
166.255395,349,8753.090794
144.252176,322,8754.00098
1815.471865,2048,8761.604517
1638.653367,2048,8769.426905
98.082738,252,8770.269733
1767.160634,2048,8778.763995
102.569403,269,8779.606632
92.276495,244,8780.305133
138.009851,325,8781.267511
95.166934,249,8783.339669
103.176607,248,8784.114293
86.286725,233,8784.82863
107.599524,250,8785.538782
213.564931,443,8786.820604
1196.192939,1463,8792.513734
17.06584,59,8792.667208
110.506757,252,8793.39827
272.095094,564,8794.988575
45.969228,163,8795.449142
17.794359,62,8795.623616
72.931324,219,8796.260517
85.883207,224,8798.006841
137.0222,317,8798.894725
563.968312,924,8801.668821
95.833237,250,8802.395874
104.244626,249,8803.053069
93.381073,244,8804.900757
262.261684,539,8806.440912
98.446655,262,8807.222705
217.050516,443,8808.453396
18.750295,66,8808.632841
175.784013,350,8809.594963
435.737779,653,8812.515732
122.763103,299,8813.338989
164.403213,373,8814.390676
264.634727,469,8815.729084
282.015067,569,8817.357899
99.683357,262,8819.415162
1606.875002,2048,8827.072796
1427.345208,2048,8834.530643
1804.910784,2048,8842.194624
308.372731,547,8843.738189
92.829326,244,8844.454142
224.867915,399,8845.645702
1755.764693,2048,8853.533811
1466.749937,2048,8861.308676
318.523107,596,8863.100959
1659.959233,2048,8871.105116
278.923274,549,8873.812267
1430.656486,2048,8881.231452
1771.32874,2048,8888.84859
1805.62959,2048,8896.945325
97.344293,260,8897.75704
1741.02657,2048,8905.633643
1687.27846,2048,8913.299034
190.005179,392,8914.419028
283.135831,548,8915.898737
1791.556851,2048,8923.71783
226.301272,443,8926.151623
1312.749056,2048,8933.274545
1797.100401,2048,8940.931767
1799.469083,2048,8948.647671
1757.504267,2048,8956.574399
1301.840141,2048,8964.0543
149.72123,327,8965.016501
1674.226735,2048,8972.628285
1600.583903,2048,8980.240191
1796.987196,2048,8988.035419
1717.523224,2048,8996.038952
1842.702167,2048,9004.010616
554.20622,873,9006.592617
1858.227785,2048,9014.57958
351.486217,600,9016.304659
279.690492,495,9018.860946
206.733997,400,9019.995399
1806.738313,2048,9027.743348
1805.366944,2048,9035.592316
343.879958,581,9037.201538
1833.447005,2048,9045.264979
1853.107804,2048,9053.239398
1696.069456,2048,9060.892912
1814.738015,2048,9068.248835
1684.581384,2048,9075.888613
321.474,588,9077.567832
320.377943,599,9080.2636
265.889948,528,9081.712871
1857.68667,2048,9089.488904
1820.177469,2048,9097.274282
1717.730847,2048,9105.10284
1862.53458,2048,9113.090183
1812.33659,2048,9120.97761
227.965022,446,9122.230242
330.343459,645,9125.216264
1864.520563,2048,9133.061621
1816.34392,2048,9141.20986
1852.366453,2048,9148.864436
1786.072489,2048,9156.519479
1827.024959,2048,9164.100598
1813.245156,2048,9171.74697
1855.605437,2048,9179.272959
1854.933035,2048,9186.69116
1823.261614,2048,9194.3171
373.399575,583,9196.06479
285.66358,503,9197.522974
93.015483,237,9198.189842
1858.713146,2048,9205.755394
1840.916725,2048,9213.596276
230.501806,424,9214.844319
1798.138019,2048,9222.672501
1833.113645,2048,9230.414235
256.494895,427,9232.759585
1860.219937,2048,9240.50663
125.680554,279,9241.291152
1629.94831,2048,9248.534449
162.645223,339,9249.475338
97.828264,235,9250.130547
181.179402,371,9251.231538
1832.37317,2048,9258.964498
1775.38761,2048,9266.622424
1860.086322,2048,9274.546921
95.493884,241,9275.229277
1833.521093,2048,9282.621461
167.362069,327,9283.464021
1760.031006,2048,9291.034188
1837.657395,2048,9298.477367
232.091131,421,9300.693144
96.556993,252,9301.37605
492.869682,698,9303.394414
220.467144,440,9304.657644
1839.547483,2048,9312.34293
164.634707,352,9314.431753
266.820582,518,9315.945024
1796.830374,2048,9323.636663
424.22311,740,9325.807451
161.098052,340,9326.764617
1867.056333,2048,9334.571873
291.067848,540,9337.289467
110.062457,252,9338.001019
1837.326209,2048,9345.800677
242.224842,470,9347.164887
184.041688,418,9348.351453
224.964507,452,9349.638816
110.95489,264,9350.372477
1814.315383,2048,9358.066231
1709.421655,2048,9365.509033
1789.022276,2048,9372.999481
261.871809,480,9375.570606
1834.704404,2048,9383.430704
1784.863732,2048,9391.236269
1762.666658,2048,9398.591718
1743.6208,2048,9406.129637
1359.528414,2048,9413.340008
1727.535081,2048,9421.054741
1815.298731,2048,9428.839874
1855.731795,2048,9436.895559
157.509316,308,9437.821802
1376.76171,2048,9445.39181
1473.747846,2048,9453.018095
199.579926,387,9454.078752
1489.714123,2048,9461.456241
900.171899,1303,9466.747141
1807.726268,2048,9474.333078
1844.462153,2048,9482.147193
391.424693,595,9483.869079
1303.410601,2048,9491.315071
191.523505,387,9492.449696
229.458095,413,9493.673436
1866.599816,2048,9501.919551
1820.071001,2048,9509.8958
1797.105455,2048,9518.126199
164.424107,344,9520.356796
176.435221,354,9521.371947
166.931375,343,9522.373898
1757.351622,2048,9530.259624
1881.569113,2048,9538.36921
126.141353,274,9539.135245
164.725336,338,9540.0999
185.65692,376,9541.159519
273.700925,468,9543.764454
1322.215002,2048,9551.211608
1827.587006,2048,9558.8077
1811.943266,2048,9566.629869
317.766738,541,9568.214591
1812.764263,2048,9576.02503
1828.256713,2048,9583.950806
1736.17215,2048,9591.535794
1777.833763,2048,9599.106036
280.48732,489,9600.433916
116.26029,268,9601.163038
1839.993106,2048,9609.273434
127.862053,284,9610.068038
1768.07448,2048,9618.296829
1759.61001,2048,9626.536697
116.78473,268,9627.301754
203.045374,394,9629.674839
162.809204,345,9630.69965
1688.333228,2048,9638.45569
239.726869,399,9639.669866
1838.442046,2048,9647.86863
1811.17012,2048,9656.026068
181.483683,379,9657.073496
176.977921,357,9658.117104
1783.03995,2048,9665.952108
133.045521,299,9667.901793
1789.265225,2048,9675.573334
1764.044653,2048,9683.440245
110.731876,261,9684.173209
1801.965162,2048,9692.092245
1843.498217,2048,9699.740517
83.433383,230,9700.371245
1819.625685,2048,9708.234732
1809.850955,2048,9715.99884
1827.610325,2048,9723.560734
261.805804,449,9724.79048
1813.850705,2048,9732.54219
238.420608,469,9733.858263
1820.199269,2048,9741.806843
216.54741,387,9742.924496
1831.611284,2048,9750.892089
1817.136722,2048,9758.830327
336.353385,597,9761.815571
984.389891,1242,9765.799454
350.534417,578,9768.908041
89.352343,242,9769.60808
198.8953,385,9770.701748
182.910782,370,9771.746236
1732.385974,2048,9779.659316
1813.580038,2048,9787.457227
1813.536035,2048,9795.455626
94.003184,234,9796.114372
291.735895,563,9797.720019
1800.680522,2048,9805.615009
266.122678,487,9808.088933
245.766789,468,9809.363238
213.46614,395,9810.466345
186.413585,351,9811.447875
252.847725,447,9813.768223
311.94072,569,9815.416824
1811.470726,2048,9823.245411
244.038515,466,9824.546131
1751.816667,2048,9832.303989
299.462382,505,9833.802895
292.905352,516,9836.617398
1438.912712,1727,9842.037189
18.61836,65,9842.216735
1828.388245,2048,9850.095879
1791.732075,2048,9858.151402
1815.043732,2048,9866.633716
253.911102,464,9869.252444
1817.759157,2048,9877.218442
172.919039,356,9878.246892
296.170687,497,9879.839837
1781.192026,2048,9888.018584
1855.467569,2048,9896.010138
208.786446,444,9897.30193
1845.912506,2048,9905.36805
290.201525,501,9906.792968
1777.526191,2048,9914.800807
1854.890099,2048,9922.625768
114.116325,267,9924.411106
1858.713144,2048,9932.455045
1856.996311,2048,9940.376321
1745.536504,2048,9948.067705
190.292582,382,9949.142502
1822.319698,2048,9956.931088
192.220685,356,9957.964664
1794.557044,2048,9965.768953
1852.128862,2048,9973.635292
521.558235,822,9976.102743
1852.124465,2048,9983.917327
120.458331,278,9986.134185
208.137852,405,9987.348584
338.20222,574,9989.08964
1824.766678,2048,9997.289454
99.548626,251,9998.008576
103.176436,251,9998.704311
115.625706,279,9999.474339
132.776385,311,10001.45896
242.213148,478,10002.83732
1865.145378,2048,10011.060526
19.626048,72,10011.269023
1753.325854,2048,10019.644106
118.470859,269,10020.405508
1853.189518,2048,10028.256963
172.08057,356,10029.268471
204.179427,430,10030.467069
1828.704163,2048,10038.462256
1836.765047,2048,10046.591794
846.458105,1363,10051.804296
1423.549185,2048,10059.241713
1824.04171,2048,10067.007453
198.229793,424,10068.16375
85.003955,222,10068.855951
294.429034,557,10071.597567
90.70872,233,10072.26045
92.658716,253,10073.011765
202.920923,388,10074.115595
152.094628,330,10075.050497
159.272033,340,10075.973482
97.814722,249,10076.664759
298.822877,533,10079.243653
1868.71177,2048,10087.328249
323.90356,553,10088.948556
1831.3973,2048,10096.827915
1822.263197,2048,10104.656949
127.058859,281,10105.468999
1824.872567,2048,10113.797256
222.273648,448,10115.290895
823.345886,1339,10120.692059
1704.550257,2048,10128.306896
101.116845,248,10128.952529
94.973803,240,10129.598569
1827.066426,2048,10137.451025
239.529644,467,10138.746526
1772.621754,2048,10146.605846
1852.466257,2048,10154.645077
330.651771,565,10157.528928
150.870655,330,10158.435324
1869.604435,2048,10166.489913
1876.317784,2048,10174.393037
142.620061,325,10175.2944
1813.558265,2048,10182.767432
97.708157,257,10183.508862
1545.972311,2048,10191.256169
1797.974663,2048,10199.259702
1786.212433,2048,10207.152176
1765.532504,2048,10215.254121
229.028134,418,10216.455889
259.360918,491,10219.335387
183.325803,374,10220.464809
1796.290955,2048,10228.741609
100.278244,245,10229.435999
272.891426,549,10230.965681
254.884765,473,10232.313502
983.844588,1521,10237.788601
529.407706,892,10241.592329
1779.29491,2048,10249.53722
96.294428,243,10250.225862
1785.412818,2048,10258.241425
1799.353926,2048,10266.23499
137.690082,336,10267.213024
1788.216986,2048,10275.037166
1451.454614,1809,10281.936746
1807.948336,2048,10290.122529
109.496606,265,10290.914008
1859.662543,2048,10299.367987
1796.565916,2048,10307.478882
1782.488165,2048,10315.557821
1859.630803,2048,10323.514777
218.164116,413,10324.708431
656.460021,1037,10328.991366
1281.909148,2048,10336.399887
1223.298279,1554,10340.968776
1559.2655,1819,10347.949595
189.083684,384,10349.048119
1634.408493,1938,10356.794767
201.860008,394,10359.374871
1769.316978,2048,10367.189112
263.598921,487,10368.567662
1819.347638,2048,10376.735833
118.745049,276,10377.534141
162.84774,352,10378.565542
151.387479,363,10379.627537
228.284233,462,10382.41169
160.068089,346,10383.476483
401.487891,694,10385.548
1833.961814,2048,10393.855009
325.115846,558,10395.522168
210.116226,428,10397.932464
124.600373,297,10398.788919
1029.501486,1614,10403.662
1826.568472,2048,10411.434414
521.409837,893,10415.223389
1270.247228,2048,10422.689408
153.754696,338,10423.649062
151.208433,321,10424.551916
264.974452,475,10425.921699
306.293071,521,10428.65455
1280.465373,2048,10435.96869
166.885718,348,10437.000782
1810.169125,2048,10444.851196
1804.631584,2048,10452.594154
1836.062841,2048,10460.562842
115.83831,276,10461.368982
162.971836,342,10462.394691
17.679084,62,10462.560854
131.686325,298,10463.436058
262.814697,464,10466.120825
317.062741,596,10467.818181
1798.813657,2048,10475.817154
520.664496,854,10478.394092
133.352785,294,10479.211452
1800.43005,2048,10486.953487
240.773301,439,10489.436912
240.979938,469,10490.806707
447.746085,719,10493.005152
241.650852,469,10494.395186
407.799799,678,10497.712047
158.533048,346,10498.746436
206.941785,426,10499.968858
1859.834716,2048,10507.759154
1741.456708,2048,10515.431558
385.849337,632,10517.266741
1727.986886,2048,10525.019398
1707.547614,2048,10532.632314
429.131012,754,10535.91263
515.37871,809,10538.332743
1823.421702,2048,10546.425675
397.144748,656,10549.435814
1812.425334,2048,10557.264536
280.768241,506,10558.656738
1836.491641,2048,10566.602349
1801.18714,2048,10574.411827
201.833511,428,10575.639819
155.706556,339,10576.650358
286.015817,550,10578.207511
1760.352646,2048,10586.046091
535.295776,829,10589.764774
1756.674739,2048,10597.389454
397.089241,686,10599.294635
1817.49701,2048,10606.710428
108.136942,283,10607.494342
114.596445,266,10608.233344
202.921918,433,10610.55712
476.1664,873,10612.990289
99.38836,260,10613.794996
139.064363,327,10614.729205
1830.239153,2048,10622.243781
333.703024,646,10625.195813
110.283881,269,10625.967156
1596.707626,2048,10633.673351
501.593559,855,10636.130109
1646.818202,2048,10643.631623
1784.053096,2048,10651.111297
145.905215,333,10652.068685
476.907421,812,10655.62185
1525.244302,2048,10663.104098
1704.985885,2048,10670.864449
1833.397726,2048,10678.705369
1841.722752,2048,10686.510268
121.700673,291,10687.344096
1308.030146,2048,10694.554129
1834.262109,2048,10702.377566
1815.255142,2048,10710.0241
1786.626757,2048,10717.753456
1775.284047,2048,10725.408284
125.687051,274,10726.192858
825.820205,1379,10731.635409
128.138388,271,10732.419766
1040.19413,1638,10738.541987
1100.856069,1806,10745.263814
1861.344699,2048,10752.975443
1829.395819,2048,10760.606495
1241.785143,2048,10767.932931
1246.31454,2048,10775.417828
1246.481484,2048,10783.060585
1321.689203,2048,10790.426803
