#{"t_start": 1567632700.8479245, "env_id": null}
r,l,t
62.249995,64,1.024212
38.616403,40,1.126564
73.621791,79,1.336271
62.500011,68,1.507756
44.011636,47,1.615857
50.107449,53,1.76164
40.138407,43,1.866672
43.490959,46,1.97889
71.160126,76,2.179864
34.806529,38,2.268792
56.333581,61,2.420335
37.959648,41,2.50828
50.332996,53,2.632906
58.744281,61,2.778234
49.190084,51,2.902463
51.454248,54,3.028273
32.141528,36,3.118069
72.243604,77,3.305074
51.61588,57,3.444209
61.248845,68,3.622341
42.546554,48,3.743567
38.122717,42,3.836758
90.027348,94,4.084819
41.035934,44,4.185469
65.722875,73,4.375698
55.752105,62,4.523007
55.840549,62,4.671263
33.386223,37,4.76865
43.282358,47,4.913772
47.256573,50,5.067078
48.035784,54,5.225813
100.164183,110,5.55184
35.098156,38,5.647389
46.108512,48,5.765586
103.993281,109,6.059075
89.374547,93,7.039947
43.901951,49,7.160307
83.684023,94,7.404436
46.181656,52,7.534446
44.909159,50,7.655747
49.506817,55,7.788989
100.027221,111,8.091077
40.874735,46,8.20599
52.806864,59,8.380269
42.135225,47,8.488976
58.803916,65,8.656587
61.930235,66,8.823391
65.456318,69,9.008317
53.04374,57,9.154402
102.253338,106,9.44616
57.304838,60,9.600185
55.566719,59,9.752436
44.866916,48,9.875288
58.866574,61,10.04161
46.103282,48,10.157768
79.49318,82,10.380565
71.119706,74,10.567482
43.880689,46,10.685935
56.955357,59,10.830004
47.549023,50,10.948546
44.503296,47,11.059587
52.536072,56,11.199018
61.04554,66,11.376431
67.355867,74,11.562721
91.147932,99,11.870538
92.06588,100,12.17573
53.452042,58,12.88078
84.056849,93,13.144099
108.657838,112,13.45446
61.993728,64,13.60794
51.097349,53,13.741446
76.277208,78,13.949963
59.046708,61,14.093651
43.150641,45,14.195894
53.086106,55,14.329618
60.201848,65,14.509018
106.487402,111,14.811326
88.457455,95,15.054416
43.903502,48,15.176023
54.164271,60,15.336985
78.717977,86,15.555985
47.854856,51,15.675816
71.672327,74,15.87567
109.233046,113,16.174729
57.263619,60,16.334745
97.216527,102,16.614653
68.643425,73,16.820722
58.812663,64,16.983981
58.11335,64,17.154105
28.588226,32,17.237166
40.987919,45,17.341867
64.320867,71,17.52592
116.131227,126,17.868844
55.739633,61,18.023652
67.072524,72,18.853714
72.531778,76,19.076135
84.634904,90,19.31003
150.844838,158,19.730532
73.926718,76,19.927942
39.74634,44,20.030087
116.372957,127,20.364199
58.657668,64,20.522462
71.647954,76,20.716143
58.355409,64,20.871873
63.24654,67,21.041457
67.950409,71,21.22408
97.389372,102,21.509108
87.650396,92,21.754635
145.271019,157,22.180148
56.833776,63,22.330932
95.474217,101,22.605219
114.929281,122,22.942714
140.581614,148,23.338085
69.926351,76,23.54795
85.308184,91,23.795529
73.153959,78,23.999648
134.475094,143,24.916893
52.964894,57,25.075812
80.367707,86,25.339042
96.374316,104,25.663181
118.629016,127,25.995498
233.869492,245,26.670926
70.973974,79,26.86852
47.924286,54,27.005172
51.199974,58,27.145968
74.760196,84,27.36682
117.421614,128,27.70976
106.863042,118,28.03183
74.718069,83,28.253502
65.127556,72,28.443564
72.863041,81,28.653231
79.30654,85,28.875062
75.437576,79,29.067584
86.269081,92,29.313136
107.009186,117,29.624917
104.286948,115,29.928295
73.90481,79,30.140387
93.917539,102,30.963028
54.842134,59,31.120222
150.507373,159,31.55846
97.219638,102,31.865862
149.792498,156,32.378624
135.295261,144,32.762263
107.938812,116,33.065417
100.210689,108,33.333264
139.310366,156,33.752624
161.06301,172,34.212582
60.921898,67,34.404156
60.760578,67,34.575708
65.321654,72,34.762281
188.010665,200,35.315351
122.485936,131,35.660867
66.19398,72,35.840048
62.001946,67,36.024926
176.444317,186,37.082128
98.617512,111,37.409454
138.697536,153,37.808627
140.610543,149,38.2345
74.922083,84,38.479141
133.961776,149,38.96909
67.774658,76,39.174083
281.774561,313,40.047109
116.61739,127,40.399607
89.462784,100,40.65113
125.827919,140,41.029852
123.2949,137,41.393489
100.907787,112,41.693565
245.403278,267,42.423744
97.803016,103,43.242745
212.878465,222,43.882702
207.923534,219,44.49395
94.588459,98,44.764241
87.245378,94,45.019805
187.894178,202,45.675651
93.533793,102,45.974699
101.20182,113,46.284037
142.835047,159,46.725546
169.537599,185,47.236194
88.145307,98,47.497519
157.718382,172,47.956598
90.399468,98,48.21272
204.906652,224,48.832899
123.938409,138,49.768691
167.510447,188,50.279744
138.318295,151,50.686491
192.306273,196,51.227499
242.531538,264,51.999822
189.54549,206,52.64605
167.038975,181,53.124898
137.171804,153,53.538427
128.42922,142,53.922066
89.144208,101,54.196161
129.268563,145,54.568593
279.335126,289,55.92065
183.678813,192,56.43543
115.532731,121,56.764492
163.394398,175,57.239404
285.280192,308,58.104658
113.091175,126,58.430913
271.512853,292,59.341171
168.117245,189,59.862953
286.150159,300,60.695887
211.773419,228,61.330159
324.171186,336,62.851218
205.865266,225,63.481023
199.363109,211,64.075125
278.49338,303,64.915557
226.365534,238,65.688424
184.829843,201,66.230596
223.267423,235,66.915406
290.897818,315,67.779862
697.940566,715,70.433298
202.369238,219,71.046193
157.604561,172,71.536806
418.547815,452,72.905611
456.571618,489,74.278124
598.196997,654,76.756866
574.516889,602,78.417977
370.191852,385,79.604713
445.74381,470,81.455148
562.313581,604,83.253555
335.551461,356,84.242583
1098.628366,1181,88.30001
751.950793,816,90.609088
730.650413,790,93.017665
631.682967,660,95.493931
605.357991,657,97.422304
670.590737,713,99.571586
338.24726,366,101.131569
688.291627,727,103.26678
608.074352,664,105.13152
731.407578,782,108.104264
869.461584,917,110.779415
711.898921,783,113.124575
596.513942,630,115.527282
750.354892,799,117.784674
631.373173,680,119.826563
474.949427,511,121.798389
383.777795,405,122.963308
712.204143,748,125.194582
1076.947277,1160,129.143616
581.99171,619,130.852568
511.676075,540,132.35603
1040.35206,1094,136.207583
1567.672944,1646,141.691316
728.244198,783,143.924676
607.059024,653,145.82604
867.690669,910,149.215836
832.441863,875,151.755825
1012.446339,1082,155.626489
722.824331,760,157.863085
1033.321848,1101,161.740628
923.736961,991,164.562769
614.241178,654,167.057388
448.73648,491,168.644993
798.717994,867,171.142546
792.604933,871,174.22857
341.598669,395,175.415636
608.84911,644,177.345684
845.440401,892,180.488575
588.627704,618,182.396397
584.973194,641,184.273403
1576.555078,1693,189.884525
1206.950963,1307,194.23874
846.024217,900,196.9729
805.92352,873,199.981809
1093.736761,1181,203.610484
1028.937412,1093,207.371383
966.166043,1010,210.439118
693.427233,739,212.606782
705.648704,748,215.503976
594.686359,625,217.381071
776.330679,806,220.294735
583.191817,633,222.271144
492.33877,534,223.888594
559.031792,607,225.71242
519.552441,564,227.939198
675.451862,708,230.180414
775.482412,831,232.658434
652.344049,684,235.342048
737.704317,770,237.707778
614.389773,684,239.724584
541.584395,577,242.068489
954.109493,981,245.098384
979.484515,1026,248.69539
593.932042,652,250.75966
718.961829,773,253.022435
625.129231,670,255.596239
734.615404,762,257.991498
596.44221,641,259.872877
559.254953,598,262.223531
626.188121,646,264.236218
621.314305,651,266.191537
1081.928733,1151,270.251806
1155.962018,1227,274.361629
833.336058,892,277.106782
984.144586,1050,280.16281
553.955879,579,282.428333
863.340061,920,285.247711
686.052005,735,288.010223
404.38701,420,289.261396
643.283636,681,291.397254
596.339491,622,293.255115
702.393188,737,296.011276
748.519828,802,298.4334
558.239824,598,300.248752
639.096188,664,302.771576
512.349962,570,304.547736
494.933291,549,306.174873
830.2653,918,309.476292
591.323115,629,311.450917
702.221941,729,313.604363
573.27931,609,315.9671
353.52391,365,317.034598
502.366007,522,318.687966
376.913029,405,319.820952
515.976747,542,321.958117
558.665587,601,323.738567
424.419104,437,325.139523
721.654591,782,328.02455
434.516463,452,329.398735
398.897047,409,330.639475
373.112903,386,331.84268
606.237125,642,333.788754
460.843777,481,335.767912
935.615372,988,338.816985
1119.815787,1199,343.015503
670.332357,734,345.148822
686.896869,723,347.347314
584.694658,628,349.774142
443.026853,477,351.179598
374.593838,422,352.52427
1134.951478,1214,356.762599
628.183326,678,358.824765
570.720598,601,360.693969
339.140276,351,362.301496
582.69904,632,364.198596
999.311762,1057,367.376104
656.572138,708,370.096137
676.870819,698,372.160527
597.291436,623,374.095458
662.790536,691,376.738976
736.131504,777,379.138686
1629.704516,1697,384.815232
468.384937,496,386.39471
406.203613,425,387.630175
440.734537,461,389.550906
496.129217,510,391.032187
433.505113,457,392.45668
390.660569,422,393.781001
372.185137,393,394.972311
489.504171,524,397.178988
384.460069,437,398.476063
386.003357,437,399.869157
528.735965,579,401.617899
548.530749,581,403.881542
314.403084,324,404.841702
328.463516,342,405.866649
529.724492,551,407.617109
400.231865,435,409.460073
361.815044,373,410.588241
447.471776,469,412.011907
546.707046,577,413.840295
599.686941,630,416.235866
420.344475,455,417.587426
568.232198,605,419.412486
554.921635,585,421.242246
522.563852,567,423.459377
424.35822,446,424.817162
655.017675,682,426.955304
326.06418,341,427.940585
476.659706,519,430.043342
551.97448,580,431.78588
610.368227,663,433.834146
529.97353,559,435.507483
482.057732,520,437.636586
499.305704,543,439.282304
572.259555,603,441.190727
766.807605,802,444.130432
314.135816,353,445.202288
597.626517,650,447.239583
437.786443,462,448.639876
556.999582,601,450.999525
471.025396,526,452.577061
343.455122,376,453.681943
797.16626,855,456.932529
484.618356,506,458.439087
685.806188,720,460.554121
686.844454,716,462.783743
349.076234,395,464.480136
540.601417,576,466.1512
571.683806,607,468.068384
461.68079,491,470.09095
657.776238,689,472.176656
595.478428,648,474.075974
346.054085,360,475.227031
807.398911,884,478.423057
447.584345,504,479.962355
660.930444,709,482.15954
577.534604,609,484.483426
789.791101,832,486.992274
742.622957,790,489.43885
596.195923,658,491.95853
1346.594017,1429,496.191651
576.574574,617,498.617079
800.422343,836,501.05495
731.40332,796,504.032767
1927.615489,2049,510.713389
689.199854,731,512.9173
1445.05674,1545,518.066452
1235.441597,1338,522.012833
1664.786124,1810,528.016928
399.223578,452,529.344803
1738.713892,1851,535.538054
814.910544,911,538.941242
1217.801743,1296,542.590338
1328.405189,1436,547.359959
1082.802026,1189,551.351624
1275.09242,1368,555.320746
1851.023707,2049,562.02674
1889.640505,2049,568.689761
1934.719406,2049,575.354257
1911.484932,2049,582.052128
1918.896504,2049,588.827436
1165.780505,1278,593.23192
1929.061055,2049,600.116292
1663.350959,1788,605.952538
1910.431559,2049,612.652889
1490.627831,1602,618.0215
1301.055342,1378,622.157282
1415.364627,1528,627.25774
1201.258886,1277,631.478905
1302.528995,1401,635.723567
761.480637,809,638.6639
1912.88936,2049,645.413455
1690.559222,1802,651.304218
1369.997051,1491,655.711937
843.344782,929,658.973076
1563.662054,1643,664.49423
1429.048631,1525,668.983051
904.74005,963,672.330338
1365.292069,1447,677.198967
1916.866701,2049,683.990888
1882.927238,2049,690.829064
1914.446857,2049,697.664619
1938.751021,2049,704.45714
1939.976881,2049,711.099512
1922.721037,2049,717.984544
1987.641527,2049,724.858345
1919.89824,2049,731.656478
1911.517382,2049,738.45088
1908.017657,2049,745.270689
1932.26428,2049,752.053456
1661.667059,1819,757.335613
1943.174775,2049,764.024846
1953.127535,2049,770.856332
1925.008698,2049,777.649559
1295.423187,1389,782.546523
1152.745613,1245,786.83013
1731.382775,1838,792.835464
1746.370494,1855,799.116185
1215.548499,1339,803.299634
1778.098641,1876,809.674873
1961.086344,2049,816.548312
1878.784354,2049,823.350362
1944.71009,2049,830.199655
1913.284393,2049,837.100176
1975.840735,2049,844.027529
1942.869831,2049,850.941779
1966.587432,2047,857.879967
1572.776701,1668,863.656894
1745.444176,1851,869.921297
1956.024804,2049,876.880516
1939.505136,2049,883.754494
1945.555469,2049,890.661072
1943.659832,2049,897.591736
1991.258518,2049,904.460628
1934.283754,2049,911.261546
1963.427979,2049,918.086361
1934.941828,2049,924.909476
1957.4314,2049,931.742398
1915.878644,2049,938.572904
1901.071316,2049,945.558793
1977.417317,2049,952.465158
1950.078403,2049,959.391452
1902.119832,2049,966.296296
1984.520014,2049,973.168741
1963.633311,2049,979.965787
1953.138653,2049,986.863598
1964.219755,2049,993.797315
1951.381617,2049,1000.687455
1962.318559,2049,1007.64359
1932.248787,2049,1014.533754
1946.092843,2049,1021.473653
1937.583715,2049,1028.388487
1352.248112,1426,1033.434613
1956.021067,2049,1040.342076
1928.781554,2049,1047.233112
1720.794627,1837,1052.959846
1938.828534,2049,1059.959682
1983.448302,2049,1066.930224
1954.387806,2049,1073.889049
1928.385698,2049,1080.749419
1902.521262,2049,1087.644174
1947.847402,2049,1094.520606
1887.411974,2049,1101.236038
1936.645683,2049,1107.864186
686.917358,701,1110.584003
1022.338363,1049,1113.710211
1910.023638,2049,1120.550957
1920.398384,2049,1127.308673
1933.304787,2049,1134.145382
1941.492422,2049,1140.966729
1921.457245,2049,1147.833417
1929.491036,2049,1154.73668
1971.37021,2049,1161.574552
1963.109094,2049,1168.425073
1961.102139,2049,1175.222089
1935.796726,2049,1182.022409
1937.227789,2049,1188.828646
1953.199446,2049,1195.692581
1966.617384,2049,1202.630894
1944.873455,2049,1209.473714
1921.768183,2049,1216.363109
1939.204714,2049,1223.269722
1948.021495,2049,1230.142948
1976.96992,2049,1237.097873
1937.580551,2049,1243.969808
1941.592484,2049,1250.909879
1969.345015,2049,1257.873169
1938.816008,2049,1264.779613
1955.599986,2049,1271.611111
1960.018606,2049,1278.471683
1936.221234,2049,1285.251348
1199.911012,1279,1289.613854
815.040703,867,1292.144814
1951.639184,2049,1298.885446
1944.764505,2049,1305.517416
1748.221772,1882,1311.685692
849.143445,916,1315.069528
1007.393666,1083,1318.218349
1102.455866,1176,1322.341233
1946.348427,2049,1329.160785
1797.465993,1908,1335.439154
1954.181688,2049,1342.299911
1948.74574,2049,1349.167288
1943.36208,2049,1356.127301
1948.178063,2049,1362.999651
1936.71024,2049,1369.825378
1919.389689,2049,1376.6642
1926.897889,2049,1383.532262
1940.3645,2049,1390.419889
1953.326291,2049,1397.259401
1898.758701,2049,1404.091542
1933.28677,2049,1410.922656
1934.576849,2049,1417.861322
1965.298663,2049,1424.794881
1942.360799,2049,1431.66513
1941.652494,2049,1438.496784
1942.631673,2049,1445.359668
1964.975453,2049,1452.27903
1928.651168,2049,1459.177202
1938.098212,2049,1465.954457
1944.24451,2049,1472.803903
1946.494439,2049,1479.684426
1957.606884,2049,1486.570514
1919.750332,2049,1493.419729
1965.793917,2049,1500.33567
1965.85864,2049,1507.186311
1961.291424,2049,1514.181567
1927.523067,2049,1521.108004
1967.666935,2049,1528.067825
1944.192336,2049,1535.026695
1949.468823,2049,1542.065792
1974.613139,2049,1549.079574
1931.140272,2049,1556.02878
1965.730696,2049,1562.967062
1932.476479,2049,1569.77507
1963.572994,2049,1576.705947
1955.152039,2049,1583.67736
1998.901127,2049,1590.588295
1943.80678,2049,1597.543356
1921.131572,2049,1604.455913
1908.043584,2049,1611.404958
1939.350227,2049,1618.344599
1977.599513,2049,1625.299273
1933.560228,2049,1632.294282
1938.673426,2049,1639.198944
1929.609844,2049,1646.190513
1963.5369,2049,1653.170196
1971.955809,2049,1660.051382
1973.666044,2049,1666.987395
1965.607446,2049,1673.936912
1933.876879,2049,1680.956344
1946.347604,2049,1687.940399
1959.979241,2049,1694.910415
1941.542497,2049,1702.005336
1937.98064,2049,1708.9999
1967.490011,2049,1715.917307
1945.575756,2049,1722.882735
1913.647619,2049,1729.915365
1975.714081,2049,1736.91271
1962.922656,2049,1743.954024
1950.575178,2049,1750.907626
1935.303456,2049,1757.849791
1956.315253,2049,1764.831786
1953.910453,2049,1771.781914
1947.479845,2049,1778.743203
1964.871085,2049,1785.710685
1951.558724,2049,1792.659574
1768.441681,1835,1798.917111
1921.510128,2049,1805.831562
1939.378545,2049,1812.836866
1912.651722,2049,1819.773744
1729.129376,1881,1826.160996
586.075566,600,1828.147088
590.551494,626,1830.045584
1439.67363,1545,1835.466178
951.157603,1012,1838.59244
710.864236,737,1841.498817
1920.223925,2049,1848.409315
1252.388553,1320,1852.462813
1905.045191,2049,1859.423384
1923.432921,2049,1866.348032
1920.322356,2049,1873.230258
1964.65266,2049,1880.190439
579.262689,616,1882.724638
455.824743,496,1884.25528
1361.889156,1420,1889.237478
1538.975378,1625,1894.164797
1964.276643,2049,1901.059281
1321.182511,1384,1905.964957
1231.951407,1298,1910.57103
566.117354,637,1912.504545
468.5637,506,1914.042003
729.451687,778,1917.047399
1962.395434,2049,1923.978943
1915.435841,2049,1930.695781
1959.249878,2049,1937.646933
1965.127418,2049,1944.616171
1932.378832,2049,1951.529114
1969.079929,2049,1958.508573
1435.92197,1551,1963.138142
1945.288224,2049,1970.018884
1926.653069,2049,1976.798492
1910.676271,2049,1984.165616
1930.087797,2049,1991.047355
1960.88131,2049,1997.966038
1958.670863,2049,2004.899498
1975.854987,2049,2011.871516
1968.31356,2049,2018.836929
1926.102118,2049,2025.693703
1958.854176,2049,2032.543497
1955.781127,2049,2039.463637
1959.881428,2049,2046.344488
1955.166255,2049,2053.198214
1985.346161,2049,2060.155687
1924.218702,2049,2067.118117
1930.147148,2049,2073.990054
1951.918002,2049,2080.876339
1985.590765,2049,2087.767517
1975.614522,2049,2094.67839
1940.57813,2049,2101.657191
1953.125588,2049,2108.638574
1978.098254,2049,2115.615547
1956.84122,2049,2122.503173
1951.991289,2049,2129.355968
1959.594377,2049,2136.298928
1955.898999,2049,2143.188352
1966.08774,2049,2150.112379
1946.310862,2049,2156.96463
1977.542639,2049,2163.849807
1983.527052,2049,2170.755097
1992.177178,2049,2177.700475
1979.004272,2049,2184.587865
1969.13248,2049,2191.556081
1976.292938,2049,2198.508935
1962.058963,2049,2205.513812
1992.737224,2049,2212.483073
1974.53572,2049,2219.36977
1943.49903,2049,2226.264761
1928.214943,2049,2233.171639
1942.863631,2049,2240.081766
1971.508836,2049,2246.94641
1950.356283,2049,2253.955336
1935.695751,2049,2260.813462
1944.015441,2049,2267.731658
1955.956046,2049,2274.6106
1937.709773,2049,2281.579371
1929.758889,2049,2288.543786
1958.125874,2049,2295.51098
1967.45987,2049,2302.522931
1950.317323,2049,2309.429152
1915.295327,2049,2316.404228
1948.877878,2049,2323.315008
1954.565875,2049,2330.281869
1979.997648,2049,2337.23606
1975.327467,2049,2344.123604
1921.154845,2049,2350.986634
1460.830923,1518,2355.64624
1924.423726,2049,2362.567548
1961.39814,2049,2369.400834
1952.511387,2049,2376.319536
1932.495651,2049,2383.224451
1953.614947,2049,2390.106036
1964.478746,2049,2397.028226
1969.170362,2049,2403.924986
1934.129348,2049,2410.826845
1940.658561,2049,2417.729539
1956.606892,2049,2424.650033
1970.292206,2049,2431.559498
1944.67058,2049,2438.500919
1945.275336,2049,2445.484401
1925.819657,2049,2452.483209
1943.594084,2049,2459.445348
1969.102555,2049,2466.448744
1972.879578,2049,2473.463026
1950.396233,2049,2480.430097
1958.797373,2049,2487.471134
1936.371861,2049,2494.523353
1928.047097,2049,2501.508776
1959.007724,2049,2508.497309
1960.653849,2049,2515.495675
1923.391901,2049,2522.525496
1946.856677,2049,2529.497136
1958.993272,2049,2536.533239
1953.839025,2049,2543.554065
1953.79286,2049,2550.656638
1988.011686,2049,2557.740516
1936.161059,2049,2564.709919
1940.050065,2049,2571.780503
1951.61396,2049,2578.837499
1950.440812,2049,2585.818325
1967.285508,2049,2592.816866
1950.8909,2049,2599.832392
1943.38108,2049,2606.89668
1923.48694,2049,2613.950505
1955.213095,2049,2620.920474
1929.050906,2049,2627.941455
1965.828226,2049,2634.964441
1791.636772,1846,2641.314869
1959.618429,2049,2648.295647
1936.087202,2049,2655.26472
1940.419847,2049,2662.225423
1952.28558,2049,2669.272935
1940.550174,2049,2676.225316
1926.90281,2049,2683.230348
1954.257202,2049,2690.249831
1957.629657,2049,2697.226464
1909.674833,2049,2704.25447
1407.318232,1479,2709.486952
1965.668973,2049,2716.455552
1934.458457,2049,2723.478449
1963.884843,2049,2730.489554
1960.586748,2049,2737.51914
1934.603409,2049,2744.573955
1955.414039,2049,2751.574531
1969.842244,2049,2758.591049
1952.558409,2049,2765.626847
1992.746945,2049,2772.659831
1977.053062,2049,2779.620158
1951.513642,2049,2786.584189
1954.263954,2049,2793.570651
1969.101982,2049,2800.503571
1936.62062,2049,2807.450388
1948.944711,2049,2814.320285
1964.732223,2049,2821.277177
1938.147908,2049,2828.266893
1939.387021,2049,2835.288351
1964.204648,2049,2842.335259
1951.829197,2049,2849.363305
1975.745422,2049,2856.311146
1958.501816,2049,2863.171889
1948.287281,2049,2870.036362
1929.005933,2049,2876.895139
1932.1693,2049,2883.842674
1953.096789,2049,2890.769983
1945.46545,2049,2897.705044
1940.704985,2049,2904.688019
1922.994015,2049,2911.633814
1969.90702,2049,2918.580006
1984.425251,2049,2925.520034
1947.064968,2049,2932.404787
1923.31089,2049,2939.392438
1938.491274,2049,2946.29899
1960.116123,2049,2953.320799
1956.815658,2049,2960.335238
1973.230681,2049,2967.271079
1960.9802,2049,2974.286178
1931.877215,2049,2981.316742
1952.773568,2049,2988.226865
1969.384954,2049,2995.1179
1960.349737,2049,3002.08672
1953.972331,2049,3008.935454
1946.805721,2049,3015.853026
1939.174658,2049,3022.767743
1934.78902,2049,3029.642984
1940.779721,2049,3036.590314
1962.414849,2049,3043.477845
1971.735859,2049,3050.364524
1935.530754,2049,3057.223165
1945.844591,2049,3064.131017
1967.138885,2049,3071.115827
1943.354402,2049,3078.070034
1950.484429,2049,3085.022285
1947.303811,2049,3091.983336
1933.018395,2049,3098.966496
1948.028778,2049,3105.91656
1968.432284,2049,3112.871062
1943.963777,2049,3119.81295
1949.429683,2049,3126.885039
1936.671883,2049,3133.925994
1988.415825,2049,3140.978977
1955.726609,2049,3147.935058
1889.748676,2049,3154.862277
1912.040662,2049,3161.861641
1920.125501,2049,3168.88277
1952.115431,2049,3175.942241
1927.666437,2049,3182.954308
1939.682048,2049,3189.997485
1938.901331,2049,3196.999136
1939.060743,2049,3204.052676
1935.87472,2049,3211.089152
1951.390582,2049,3218.179938
1911.951126,2049,3225.167605
1948.346,2049,3232.263661
1925.792738,2049,3239.209942
1947.093261,2049,3246.122467
1959.686336,2049,3253.032696
1972.954108,2049,3260.002573
1950.601063,2049,3266.895114
1922.187073,2049,3273.862356
1986.9573,2049,3280.801808
1965.246516,2049,3287.810066
1948.986355,2049,3294.76461
1932.69054,2049,3301.797225
1961.866584,2049,3308.697773
1973.19089,2049,3315.715501
1951.697833,2049,3322.631939
1906.896984,2049,3329.560873
1964.553343,2049,3336.47564
1904.68803,2049,3343.283847
1962.262728,2049,3350.221112
1938.057414,2049,3357.086525
1950.807106,2049,3363.947361
1932.127315,2049,3370.845807
1929.620999,2049,3377.687581
1932.122365,2049,3384.611185
1933.49214,2049,3391.490036
1955.890089,2049,3398.460337
1949.103005,2049,3405.428545
1955.919181,2049,3412.333266
1919.725002,2049,3419.272261
1958.942199,2049,3426.253742
1954.659019,2049,3433.185823
1939.417059,2049,3440.08224
1939.405841,2049,3446.985065
1961.742868,2049,3453.843343
1977.523665,2049,3460.709931
1947.760723,2049,3467.587802
1899.153117,2049,3474.429698
1951.59125,2049,3481.436561
1990.940432,2049,3488.372495
1984.065107,2049,3495.281024
1969.925087,2049,3502.168462
1952.663543,2049,3509.064907
1944.603314,2049,3515.903007
1983.096475,2049,3522.817311
1962.877514,2049,3529.696653
1157.451227,1191,3533.972076
1921.661693,2049,3540.771598
1915.490501,2049,3547.58423
1957.16061,2049,3554.450808
1943.713577,2049,3561.248985
1936.434271,2049,3568.076339
1904.168667,2049,3574.914321
1949.589131,2049,3581.769039
1231.875181,1266,3585.701892
191.222821,202,3586.288898
1945.547361,2049,3593.194855
1234.937041,1288,3597.817072
1925.442016,2049,3604.690748
1955.76581,2049,3611.523545
1630.364471,1719,3617.339347
567.704227,594,3619.188244
1430.064717,1525,3624.349885
330.003965,346,3625.411394
1158.642704,1214,3629.682438
1001.482664,1055,3632.996224
1335.760466,1436,3638.021965
742.238115,770,3640.4018
1395.469393,1484,3645.545492
966.769239,1000,3648.584583
1214.545734,1285,3653.146336
1955.839608,2049,3660.136699
1967.910088,2049,3667.163317
1962.31605,2049,3674.09685
1960.365087,2049,3681.076141
1954.897363,2049,3688.000683
1960.753407,2049,3695.038232
1943.85245,2049,3702.138536
1926.602572,2049,3709.198662
1934.72473,2049,3716.212326
1966.912607,2049,3723.218845
1939.365189,2049,3730.267194
1984.359517,2049,3737.303489
1976.323166,2049,3744.361769
1979.300606,2049,3751.368535
1974.734926,2049,3758.383273
1988.893279,2049,3765.452271
1930.902222,2049,3772.476457
1972.87734,2049,3779.511987
1958.334352,2049,3786.546887
1931.347202,2049,3793.580834
1966.96764,2049,3800.680132
1983.532932,2049,3807.683963
1939.082223,2049,3814.699822
1945.365045,2049,3821.785837
1961.312064,2049,3828.827129
1996.56301,2049,3835.87709
1936.946295,2049,3843.038871
1978.871174,2049,3850.162878
1954.740652,2049,3857.260381
1928.192896,2049,3864.381831
1980.807592,2049,3871.592456
1077.303654,1146,3875.722903
1331.475755,1431,3880.283517
620.910418,671,3882.924794
455.614185,488,3884.447809
1961.770434,2049,3891.497163
225.702968,236,3892.300853
1967.308789,2049,3899.338361
497.243203,534,3901.018344
717.269055,752,3903.893007
1950.327115,2049,3910.831085
1485.328915,1596,3915.790517
614.385972,670,3918.312455
1951.863706,2049,3925.196699
1942.915688,2049,3932.186794
239.933164,260,3932.98262
1912.163362,2049,3939.848634
1745.256932,1841,3946.234681
692.983778,743,3948.621658
232.052576,250,3949.405929
1969.039339,2049,3956.446868
1833.795822,1944,3963.143965
1947.596721,2049,3970.091148
1977.54822,2049,3977.147711
1966.375707,2049,3984.223669
1936.614294,2049,3991.255612
1938.91627,2049,3998.307909
1945.151138,2049,4005.354713
1975.006028,2049,4012.362894
1967.766152,2049,4019.362708
1924.991415,2049,4026.355135
1926.272989,2049,4033.377078
1933.769402,2049,4040.361766
1946.890938,2049,4047.338746
1985.137866,2049,4054.432942
1959.669099,2049,4061.47454
1965.927451,2049,4068.506666
1964.507091,2049,4075.510157
1950.409555,2049,4082.552535
1934.890466,2049,4089.545268
1919.839904,2049,4096.510461
1931.789117,2049,4103.532836
1929.199115,2049,4110.519466
419.483963,434,4111.959855
1467.066826,1563,4117.317509
285.067601,297,4118.326341
1930.085091,2049,4125.259169
1940.665282,2049,4132.235644
1905.334101,2049,4139.172703
1191.804249,1295,4143.757625
1925.126626,2049,4150.75935
1935.507884,2049,4157.683138
1977.263854,2049,4164.707943
1958.477557,2049,4171.674123
1933.290526,2049,4178.650931
1927.353961,2049,4185.665121
1932.33035,2049,4192.578524
1955.603501,2049,4199.635422
1933.035496,2049,4206.614435
1933.401823,2049,4213.577225
1955.405535,2049,4220.591324
1531.741273,1601,4226.188072
1936.074335,2049,4233.233793
1949.873179,2049,4240.2684
1932.107936,2049,4247.328782
1950.967827,2049,4254.412273
1941.975251,2049,4261.399604
1984.349269,2049,4268.463924
1941.077845,2049,4275.471566
1968.247064,2049,4282.484301
1957.270507,2049,4289.554419
1925.778415,2049,4296.580381
616.939668,636,4298.585373
1926.456151,2049,4305.553876
1911.460376,2049,4312.536545
1957.198588,2049,4319.587962
1916.930024,2049,4326.613415
1947.221323,2049,4333.592775
1955.708707,2049,4340.554343
1956.928209,2049,4347.587207
492.197904,520,4349.336436
810.859123,854,4352.571346
342.313246,364,4353.736287
459.612168,513,4355.45567
1896.523991,2049,4362.485013
274.559217,291,4363.415442
380.09853,397,4364.646778
1947.494615,2049,4371.677151
730.69883,759,4374.561104
1922.250588,2049,4381.608192
579.601146,629,4383.661194
846.945171,890,4386.955327
1951.037155,2049,4393.943887
1952.86151,2049,4400.987845
1931.773636,2049,4407.875459
1968.432829,2049,4414.941564
1947.066319,2049,4421.967671
1946.738539,2049,4429.062126
1932.977416,2049,4436.153954
1957.130241,2049,4443.204785
1948.401615,2049,4450.230414
1964.532151,2049,4457.319538
1938.325265,2049,4464.311593
1948.531714,2049,4471.350575
1947.748746,2049,4478.362365
1959.112033,2049,4485.359033
1954.939739,2049,4492.35259
1959.915523,2049,4499.355899
1919.659486,2049,4506.347299
1964.123729,2049,4513.284004
1955.340374,2049,4520.297631
1946.298535,2049,4527.360488
1964.107024,2049,4534.380476
1944.018484,2049,4541.562546
1934.857211,2049,4548.652562
1949.70488,2049,4555.683608
1957.924816,2049,4562.69501
1941.722569,2049,4569.677416
1984.929902,2049,4576.732805
1956.387033,2049,4583.837736
1981.215599,2049,4590.831434
1936.899976,2049,4597.791825
1938.572169,2049,4604.800394
1977.382609,2049,4611.871396
1937.938074,2049,4618.856597
1955.437352,2049,4625.827757
1935.03895,2049,4632.857825
1965.405183,2049,4639.872093
1978.580231,2049,4646.93653
1952.953049,2049,4653.92398
1937.660917,2049,4660.870007
1963.423225,2049,4667.892775
1978.813181,2049,4674.915621
1958.966295,2049,4681.883854
1910.032246,2049,4688.912107
1948.152912,2049,4695.861731
1946.954929,2049,4702.839825
1974.308021,2049,4709.869169
763.447471,778,4712.314512
1947.417038,2049,4719.280766
1954.53215,2049,4726.23802
1783.15634,1878,4732.685058
1941.620427,2049,4739.607435
1934.788865,2049,4746.591451
1961.953249,2049,4753.581823
1964.561777,2049,4760.5245
1930.233503,2049,4767.37317
1951.343472,2049,4774.303183
916.328801,976,4777.325848
1943.596276,2049,4784.134288
1939.577166,2049,4790.959749
1963.895347,2049,4797.909662
411.965772,442,4799.745562
1925.919229,2049,4806.626761
1919.022958,2049,4813.488835
1956.853887,2049,4820.447736
1964.231263,2049,4827.406837
1939.342768,2049,4834.287683
1964.073599,2049,4841.227116
1924.000394,2049,4848.053702
1950.840944,2049,4854.938803
1960.408032,2049,4861.834326
1980.145104,2049,4868.792687
1960.519269,2049,4875.774972
1937.745116,2049,4882.825173
1953.929699,2049,4889.763585
1949.62778,2049,4896.72965
1873.249285,1945,4903.469467
1957.844774,2049,4910.446367
1960.991476,2049,4917.513701
1923.718304,2049,4924.532681
1959.846807,2049,4931.546325
1938.8176,2049,4938.487474
1963.337941,2049,4945.527931
624.415476,646,4947.523228
1934.154411,2049,4954.445493
1947.494147,2049,4961.372975
1912.933378,2049,4968.302418
1940.111026,2049,4975.237532
1948.352438,2049,4982.136898
1971.222806,2049,4989.109683
460.055163,483,4990.651329
1952.078425,2049,4997.690954
1962.250984,2049,5004.772962
1957.956977,2049,5011.8402
1976.556577,2049,5018.792177
1962.761714,2049,5025.78548
1915.128076,2049,5032.602558
1934.891632,2049,5039.497697
1937.595734,2049,5046.397481
1958.331138,2049,5053.387921
1966.692917,2049,5060.367847
1941.889788,2049,5067.359105
1943.765109,2049,5074.297534
1963.36956,2049,5081.225939
1969.660641,2049,5088.18499
1925.756742,2049,5095.029844
1932.572963,2049,5101.920206
1949.726115,2049,5108.875177
1934.457605,2049,5115.732066
1935.40624,2049,5122.558378
1950.174256,2049,5129.40215
1962.606158,2049,5136.385145
1980.130254,2049,5143.297531
1943.20323,2049,5150.1186
1938.594535,2049,5156.937027
1945.016561,2049,5163.768698
1953.35995,2049,5170.646184
1985.368413,2049,5177.552114
1952.791429,2049,5184.452877
1947.847646,2049,5191.357828
1790.713503,1868,5197.74082
1940.661892,2049,5204.65463
1948.11476,2049,5211.611421
1959.315473,2049,5218.483162
1926.332835,2049,5225.34334
1946.945675,2049,5232.154883
1979.177327,2049,5238.953871
1981.481055,2049,5245.856826
1963.344204,2049,5252.805629
1934.391233,2049,5259.679853
1935.167857,2049,5266.546964
1951.851654,2049,5273.319922
1947.330955,2049,5280.216901
1935.277664,2049,5287.013615
1955.075318,2049,5293.728789
392.767112,427,5294.981222
1548.474951,1622,5300.472519
1950.158067,2049,5307.257188
458.687119,484,5308.706749
1957.65761,2049,5315.553164
1927.954267,2049,5322.461034
2002.79023,2049,5329.38353
1942.32741,2049,5336.273927
1960.696709,2049,5343.153205
1964.01669,2049,5350.111479
1940.508716,2049,5357.025043
1940.772507,2049,5363.977928
1937.965165,2049,5370.93908
1964.991206,2049,5377.921384
1956.147683,2049,5384.831885
1976.137151,2049,5391.770784
1921.07179,2049,5398.641612
1957.424433,2049,5405.546257
1967.14823,2049,5412.499741
1979.305236,2049,5419.463504
1944.741518,2049,5426.364446
1989.48791,2049,5433.363912
1948.17641,2049,5440.309247
1978.351125,2049,5447.282371
1938.891762,2049,5454.255437
1963.192928,2049,5461.2296
1946.754949,2049,5468.198607
1955.155224,2049,5475.130991
1957.230081,2049,5482.166636
1957.586575,2049,5489.13206
1841.512421,1986,5495.760153
1940.970674,2049,5502.678898
350.058623,376,5503.830872
1939.935078,2049,5510.809605
1935.545973,2049,5517.740147
468.077557,512,5519.837207
1313.455206,1399,5524.167628
1941.123178,2049,5531.108414
1926.493957,2049,5537.957697
1954.804358,2049,5545.002244
1972.717837,2049,5551.99067
1911.025374,2049,5558.945085
1938.406216,2049,5565.816485
1942.049369,2049,5572.755486
1950.39167,2049,5579.703498
1922.617812,2049,5586.514265
1947.358799,2049,5593.408528
1938.336044,2049,5600.372576
1962.86485,2049,5607.370544
1944.503188,2049,5614.297386
1956.453055,2049,5621.289931
1951.776676,2049,5628.312411
1940.368553,2049,5635.347128
1971.699167,2049,5642.383983
1961.583089,2049,5649.38602
1993.543361,2049,5656.378075
1986.819853,2049,5663.383096
1954.34218,2049,5670.378941
1943.515737,2049,5677.3613
1959.414342,2049,5684.314833
1947.937441,2049,5691.340176
1940.142587,2049,5698.31255
1985.462179,2049,5705.22768
1951.037059,2049,5712.250082
1940.940296,2049,5719.267052
1995.656603,2049,5726.222046
1958.453624,2049,5733.13183
1946.835002,2049,5740.093382
1969.111245,2049,5746.981782
1940.215996,2049,5753.889482
1962.1762,2049,5760.738476
1968.951508,2049,5767.60143
1938.985386,2049,5774.481827
1964.574156,2049,5781.350404
1956.969558,2049,5788.086351
1970.203874,2049,5794.799495
1949.834554,2049,5801.480527
1960.405244,2049,5808.239683
1681.764019,1729,5814.088468
1931.168689,2049,5820.83681
1975.961836,2049,5827.73364
1935.51257,2049,5834.569288
1951.994597,2049,5841.461958
1965.789307,2049,5848.28658
1959.293852,2049,5855.083628
1947.357878,2049,5862.021544
1948.024621,2049,5868.981849
1965.028416,2049,5875.86981
1922.468133,2049,5882.781594
1916.120605,2049,5889.723214
1963.210847,2049,5896.558991
1973.239219,2049,5903.363873
746.981271,778,5906.195999
1054.489169,1156,5909.776692
1227.349357,1329,5914.290546
1108.598803,1151,5917.861409
1431.105048,1523,5923.152782
668.06174,708,5925.248694
1028.685232,1082,5929.105803
1834.161182,1956,5935.599667
832.542255,859,5938.254832
1204.581076,1265,5942.669053
1113.488526,1176,5946.915878
1929.982615,2049,5953.727383
1918.275852,2049,5960.548466
1830.899164,1912,5966.473772
1943.31318,2049,5973.399105
1944.138531,2049,5980.230568
1953.150449,2049,5987.107741
1969.132327,2049,5993.949445
1947.450703,2049,6000.747051
1939.267137,2049,6007.535034
1944.839572,2049,6014.394402
1958.959311,2049,6021.105311
1974.621393,2049,6027.976888
1958.718411,2049,6034.876373
1978.485173,2049,6041.733773
1968.170431,2049,6048.572548
1971.255084,2049,6055.387842
1985.052173,2049,6062.177836
1927.1334,2049,6069.038789
1959.344789,2049,6075.971665
1967.1077,2049,6082.767894
1981.070929,2049,6089.547936
1987.770329,2049,6096.401491
1949.912335,2049,6103.790871
1937.692923,2049,6110.51722
1957.409313,2049,6117.277678
1959.47875,2049,6124.148691
1963.603264,2049,6131.103917
1951.93658,2049,6138.014227
1964.128628,2049,6145.008873
1932.542868,2049,6152.035332
1966.6385,2049,6158.902429
1958.198662,2049,6165.879189
1958.667066,2049,6172.818562
1925.882668,2049,6179.703148
1978.317268,2049,6186.61325
1965.456048,2049,6193.534937
1960.906523,2049,6200.510575
1975.024697,2049,6207.528102
1960.008382,2049,6214.48291
1970.277806,2049,6221.516716
1974.969806,2049,6228.497925
1956.673383,2049,6235.514729
1955.350789,2049,6242.426705
1950.805151,2049,6249.332449
1944.037019,2049,6256.265322
1981.444145,2049,6263.305972
1942.3725,2049,6270.236602
1947.778946,2049,6277.149244
1934.993494,2049,6284.060493
1969.627045,2049,6291.000591
1940.409988,2049,6297.985545
1962.11134,2049,6304.918486
1970.840825,2049,6311.806241
1945.343521,2049,6318.757809
1978.210582,2049,6325.681379
1961.197071,2049,6332.61187
1984.699247,2049,6339.487962
1957.100719,2049,6346.400615
1962.750031,2049,6353.324257
1950.860834,2049,6360.307286
1977.189966,2049,6367.213257
1976.152776,2049,6374.122153
1960.07641,2049,6381.106032
1954.822149,2049,6388.141266
1968.477337,2049,6395.164361
1955.502426,2049,6402.250815
1974.890266,2049,6409.365288
1941.098289,2049,6416.465402
1955.477723,2049,6423.516512
1944.455576,2049,6430.499594
1939.915344,2049,6437.458254
1944.896453,2049,6444.50396
1961.206358,2049,6451.611035
1957.493191,2049,6458.670019
1948.786955,2049,6465.699571
1991.580135,2049,6472.765857
1972.939597,2049,6479.812508
1967.598493,2049,6486.817154
1965.489469,2049,6493.903973
1971.028082,2049,6500.997917
1968.399739,2049,6508.062585
1958.792849,2049,6515.161422
1986.146864,2049,6522.20499
1916.927837,2049,6529.253595
1953.072375,2049,6536.234408
1937.466554,2049,6543.218404
1974.082574,2049,6550.166043
1953.304248,2049,6557.072848
1955.334973,2049,6564.081502
1973.752195,2049,6571.004714
1972.53635,2049,6577.939219
1944.380955,2049,6584.874211
1937.137934,2049,6591.776127
1967.344374,2049,6598.734924
244.5596,251,6599.525863
1997.412588,2049,6606.448442
1960.331016,2049,6613.247732
1995.801096,2049,6620.088466
1956.981161,2049,6626.970509
1986.669015,2049,6633.779233
1929.447731,2049,6640.745353
1935.140789,2049,6647.636817
1963.386564,2049,6654.547405
1968.389894,2049,6661.492821
1930.799755,2049,6668.452225
1943.364286,2049,6675.345285
1912.573862,2049,6682.228248
1945.149709,2049,6689.20896
1963.270898,2049,6696.188187
1966.73512,2049,6703.133625
1952.267454,2049,6710.051079
1944.666847,2049,6716.937826
386.663454,407,6718.188264
1958.29721,2049,6725.20881
1967.669457,2049,6732.234239
1977.803925,2049,6739.222875
1986.55612,2049,6746.228128
1933.335488,2049,6753.297961
1935.768587,2049,6760.284235
1968.442112,2049,6767.300379
1970.024387,2049,6774.40764
1959.778605,2049,6781.402127
1972.665316,2049,6788.434946
1931.987538,2049,6795.408944
1977.164571,2049,6802.447254
1932.656795,2049,6809.48243
1954.347274,2049,6816.492196
1936.94225,2049,6823.439833
1975.002689,2049,6830.440525
1936.411325,2049,6837.400873
1932.319943,2049,6844.294491
1940.061422,2049,6851.28359
1960.5944,2049,6858.142979
1943.429519,2049,6865.162205
780.923339,813,6867.724652
1937.056353,2049,6874.646522
1958.745462,2049,6881.589992
1968.585892,2049,6888.469484
1973.880245,2049,6895.405491
1956.722867,2049,6902.306098
1960.599938,2049,6909.255589
1957.475679,2049,6916.22579
1974.475738,2049,6923.18106
1954.240761,2049,6930.053347
1970.187698,2049,6936.946609
1905.930469,2004,6943.667904
1958.021866,2049,6950.548243
1976.018204,2049,6957.509629
1961.906644,2049,6964.356412
1941.920759,2049,6971.222746
1146.954101,1212,6975.589294
1945.506167,2049,6982.452364
1957.190083,2049,6989.284635
1937.408597,2049,6996.172223
1944.866759,2049,7003.088434
1959.711053,2049,7010.00201
1965.150666,2049,7016.839438
1963.171449,2049,7023.740873
1953.117338,2049,7030.570247
1983.928534,2049,7037.529461
1985.124321,2049,7044.350504
327.301733,351,7045.408492
1962.784483,2049,7052.163097
1983.488616,2049,7059.079054
1971.086259,2049,7065.949562
1952.721448,2049,7072.844801
1961.776972,2049,7079.667037
1948.348342,2049,7086.563936
1956.377275,2049,7093.419471
1946.070765,2049,7100.381763
1947.216428,2049,7107.172979
1945.832057,2049,7114.023316
1978.49173,2049,7120.894457
1957.670852,2049,7127.697656
1955.732523,2049,7134.502608
1946.485675,2049,7141.276593
1971.261212,2049,7148.086875
176.967645,193,7148.638635
802.443812,854,7151.717536
1971.723533,2049,7158.532329
1949.651646,2049,7165.350551
1950.527666,2049,7172.058777
1936.627059,2049,7178.858779
1962.727951,2049,7185.704419
1969.016391,2049,7192.501337
1958.113587,2049,7199.209338
1972.7849,2049,7206.025725
1988.135933,2049,7212.85985
1951.333874,2049,7219.594312
1985.84605,2049,7226.530539
1976.695249,2049,7233.351484
1975.98831,2049,7240.193527
1970.524884,2049,7247.04151
1849.418037,1959,7253.558503
1933.701665,2049,7260.469585
1964.731843,2049,7267.344252
1945.383349,2049,7274.201022
1919.110347,2049,7280.961932
1915.359987,2039,7287.679616
1514.688993,1616,7292.655752
1932.073461,2049,7299.607886
1964.974718,2049,7306.507212
1939.167981,2049,7313.320491
406.705124,421,7315.221221
1104.183655,1199,7318.872216
432.809943,466,7320.292059
231.393649,245,7321.062192
1950.112368,2049,7328.104411
544.688158,575,7330.465694
1951.909681,2049,7337.352089
1960.455782,2049,7344.302968
2002.913887,2049,7351.180133
1953.848761,2049,7358.033783
1921.785658,2049,7364.890121
1968.135999,2049,7371.807342
1970.437624,2049,7378.795499
1958.773321,2049,7385.734473
1954.616288,2049,7392.721059
155.801504,163,7393.195068
1949.558531,2049,7400.118677
1947.22288,2049,7407.043291
1976.76853,2049,7413.941277
1948.747568,2049,7420.912303
1353.133901,1413,7425.274813
1956.22731,2049,7432.191006
1962.103466,2049,7439.127223
1950.364583,2049,7446.005198
1970.585392,2049,7452.894664
1956.360917,2049,7459.846808
1959.318341,2049,7466.80726
411.144056,436,7468.654995
1939.330939,2049,7475.520356
559.421417,598,7477.354481
1969.676223,2049,7484.271644
1944.408781,2049,7491.173285
1940.898845,2049,7498.019386
1942.007772,2049,7504.880441
1937.526295,2049,7511.801145
1958.0375,2049,7518.751661
1954.905436,2049,7525.650361
1969.283177,2049,7532.566005
1790.652176,1877,7538.977258
1899.508544,2049,7545.766081
1365.216471,1444,7550.718387
1400.791517,1484,7555.317627
729.350038,778,7558.207711
1966.5954,2049,7565.111168
543.315519,597,7566.860101
1699.025091,1771,7572.823911
1959.999524,2049,7579.634197
2000.933836,2049,7586.510715
1956.096116,2049,7593.465277
1930.450401,2049,7600.332833
1948.748131,2049,7607.13547
1928.361237,2049,7613.974616
946.885713,1033,7617.184104
1938.552558,2032,7624.022458
1949.065174,2049,7630.781723
1933.986704,2049,7637.532262
1952.193657,2049,7644.479161
1938.339827,2049,7651.311016
1944.825987,2049,7658.153762
1951.762486,2049,7664.961267
1951.605219,2049,7671.856834
1961.671015,2049,7678.702726
1943.942934,2049,7685.436305
1954.907182,2049,7692.2222
1947.440133,2049,7699.016561
1960.758193,2049,7705.828549
1957.663834,2049,7712.639801
811.641396,845,7715.732379
1956.963986,2049,7722.42446
1962.682559,2049,7729.17157
1978.918261,2049,7735.989384
1950.962137,2049,7742.761231
1939.95744,2049,7749.498334
1940.987375,2049,7756.059505
1962.756409,2049,7762.736618
1953.498394,2049,7769.367087
1945.582052,2049,7776.02639
1963.766156,2049,7782.662944
1575.734111,1665,7788.043828
576.040379,606,7789.902215
1951.401951,2049,7796.579798
1947.499216,2049,7803.358322
1957.943365,2049,7810.144031
1945.989908,2049,7816.854589
1936.317627,2049,7823.576398
1955.944573,2049,7830.301079
1946.422974,2049,7837.025092
1189.899099,1255,7841.36992
993.195563,1046,7844.543814
1959.47693,2049,7851.404375
1944.282079,2049,7858.106957
1956.026247,2049,7864.802544
1948.081582,2049,7871.726347
1952.61054,2049,7878.494235
291.671578,304,7879.458038
1941.644916,2049,7886.289692
1941.471498,2049,7893.202724
1957.845803,2049,7900.068045
1963.231545,2049,7906.916345
1926.847224,2049,7913.680507
1945.77789,2049,7920.470454
1955.813414,2049,7927.200475
1951.848987,2049,7933.860703
1304.167124,1374,7938.694497
1949.487765,2049,7945.517724
1991.674719,2049,7952.506749
989.055194,1021,7955.61839
746.458943,776,7958.517052
1954.728484,2049,7965.253849
1381.770234,1450,7969.754373
891.265278,942,7973.172163
1942.376265,2049,7979.965416
1972.606018,2049,7986.840079
1951.791707,2049,7993.624017
1979.487794,2049,8000.432472
1924.975711,2049,8007.114929
1954.411405,2049,8013.829215
1960.356211,2049,8020.654025
1957.41882,2049,8027.352937
281.632192,298,8028.18622
1966.67566,2049,8034.918522
1960.977924,2049,8041.697613
1958.907855,2049,8048.416641
1972.615828,2049,8055.207311
1927.367568,2049,8061.941924
229.80608,244,8062.645273
76.519302,84,8062.870069
1951.609186,2049,8069.551507
1964.947798,2049,8076.378388
1977.96924,2049,8083.114735
1950.493752,2049,8089.866864
1953.336234,2049,8096.703282
1941.728823,2049,8103.48252
1956.02801,2049,8110.283788
1939.747259,2049,8117.109875
159.774759,168,8117.600463
1760.226986,1861,8123.805083
1269.036698,1343,8128.414517
1970.271274,2049,8135.213519
1953.738739,2049,8142.046103
1945.768242,2049,8148.889615
1956.464071,2049,8155.676654
1967.42771,2049,8162.556659
1937.684902,2049,8169.420724
1977.853512,2049,8176.336669
1926.186799,2049,8183.320833
1964.331056,2049,8190.222115
1950.837842,2049,8197.162483
1943.825526,2049,8204.121274
1973.524854,2049,8211.088803
2000.3877,2049,8218.028509
1977.998875,2049,8224.927541
1956.640783,2049,8231.826022
1931.533049,2049,8238.642288
1950.583611,2049,8245.486522
1528.470957,1622,8250.981215
1995.442029,2049,8257.965218
1977.774846,2049,8264.780673
493.912275,525,8266.356793
1958.520463,2049,8273.145439
1932.914128,2049,8279.896785
1948.623877,2049,8286.754787
1974.932492,2049,8293.623608
1966.663619,2049,8300.551812
1976.054542,2049,8307.397837
1966.17152,2049,8314.252403
598.143803,611,8316.087328
1964.857994,2049,8323.084954
1940.484764,2049,8329.996668
1979.149455,2049,8336.828912
1944.002869,2049,8343.73027
1951.034294,2049,8350.652261
618.718665,656,8353.141643
1946.770255,2049,8360.135888
608.315198,638,8362.131627
837.495919,890,8364.890763
1766.494101,1881,8371.26631
1661.942097,1791,8377.362534
1966.465996,2049,8384.340619
1947.850439,2049,8391.258587
1938.658785,2049,8398.211614
415.900199,449,8399.561606
1538.609047,1626,8405.200706
222.108495,240,8405.91075
1468.789797,1553,8411.40359
352.553907,367,8412.514392
1940.942677,2049,8419.445995
558.283123,596,8421.271007
1960.931411,2049,8428.270151
1936.215317,2049,8435.284233
422.3467,455,8437.182609
897.01461,938,8440.224403
1967.300363,2049,8447.20733
1942.971959,2049,8454.186381
1929.072878,2049,8461.099281
659.163195,695,8463.20582
1959.551621,2049,8470.145689
1495.258886,1553,8475.502364
1921.691372,2049,8482.439765
1956.402321,2049,8489.286345
1909.150701,2049,8496.160863
1952.353145,2049,8502.972306
804.879854,862,8506.18273
1939.148372,2049,8513.09695
1764.544208,1846,8519.392446
716.442333,756,8521.755305
1922.480539,2049,8528.697931
727.986129,784,8531.156629
1927.108857,2049,8538.110419
1943.369153,2049,8545.017461
1930.363906,2049,8551.960968
1944.681613,2049,8558.79254
1986.175734,2049,8565.693402
1972.485758,2049,8572.63321
1931.105899,2049,8579.576739
1955.653143,2049,8586.566488
1975.156374,2049,8593.481201
1943.028037,2049,8600.371815
1934.281157,2049,8607.23105
1945.51361,2049,8614.0654
1955.87658,2049,8621.023758
1958.689499,2049,8628.043831
1955.033511,2049,8634.974222
1948.6841,2049,8641.873548
1930.951011,2049,8648.741433
1935.653785,2049,8655.614304
1961.208869,2049,8662.507444
1969.491935,2049,8669.399345
1942.722706,2049,8676.280274
1933.201126,2049,8683.267394
1927.339201,2049,8690.336604
1945.642959,2049,8697.346147
1965.167609,2049,8704.288398
1956.113041,2049,8711.212731
1500.111449,1574,8716.590493
1938.54883,2049,8723.509695
1947.016875,2049,8730.492766
1969.999679,2049,8737.461965
1958.264668,2049,8744.504131
1968.120361,2049,8751.421886
1929.162938,2049,8758.342809
1967.918589,2049,8765.263008
1436.280031,1515,8770.513537
1941.888504,2049,8777.343658
1920.713486,2049,8784.27089
1927.459851,2049,8791.225949
1949.429682,2049,8798.2772
1940.415463,2049,8805.243919
1973.513101,2049,8812.217525
1632.146881,1746,8818.221761
1932.685148,2049,8825.250748
1961.448636,2049,8832.139461
566.131753,621,8834.042264
1996.431182,2049,8841.022158
1965.749979,2049,8847.979156
1964.944722,2049,8854.953234
1979.080317,2049,8861.987507
1935.942302,2049,8868.884935
1969.938273,2049,8875.825364
1954.050281,2049,8882.791698
1928.490746,2049,8889.766363
1979.521495,2049,8896.771809
1941.493207,2049,8903.733224
1938.327884,2049,8910.693052
1933.53357,2049,8917.684557
1913.104787,2049,8924.665457
1934.502695,2049,8931.626441
1945.383103,2049,8938.617247
1955.818776,2049,8945.645376
1943.585546,2049,8952.595742
1932.95271,2049,8959.464507
1933.533099,2049,8966.497925
1948.660204,2049,8973.454292
1942.967391,2049,8980.471451
1936.798887,2049,8987.456097
1949.478655,2049,8994.337054
1937.953835,2049,9001.307081
1949.237303,2049,9008.238972
1944.673594,2049,9015.179792
1931.785418,2049,9022.02598
1961.988645,2049,9028.928768
1959.491006,2049,9035.826914
1940.842506,2049,9042.780599
1961.845862,2049,9049.730203
1936.038257,2049,9056.684843
1970.346871,2049,9063.625426
1958.216205,2049,9070.617044
1942.165264,2049,9077.508477
1943.656018,2049,9084.544583
1928.677346,2049,9091.349996
1974.983317,2049,9098.214209
1978.12984,2049,9105.027005
1461.51415,1532,9110.359492
855.169091,929,9113.232628
1956.502943,2049,9120.067554
1953.93948,2049,9126.860639
1948.205796,2049,9133.694283
1939.541148,2049,9140.591604
1295.277927,1385,9145.421486
1964.711296,2049,9152.268203
1963.042851,2049,9159.204041
1956.099395,2049,9166.119493
499.246366,539,9167.687503
1967.05246,2049,9174.58796
1969.339702,2049,9181.43188
1961.556143,2049,9188.299586
1940.213601,2049,9195.140719
1972.399612,2049,9201.976459
1973.915544,2049,9208.804337
1968.632496,2049,9215.638206
1949.246967,2049,9222.474233
1946.905573,2049,9229.365733
1942.777587,2049,9236.183135
1990.392119,2049,9243.033455
1955.13936,2049,9249.913027
1954.197117,2049,9256.776694
1944.337192,2049,9263.655324
996.835464,1032,9267.409756
1926.919068,2049,9274.309289
1980.68061,2049,9281.104455
1963.441261,2049,9287.900104
1954.68546,2049,9294.802648
1468.53031,1520,9299.356819
1967.183609,2049,9306.152325
1975.726223,2049,9312.995481
1968.274884,2049,9319.908628
1974.809561,2049,9326.674239
1962.076407,2049,9333.563325
1961.293766,2049,9340.359406
1959.089888,2049,9347.376783
1971.142751,2049,9354.30293
1957.265285,2049,9361.197622
1954.326855,2049,9368.082262
1970.221975,2049,9374.991478
1958.684386,2049,9381.912619
586.77627,615,9384.359627
1948.429863,2049,9391.231064
1970.173945,2049,9398.166831
1922.473337,2049,9404.956331
1959.736604,2049,9411.886125
1948.534456,2049,9418.810237
386.228302,403,9420.033249
1945.282274,2049,9427.05908
1675.160501,1753,9433.034567
1953.047181,2049,9439.96232
1942.858851,2049,9446.863748
1935.835277,2049,9453.873737
1940.847253,2049,9460.848527
1930.271763,2049,9467.846206
1959.974124,2049,9474.830774
1936.705953,2049,9481.830198
1968.27195,2049,9488.76185
1968.27912,2049,9495.762734
1925.62842,2049,9502.687872
1948.131351,2049,9509.647488
1943.451448,2049,9516.565201
1969.421523,2049,9523.559549
1978.64936,2049,9530.562573
1958.799832,2049,9537.517462
1964.69814,2049,9544.412209
1951.461832,2049,9551.329521
1935.22052,2049,9558.274067
1920.695646,2049,9565.228488
1971.225949,2049,9572.157272
1959.20664,2049,9579.105249
1976.893769,2049,9585.939065
1944.913516,2049,9592.829315
1168.414038,1223,9596.57942
1963.405217,2049,9603.416645
1929.892311,2049,9610.365411
1917.966885,2049,9617.238067
758.872829,803,9620.272085
1974.891648,2049,9627.149687
1947.780932,2049,9634.043014
1310.642189,1390,9638.356889
1805.817928,1900,9644.832015
1937.638498,2049,9651.710082
1198.424195,1275,9656.248086
1970.872907,2049,9663.116252
1967.67819,2049,9670.026696
655.503766,693,9672.183333
1938.134942,2049,9678.996569
1955.245235,2049,9685.897256
1943.995921,2049,9692.694808
1953.988972,2049,9699.534911
1970.42067,2049,9706.318177
1990.664101,2049,9713.208086
1953.233333,2049,9720.296564
799.447516,837,9723.358774
1949.335537,2049,9730.19264
1947.204698,2049,9737.234948
1949.02846,2049,9744.07353
906.143916,951,9747.094907
1130.094471,1182,9751.341561
1953.241652,2049,9758.325965
1953.08142,2049,9765.147175
1940.393763,2049,9771.995761
1161.332223,1218,9775.773954
1986.180358,2049,9782.643826
293.244537,301,9784.125027
1957.120259,2049,9790.979682
1976.918759,2049,9797.784786
644.764182,670,9799.957537
563.956682,593,9801.704451
1021.023446,1099,9805.562788
1955.477611,2049,9812.48865
1964.56753,2049,9819.334888
1943.307431,2049,9826.188842
1321.081894,1381,9830.25399
1228.159643,1279,9834.750552
1938.36084,2049,9841.584782
508.208281,530,9843.180778
331.733842,353,9844.3061
1972.863761,2049,9851.240598
1095.437825,1139,9855.215049
350.374071,377,9856.318618
1150.424921,1210,9860.60173
185.981177,197,9861.20783
260.994775,278,9862.041424
1930.994114,2049,9868.922646
1193.347699,1261,9873.295425
1959.27805,2049,9880.115627
1942.337288,2049,9886.992783
1961.380825,2049,9893.941627
1956.086202,2049,9900.897103
1954.696557,2049,9907.792419
1973.381248,2049,9914.708995
1966.947488,2049,9921.542536
1952.578489,2049,9928.407223
1954.411695,2049,9935.310483
283.653104,290,9936.187641
1970.725708,2049,9943.044428
1941.624739,2049,9950.033297
1960.347959,2049,9956.915814
1954.999402,2049,9963.705444
1957.174855,2049,9970.56561
1957.879926,2049,9977.467468
1193.240835,1296,9981.375928
1923.106096,2049,9988.164078
1949.713702,2049,9995.037243
682.811567,712,9997.853938
1965.838306,2049,10004.721891
588.695447,625,10006.638512
1976.837795,2049,10013.522106
1963.546963,2049,10020.387151
1647.630216,1727,10026.253023
1990.247785,2049,10033.235904
1946.928046,2049,10040.188828
1976.350686,2049,10047.091666
1949.762712,2049,10053.982642
611.705371,652,10056.046829
1507.817682,1615,10061.455002
1200.97461,1256,10065.903454
1916.845208,2049,10072.750214
1395.145874,1477,10077.319514
1271.629562,1357,10081.947125
1959.50043,2049,10088.947712
