#{"t_start": 1566576136.116811, "env_id": null}
r,l,t
295.532042,1602,4.364995
116.47959,572,6.220085
34.884566,181,6.597337
94.851096,491,7.584908
169.87345,759,9.148644
64.384432,312,9.818394
42.080452,231,10.864231
131.758348,626,12.218388
50.180563,273,12.855262
437.539391,1782,16.981937
83.531631,417,17.904399
67.139294,350,18.690106
72.652884,409,19.761399
135.845182,634,21.518151
112.202391,563,22.627336
77.865289,403,23.488953
70.647279,372,24.295074
114.880805,642,26.19635
54.216535,284,26.758114
78.618114,375,27.584241
62.209118,358,28.335466
46.888967,274,29.010096
50.660635,266,29.588549
80.892763,445,31.205053
67.585956,343,32.017592
54.118152,298,32.746386
51.098523,304,33.335819
71.578926,397,34.090091
67.443137,378,35.285183
66.096859,377,36.194836
68.939184,383,37.111472
61.338854,348,38.046081
65.700039,384,39.086725
73.06827,402,40.019498
79.335366,393,41.23025
51.137708,292,41.821776
53.012674,276,42.546492
46.887984,257,43.068678
46.093062,242,43.719228
61.366339,309,44.458785
58.207416,295,45.091844
68.62119,362,46.347339
56.636685,290,46.976979
62.436365,343,47.909886
50.921042,289,48.496836
64.977313,357,49.241481
50.292043,251,49.771235
67.643545,360,50.898381
67.753159,359,51.613433
63.443046,319,52.575654
77.46577,461,53.515227
46.818541,248,54.007978
48.882514,266,54.628773
73.985392,362,55.787044
102.258704,649,57.215166
79.609645,481,58.157266
88.296611,532,59.274584
65.395964,385,60.409017
83.11428,501,61.490559
98.783661,638,62.961485
148.824899,964,65.452393
55.392541,340,66.147637
83.418497,515,67.380123
104.886739,647,68.766686
66.717487,394,69.570705
108.285821,693,71.491566
202.000693,1328,74.483588
128.02938,825,76.767791
162.869159,1065,79.317041
285.223527,1945,84.181157
308.74612,2049,89.11513
322.678566,2049,94.256563
320.62929,2049,99.499686
320.336831,2049,104.384206
331.41492,2049,110.12578
336.235934,2049,115.533664
348.744654,2049,120.730853
352.748207,2049,126.049313
366.500564,2049,131.291991
373.299996,2049,136.699399
378.982791,2049,141.879056
383.929508,2049,146.9654
389.449933,2049,152.420328
395.754197,2049,157.86552
404.80901,2049,163.04346
415.286308,2049,168.669141
419.502432,2049,173.926804
431.111704,2049,179.497654
425.082018,2049,185.062871
420.976002,2049,190.805634
427.280837,2049,196.386642
424.57983,2049,201.91518
420.010133,2049,207.22593
418.436186,2049,212.862251
415.550338,2049,218.210055
417.123989,2049,223.665742
411.877663,2049,229.473818
416.0637,2049,234.798206
417.286478,2049,240.97773
421.781572,2049,246.497421
424.349574,2049,251.842709
436.699179,2049,257.065941
430.204401,2049,262.40767
429.603178,2049,267.992163
426.159396,2049,273.478457
435.539388,2049,278.487192
439.438479,2049,283.427508
434.472293,2049,288.730381
436.606552,2049,293.893679
444.374457,2049,299.063415
435.065224,2049,303.947949
450.113345,2049,308.910121
441.063233,2049,314.080766
438.325911,2049,319.094911
447.181726,2049,324.105722
432.450785,2049,329.003424
429.142666,2049,334.167874
437.903946,2049,339.657621
442.537915,2049,344.400012
494.052206,2049,349.484501
532.865499,2049,354.375042
536.588798,2049,359.35038
581.484383,2049,364.4669
602.943917,2049,369.485134
563.020402,2049,374.3744
681.391312,2049,379.467639
758.434187,2049,384.572962
602.187745,2049,389.821398
660.166814,2049,395.147133
691.468257,2049,400.488434
712.88512,2049,406.297384
651.592967,2049,411.243973
702.026678,2049,416.292522
735.901508,2049,421.365175
806.047295,2049,426.637158
672.507449,2049,432.179221
703.69298,2049,437.697868
795.165188,2049,443.259697
841.791085,2049,448.618225
838.627943,2049,453.962987
833.904102,2049,459.260608
853.6084,2049,465.147307
766.634544,2049,470.272539
818.390889,2049,475.707145
826.648502,2049,480.721932
859.906125,2049,485.750264
905.152125,2049,490.888213
901.839247,2049,495.808568
609.053557,1363,499.72397
611.12484,1407,503.304444
812.210809,1877,507.974689
315.405886,810,509.735483
694.325098,1623,514.152451
334.132105,865,515.990528
373.35656,993,518.692137
352.51673,886,520.635098
708.126808,1610,524.500544
249.047622,695,525.996044
868.725153,2049,531.14865
876.709614,2049,536.300844
845.35534,2049,541.775758
855.877833,2049,547.060683
874.075476,2049,552.155388
866.510881,2049,557.226403
918.970882,2049,562.511414
962.596918,2049,567.410539
939.032999,2049,572.799192
967.743546,2049,578.007545
699.104147,1471,581.509848
438.174825,1014,584.291625
858.867418,1853,588.620883
890.293181,1850,593.592614
510.63821,1064,596.186516
376.641388,836,597.899416
490.49459,1041,600.547608
1008.696269,2049,605.336433
347.080078,761,606.920841
380.096872,845,609.019902
201.804979,483,610.037309
163.519073,398,610.912704
254.930384,574,612.239865
256.694808,581,613.892752
203.986216,486,614.943593
255.762527,578,616.211244
172.114981,409,616.987771
167.994593,405,617.802589
231.350321,520,619.369995
488.463765,1003,621.700776
351.612762,734,624.170929
305.644985,674,625.595987
497.668346,1010,627.652972
318.030729,686,629.524705
261.2967,585,631.050632
218.766686,502,632.1239
200.988082,481,633.172661
166.061655,400,634.384769
257.306877,580,635.613797
227.889922,503,636.951985
343.764273,721,638.854299
333.092975,745,640.516902
265.229405,593,641.726598
266.789465,592,643.133695
208.832395,485,644.62219
286.60286,609,646.036357
318.267032,694,647.507219
250.717727,572,649.304787
227.712657,507,650.712149
286.409014,609,652.029456
292.627413,619,653.231972
300.644496,636,655.032984
361.948081,739,656.526999
329.072033,696,658.409309
234.291288,518,659.658118
324.840943,661,661.031044
289.370631,610,662.318461
196.295371,439,663.588765
298.115853,625,664.920952
263.085945,555,666.1485
179.485501,417,666.999146
239.250673,520,668.441013
189.963803,432,669.343687
256.002609,544,670.508105
253.531519,536,671.624037
277.015865,601,673.353341
179.415841,417,674.495138
125.931834,318,675.164666
198.607546,438,676.092609
203.298075,444,677.028128
292.750242,628,678.858958
181.196446,417,679.757571
194.457625,435,680.642107
329.795736,670,682.222054
317.749604,657,684.155988
285.224536,616,685.405644
302.749164,636,686.754317
310.41581,643,688.597146
584.356825,1152,691.091712
180.084647,423,692.365308
627.372461,1244,695.090861
439.642934,866,697.452409
639.984787,1255,700.045463
318.024562,661,701.450965
485.668465,962,703.717402
211.066633,459,704.641408
325.669558,659,706.084991
263.693205,552,707.638814
201.599102,447,708.555664
209.991925,454,709.593433
249.628789,537,710.901149
210.612733,459,712.26699
323.257109,666,713.729231
439.94899,877,715.890251
325.174914,667,717.876142
329.611487,668,719.261245
435.498403,866,721.531435
561.455399,1091,723.833107
333.78923,674,725.322045
206.091074,451,726.592386
319.392325,659,728.004231
379.634506,762,729.727401
697.419224,1331,732.997227
268.868563,562,734.330407
283.011764,579,735.450422
366.088258,753,737.372801
271.716181,571,738.557527
198.066789,443,739.466884
505.600574,993,742.003406
757.445736,1477,745.482697
812.245203,1578,748.841269
896.915973,1715,753.26164
1064.698971,2049,758.077583
520.619661,1049,761.079674
367.320087,756,762.684205
562.864274,1130,765.432683
391.715201,822,767.085082
1051.849551,2049,771.917429
464.581478,951,774.410155
1058.575739,2049,779.126672
1060.763034,2049,784.178249
1044.690628,2049,788.918046
693.953932,1356,792.57622
1084.559226,2049,797.333431
1075.497947,2049,802.280943
1073.638976,2049,807.085835
1071.444553,2049,811.804415
525.251491,1020,814.408544
1097.360389,2029,819.436266
431.746919,862,821.169333
907.785829,1690,825.111108
904.609687,1654,829.08257
457.60773,880,830.916306
652.326995,1242,834.020696
533.173911,1031,836.434482
278.383854,552,837.749052
1116.893532,2049,842.617674
297.323687,595,844.269071
271.261469,573,845.488704
346.915777,666,846.815224
362.106105,687,848.818994
1125.891711,2049,853.760293
322.187789,660,855.19911
770.458156,1414,858.594342
482.622702,903,860.441952
328.733704,670,862.278083
566.508366,1061,864.491336
882.176815,1603,868.397778
1148.86281,2049,873.434011
463.806974,902,875.417737
446.960801,840,877.580175
607.502598,1085,880.046674
614.381705,1159,883.084974
333.465741,674,884.594599
399.752989,766,886.192478
496.547712,920,888.8543
739.734651,1356,892.116769
394.355367,745,893.67625
337.710346,688,895.242345
354.73551,675,897.053794
420.287208,782,898.728315
389.700467,743,900.388294
573.382374,1065,903.386556
432.096759,823,905.07607
291.16026,588,906.762984
425.815772,793,908.538044
580.546622,1048,910.922737
563.751029,1017,913.602985
456.794423,841,915.381133
1138.401636,2049,920.616438
340.023953,657,922.452703
422.924172,791,924.129262
905.697604,1605,927.839185
1159.649745,2049,932.806692
818.826438,1459,936.665623
570.615731,1066,938.898618
326.569669,641,940.352132
365.366413,707,942.199701
334.032491,647,943.590374
490.723778,928,945.975332
454.921289,824,947.806814
361.22114,682,949.247983
293.531599,562,950.899976
851.388642,1507,954.531163
353.788862,664,956.496276
504.465462,917,958.529973
458.517936,834,960.319389
355.003505,643,962.100496
524.548634,938,964.086162
393.804414,691,966.004776
261.398401,491,967.138321
921.521761,1620,971.472346
762.826112,1325,974.289066
237.152684,466,975.299361
247.575375,479,976.749315
401.965433,769,978.510933
346.654413,663,979.92064
676.693272,1255,982.940172
614.374944,1124,985.815572
438.889607,806,987.619859
329.225696,640,988.915234
266.834026,504,990.053869
486.380414,907,992.740205
301.737814,579,994.245935
349.184107,668,996.316995
298.961502,572,997.877274
257.046629,502,998.989874
381.381661,706,1000.383977
301.089553,584,1001.971444
530.56105,980,1004.210056
294.732787,539,1005.282956
391.645424,749,1007.348727
556.135473,1020,1009.584584
327.350866,639,1011.669889
365.841256,753,1013.609643
276.505469,514,1014.903634
302.776919,598,1016.52313
336.112384,641,1017.951958
280.681461,553,1019.250706
297.698679,569,1020.596735
531.103268,962,1023.150965
316.342465,639,1024.510515
516.096264,939,1027.068767
306.643457,573,1028.424837
289.766957,556,1029.702766
1119.805237,1955,1034.353546
307.051109,615,1035.627342
391.074857,775,1037.702451
333.79877,644,1039.36934
535.718325,1005,1042.53985
458.21983,823,1044.30965
508.224603,939,1046.315093
383.545441,710,1048.136188
405.345181,785,1049.791006
697.083815,1217,1052.799188
366.387546,679,1054.197045
602.566847,1132,1056.955583
19.105561,69,1057.096344
378.696714,707,1058.776371
478.262478,896,1061.056497
244.252485,479,1062.084415
291.540984,559,1063.33919
283.041574,563,1064.681805
376.846666,674,1066.565868
338.073054,657,1068.008259
282.424573,555,1069.331074
509.619462,948,1071.887983
19.252533,71,1072.138364
299.095014,575,1073.416838
19.017241,69,1073.541961
569.897076,1069,1076.032138
288.810282,572,1077.242703
364.512849,658,1078.652761
372.725172,697,1080.235488
368.474867,695,1082.112455
17.829762,63,1082.242197
581.42048,1050,1084.577922
473.428889,893,1086.846344
464.676504,875,1088.819732
517.89401,896,1091.172738
309.652031,583,1092.535821
232.70982,465,1093.510283
928.905639,1662,1097.464583
494.288202,910,1099.332511
298.604488,572,1101.005956
18.011036,64,1101.150163
363.407701,722,1102.661195
18.482698,65,1102.774189
297.226245,572,1103.903232
366.976231,702,1105.713547
362.327698,674,1107.265817
19.025844,69,1107.411348
319.883152,639,1108.828768
381.213358,710,1110.821906
17.393066,61,1110.929553
18.808414,67,1111.058534
243.923294,478,1112.109189
17.277731,59,1112.225359
17.728303,63,1112.355395
19.161754,69,1112.520158
18.717442,66,1112.674253
19.116699,70,1112.849193
17.978725,63,1112.981192
17.541654,60,1113.083961
326.053675,651,1114.96776
297.958969,569,1116.229515
283.639584,579,1117.479942
222.107659,463,1118.460275
288.941961,564,1120.275629
409.976075,703,1122.020702
243.933559,485,1123.324465
18.36361,65,1123.436763
18.634661,66,1123.570321
260.064724,501,1125.026473
490.918412,936,1127.194746
373.326098,619,1128.586774
224.596266,449,1129.839474
363.90809,655,1131.27482
596.203068,1052,1133.469374
277.908608,555,1135.082167
371.31889,701,1136.558589
219.888401,452,1137.667553
17.896091,63,1137.812811
208.60339,428,1138.685341
194.939529,397,1140.021868
225.817997,459,1140.975602
285.245538,538,1142.242101
356.088611,684,1143.704631
223.208375,428,1145.07934
222.63719,457,1146.117094
359.151449,686,1147.568233
437.479901,803,1149.674924
315.311065,606,1151.118561
222.317833,450,1152.152097
349.918512,680,1153.606037
18.060428,62,1153.739911
315.445293,606,1155.632298
205.883626,407,1156.610521
209.429891,410,1157.536426
18.561882,65,1157.664375
220.658213,423,1158.604262
194.195516,400,1159.800802
310.657059,507,1160.932083
227.620222,456,1161.958461
380.109562,736,1163.470353
17.793037,61,1163.580007
248.95605,486,1164.908625
284.844305,527,1166.095737
192.778858,382,1167.059082
191.954403,395,1167.943445
306.143275,548,1169.534834
283.768227,557,1170.708248
255.968755,496,1171.788567
235.826358,463,1172.809708
233.139977,464,1174.156439
338.025098,566,1175.549266
303.35635,529,1176.684684
243.278535,441,1177.581604
221.038186,444,1179.051937
186.695036,393,1179.979027
226.785476,414,1180.870175
178.571725,382,1181.894161
319.886345,603,1183.411898
356.011268,680,1185.399525
265.701091,487,1186.474206
247.498953,504,1187.535329
205.617794,400,1188.397771
189.933155,396,1189.580672
194.899226,393,1190.37052
191.074732,391,1191.21771
240.086165,468,1192.349273
276.544708,519,1193.899758
221.070706,411,1194.696108
215.776703,415,1195.612127
186.690831,384,1196.599355
439.454916,748,1198.238982
330.356238,678,1200.195916
309.133976,537,1201.328304
191.907676,406,1202.361621
421.663637,791,1204.367526
243.160801,462,1205.417679
263.486423,500,1206.449141
186.981938,372,1207.375669
242.40485,468,1208.83881
225.724382,446,1209.850472
193.833632,387,1210.63813
194.104292,386,1211.591704
323.947961,627,1212.962888
385.862497,706,1214.884384
229.938615,462,1215.768165
237.791227,466,1216.824148
362.837596,705,1218.726594
235.967937,450,1219.76286
287.354131,489,1220.880801
187.564322,386,1221.734468
385.464457,744,1223.708076
335.054142,656,1225.300263
240.058028,459,1226.308978
226.225504,440,1227.255244
259.768733,456,1228.682553
271.096952,548,1230.152268
383.827129,740,1231.842428
193.379989,391,1232.930708
270.477739,514,1234.539878
409.851586,782,1236.14297
232.765326,475,1237.089362
284.941446,523,1238.142474
363.381946,635,1240.092636
19.676744,71,1240.280081
491.896842,840,1241.964183
327.629062,632,1243.657452
566.666403,1035,1246.018993
388.828775,707,1247.599487
341.482013,675,1249.547627
284.669539,562,1250.902415
625.724553,1139,1253.87622
588.415754,1057,1256.04122
340.063014,656,1257.480894
369.364112,695,1259.430537
1249.402427,2049,1264.47887
884.861142,1453,1268.063004
387.991634,731,1270.113697
1113.402638,2049,1274.666296
1185.197398,2049,1279.691507
1200.994771,2049,1284.76278
296.136988,571,1286.058225
1214.912285,2049,1291.25247
771.826847,1386,1294.876135
547.994268,992,1296.981087
1234.22627,2049,1302.230442
1198.358861,2049,1307.533565
1203.581957,2049,1313.003186
1222.979801,2049,1317.979058
1172.357481,2049,1323.108752
1182.867134,2049,1328.245402
1128.292529,1899,1333.32299
1138.122091,2049,1338.390405
1211.427425,2049,1343.219194
1089.125182,2049,1348.357001
1243.100937,2049,1353.525923
19.812201,76,1353.672786
1124.064265,2049,1358.915463
1115.847537,2049,1364.14852
1167.326631,2049,1368.775513
1215.502288,2049,1374.171292
1234.823929,2049,1379.285974
1226.951663,2049,1384.290192
1135.289378,2049,1389.081926
1210.846769,2049,1394.263211
1201.937237,2049,1399.122105
1184.71126,2049,1403.861547
1134.194357,2049,1409.111091
537.14771,1087,1412.114276
872.884648,1439,1415.509307
1145.988732,2049,1420.598753
1238.547856,2049,1425.702436
1241.865352,2049,1430.723929
1216.708223,2049,1435.814274
1243.197282,2049,1440.705279
1226.524504,2049,1445.790831
19.512,70,1445.932788
1300.804962,2049,1450.611837
1317.306213,2049,1456.045607
1199.431643,2049,1461.179089
1305.973839,2049,1466.432157
1238.31742,2049,1471.543924
1273.378623,2049,1476.758551
1235.497347,2049,1482.313417
1230.817661,2049,1487.413962
1210.578841,2049,1492.486329
1229.563832,2049,1497.744416
1253.895151,2049,1502.35622
1289.207499,2049,1507.964593
1337.941129,2049,1513.858585
1325.600414,2049,1518.610852
1314.894366,2049,1523.542346
1228.724169,2049,1528.659507
1184.313942,2049,1533.816421
1356.350873,2049,1539.584918
1267.536998,2049,1544.688244
1377.987722,2049,1549.784165
351.934701,700,1551.290589
1130.388816,1796,1555.764766
1343.623171,2049,1560.549963
1317.304672,2049,1565.587733
414.994627,744,1567.228773
417.982426,732,1568.706907
1313.574126,2049,1573.860264
1379.479696,2049,1579.043087
155.827854,369,1580.270973
1296.778809,2049,1585.095827
1325.279037,2049,1590.298101
1355.064381,2049,1595.737466
1302.913774,2049,1600.62906
1337.411733,2049,1605.376316
1312.871343,2049,1610.228322
1259.354868,2049,1614.84111
1337.433964,2049,1620.320242
1396.572369,2049,1625.210602
1371.030582,2049,1629.982874
1383.846669,2049,1634.869999
1384.921212,2049,1640.569327
1364.038966,2049,1645.328249
1393.175853,2049,1650.268702
206.715312,465,1651.27728
1335.42211,2049,1656.373238
1363.290515,2049,1661.222188
1379.770829,2049,1666.349205
1373.304835,2049,1671.247949
1388.200761,2049,1676.082608
1339.249367,2049,1680.812489
140.142008,354,1681.507417
240.361889,518,1682.546077
241.299665,515,1684.115442
270.758537,512,1685.229936
1314.338283,2049,1690.213748
65.277473,188,1690.538292
66.953552,187,1690.931875
1268.083549,2049,1695.982032
1331.934491,2049,1700.892619
1286.533957,2049,1705.913039
212.541392,470,1706.832305
1310.049663,2049,1711.939996
1338.722498,2049,1717.203072
1291.998274,2049,1722.445353
1346.512558,2049,1727.448045
92.618253,247,1728.040559
1384.729993,2049,1734.071726
88.925526,243,1734.572973
1290.346843,2049,1739.573987
1356.407871,2049,1744.359103
90.819945,244,1745.31557
1292.865599,2049,1750.714922
71.978384,198,1751.132732
85.834444,237,1751.689351
1310.37619,2049,1756.838433
93.940145,252,1757.333482
210.388131,461,1758.324612
1283.172738,2049,1763.293765
1256.756602,2049,1768.785516
89.551786,244,1769.4254
141.073263,371,1770.203796
1311.885843,2049,1775.245334
1303.656555,2049,1780.381886
225.144412,470,1781.677712
1273.900673,2049,1786.770736
505.191191,849,1788.513242
302.293483,590,1789.720543
1312.443641,2049,1794.670101
1368.285271,2049,1799.629927
1337.808267,2049,1804.850347
221.739959,473,1806.23215
1254.891692,2049,1811.450027
1324.990327,2049,1816.40871
1291.808647,2049,1821.913482
1301.448753,2049,1827.087779
276.119204,507,1828.35683
586.551557,913,1830.191133
247.895578,482,1831.731104
483.029195,758,1833.358901
1309.671267,2049,1838.328404
1349.41575,2049,1843.237536
969.801419,1467,1846.789994
1367.981615,2049,1851.907008
1284.140752,2049,1857.087227
1378.651587,2049,1862.055699
1313.978293,2049,1867.394362
1367.209261,2049,1872.459217
1330.639962,2049,1877.899741
1365.880061,2049,1882.687607
1378.200607,2049,1887.744143
1351.940336,2049,1892.575368
1363.394972,2049,1897.724897
1335.080322,2049,1903.507249
1357.083293,2049,1908.261453
1360.400053,2049,1913.396729
1379.1808,2049,1918.460494
1447.345042,2049,1923.678638
1357.162069,2049,1928.747892
1487.818522,2049,1933.774135
1408.189062,2049,1938.621575
1321.835586,2049,1943.853917
1431.226549,2049,1948.919864
1453.943721,2049,1953.743058
1365.486717,2049,1958.823085
1275.522945,2049,1963.98508
1294.977131,2049,1968.963853
1314.516011,2049,1974.214674
1283.284686,1885,1979.071481
1334.480647,2049,1983.998743
564.47027,880,1986.102116
1296.792757,2049,1991.192081
1279.510235,2049,1996.12457
270.299016,498,1997.286874
1284.560227,2049,2002.332386
1385.734311,2049,2007.428553
1368.224821,2049,2012.205784
557.764736,895,2014.722969
1332.523255,2049,2020.373073
1408.309413,2049,2025.42775
1386.147179,2049,2030.611286
1389.700137,2049,2035.727063
1383.678021,2049,2040.535195
1375.969392,2049,2045.461926
1378.868437,2049,2050.57018
144.938269,350,2051.545031
1439.778123,2049,2056.570346
167.82818,363,2057.342239
198.789563,386,2058.1626
1299.154702,2049,2063.187493
1339.572424,2049,2068.141228
1332.286692,2049,2073.352133
1310.45965,2049,2078.451847
1404.728974,2049,2083.267985
1319.615125,2049,2088.486282
1331.593282,2049,2093.491012
1345.12135,2049,2098.807793
533.345324,879,2101.043274
1376.65779,2049,2106.172078
1379.943532,2049,2111.398106
1177.426885,1743,2115.326278
1311.263202,2049,2120.073159
1323.583798,2049,2125.279798
1369.724668,2049,2130.454394
1382.572541,2049,2135.321706
1370.199038,2049,2140.423674
1386.910668,2049,2145.839729
1452.834462,2049,2150.918646
1385.442685,2049,2155.916809
1433.486397,2049,2161.109309
1375.978078,2049,2166.492883
1402.781073,2049,2171.522977
1340.440578,2049,2176.942955
256.22385,446,2178.450028
1411.698492,2049,2184.221283
1399.406808,2049,2189.338331
1441.185015,2049,2194.533665
742.263409,1133,2197.094193
1146.574156,1728,2201.500165
367.891191,617,2202.855701
328.277342,575,2204.512511
1460.318035,2049,2209.413006
1351.164631,2024,2214.588263
1449.523666,2049,2219.871297
1423.041051,2049,2225.221218
1392.61639,2049,2229.934386
474.215614,756,2231.54563
1407.076671,2049,2236.69369
905.570985,1327,2239.845606
1316.070526,2049,2245.262785
520.316186,805,2246.990973
439.708322,720,2248.639453
1447.672372,2049,2253.791107
1468.526768,2049,2259.277777
295.126004,519,2260.839054
1350.271069,2049,2265.618025
1372.662389,2049,2270.874608
1415.537683,2049,2276.018296
457.906678,714,2277.561662
465.099448,760,2279.524717
198.33774,383,2280.756141
1444.018207,2049,2285.686501
1295.921674,2049,2290.903071
614.826928,1011,2293.21739
1410.466819,2049,2298.615546
1439.153958,2049,2303.419869
1407.753668,2049,2308.422334
1411.843439,2049,2313.956417
1396.203313,2049,2318.887737
361.782245,624,2320.357618
1398.688181,2049,2325.380718
1406.237834,2049,2330.889061
1470.566956,2049,2336.087249
191.859484,386,2337.296778
989.200052,1514,2341.064925
1404.962032,2049,2346.142889
1402.259496,2049,2351.067627
1388.253767,2049,2355.987976
1403.719741,2049,2361.299097
226.090409,411,2362.576368
1471.330106,2049,2367.588809
1415.067239,2049,2372.776509
240.591919,429,2373.721603
1412.29345,2049,2378.753705
1075.922151,1604,2382.651553
1446.339628,2049,2387.920125
1418.877482,2049,2392.839572
1437.118715,2049,2398.422992
255.945298,490,2399.601896
1399.26487,2049,2404.576918
231.160909,413,2405.501159
1465.580201,2049,2410.613381
1412.548005,2049,2415.335104
1361.896363,2049,2420.549588
1480.998403,2049,2425.515981
206.10935,393,2426.298573
1261.019863,2049,2431.783357
1482.839484,2049,2437.17425
1454.047356,2049,2442.518189
1360.40579,2049,2447.662558
1445.458486,2049,2452.854714
1449.9184,2049,2458.078529
1408.35366,2049,2462.967581
1446.152038,2049,2467.807007
1201.055801,1707,2471.995877
963.140926,1413,2475.960789
631.904429,944,2478.350865
199.099928,389,2479.180403
1287.597703,2049,2484.155031
1330.986128,2049,2489.153465
872.836817,1417,2492.748319
1436.859276,2049,2497.706753
322.780109,562,2498.860927
1364.494091,2049,2504.325706
1407.784124,2049,2509.260148
1478.181256,2049,2514.384444
1171.675601,1723,2518.664031
982.518281,1477,2522.350335
210.099929,395,2523.140204
663.534517,1030,2525.741409
1409.619969,2049,2530.7453
1465.570895,2049,2535.714578
542.141337,862,2537.688959
1330.767389,2049,2542.748484
1166.223222,1756,2547.028558
1406.633235,2049,2552.222987
1414.248765,2049,2557.143844
423.011131,679,2558.694111
1446.767324,2049,2563.835953
1409.596883,2049,2569.003636
1446.986116,2049,2574.280645
958.749267,1388,2577.950287
794.896562,1212,2580.782226
1279.801493,2049,2586.502476
1460.759242,2049,2591.675152
1419.919882,2049,2596.864782
1252.299079,2049,2601.929628
1428.760494,2049,2607.50739
1443.889658,2049,2612.973236
1404.988952,2049,2618.197188
1228.173502,2049,2623.288484
298.399482,505,2624.733027
926.265748,1364,2627.775799
1269.706429,2049,2633.619912
1250.212205,2049,2638.800269
1237.633196,2049,2644.176696
786.590327,1155,2647.218668
250.256411,457,2648.114518
1407.606926,2049,2653.128151
839.40801,1276,2656.55647
1391.95425,2049,2661.717141
1402.265049,2049,2666.861269
1371.476529,2049,2672.072388
1282.038309,2049,2677.719665
1232.607792,2049,2683.208717
150.462771,350,2683.915954
1431.127638,2049,2689.074102
180.079073,379,2690.092295
1367.688014,2049,2695.595405
1255.466138,2049,2700.989051
1462.347501,2049,2706.240104
1401.397381,2049,2711.462897
1440.893671,2049,2716.40714
1236.548107,2049,2721.802791
1377.698296,2049,2726.851334
183.114248,384,2727.759771
188.377529,381,2728.988875
755.9108,1174,2731.723691
454.285374,768,2733.358891
1397.09341,2049,2738.729142
1370.38921,2049,2743.831747
1382.776728,2049,2749.121314
1468.376119,2049,2754.581659
1470.923184,2049,2759.74961
1495.72887,2049,2764.882638
1327.878571,1962,2769.472243
1409.105967,2049,2774.830899
1468.404835,2049,2780.049854
194.52787,388,2781.239843
1395.894083,2049,2786.929589
1460.342989,2049,2792.318271
299.766211,559,2793.595933
293.370983,568,2794.780416
1424.441619,2049,2799.900879
1418.259463,2049,2805.089749
1453.556553,2049,2810.16011
1376.526819,2049,2815.259643
1375.636188,2049,2820.422269
201.545335,399,2821.278027
1481.521083,2049,2827.451298
1328.265541,2049,2832.862215
189.204559,386,2834.092808
1456.977106,2049,2839.245264
1473.011865,2049,2844.394557
916.549907,1380,2847.383618
1428.265443,2049,2852.280797
1410.275723,2049,2857.39768
1361.936677,2049,2862.556681
1373.379962,2049,2867.833483
1334.968997,2049,2873.143545
1391.343249,2049,2878.702731
1408.729033,2049,2884.166237
1275.307995,2049,2889.898904
588.653089,907,2892.220585
1447.133429,2049,2897.690389
1402.986964,2049,2902.682901
1419.042214,2049,2907.707728
1470.84814,2049,2912.664039
588.189523,954,2914.720034
939.428478,1336,2918.254841
392.488152,645,2919.596311
1372.038006,2049,2924.657338
1369.432713,2049,2929.859991
1268.505068,2049,2935.159577
1421.141096,2049,2940.315752
592.787542,895,2942.79432
127.67097,284,2943.404374
518.831938,805,2945.375142
662.638191,1033,2948.074527
1417.203995,2049,2953.47038
1443.958693,2049,2958.635075
1445.380724,2049,2963.78938
1473.076211,2049,2969.163111
1465.218811,2049,2974.187813
460.148307,737,2975.755861
1480.775012,2049,2981.185024
1481.62639,2049,2986.340267
1092.181838,1588,2990.383904
1176.252071,1655,2994.952933
1422.238539,2049,2999.855448
1429.656038,2049,3005.037076
1418.87203,2049,3010.326077
1453.169271,2049,3015.478241
1503.668185,2049,3020.692088
1089.297559,1515,3024.176186
1371.018234,2049,3029.356684
1417.874394,2049,3034.329133
856.849851,1296,3037.61519
1461.073597,2049,3042.540216
881.387803,1367,3046.005533
409.15442,686,3047.588874
1496.892207,2049,3053.031281
1445.002125,2049,3057.974711
1495.86171,2049,3062.807006
1451.780503,2049,3067.89799
1079.863746,1568,3071.822002
253.532998,460,3072.906711
1260.919803,2049,3077.971619
480.19044,766,3079.732864
244.237548,423,3080.797895
1505.375264,2049,3086.158255
975.479398,1506,3089.998037
1422.634905,2049,3095.377486
1499.245115,2049,3100.754989
1472.780857,2049,3105.880092
1490.986242,2049,3111.334881
1504.344985,2049,3116.802014
1473.501079,2049,3122.08629
1434.21509,2049,3127.541867
1413.790046,2049,3132.594135
138.917739,290,3133.166931
132.388783,281,3134.137692
1510.895132,2049,3139.497518
218.508517,403,3140.420418
1459.640699,2049,3145.7794
932.73931,1407,3149.073451
880.156032,1267,3152.314248
1252.212959,2049,3158.087832
1470.398697,2049,3163.164891
1398.89484,2049,3168.168682
1398.312531,2049,3173.369344
1465.776389,2049,3178.529761
314.750316,578,3179.799123
1223.110687,2049,3185.363231
1455.676315,2049,3190.679141
1229.122538,1699,3195.398779
123.769651,274,3196.006398
332.22459,603,3197.78456
126.922733,269,3198.428785
141.022775,288,3199.269667
244.03364,459,3200.23528
138.777375,278,3200.800412
123.226703,269,3201.464115
1122.918586,1543,3205.889668
240.477617,451,3207.157633
1212.205963,2049,3212.444494
1214.549702,2049,3218.375009
136.39648,279,3218.944106
772.116947,1117,3221.893703
309.695369,541,3223.343899
127.913712,278,3223.954301
126.654571,276,3225.062172
259.344337,471,3226.165991
123.323357,270,3226.723194
151.535301,291,3227.410704
576.815639,926,3229.486182
134.593769,295,3230.634478
129.23513,276,3231.278348
457.582093,730,3233.001206
131.940986,285,3233.728647
703.179734,1020,3236.956227
565.414214,906,3239.217052
136.047255,293,3239.862854
621.198498,933,3242.487594
129.19521,280,3243.042471
131.604865,274,3243.629789
124.123757,273,3244.41253
1370.462719,1974,3249.341299
145.245009,283,3249.950029
1213.763317,2049,3255.494831
120.742646,265,3256.027827
135.530892,274,3256.992232
241.758024,448,3258.32254
125.31746,278,3258.944265
1260.297021,2049,3264.694206
420.093119,697,3266.258793
286.801317,495,3267.500903
597.043844,998,3270.14473
248.060197,455,3271.070437
1227.130777,2049,3276.570617
126.081904,275,3277.16529
151.564686,295,3277.721424
131.204072,278,3278.72151
141.434064,287,3279.373051
1277.592881,2049,3285.390428
133.395938,279,3285.950073
375.37105,639,3287.403485
256.260047,463,3288.547498
1107.267806,1525,3292.512115
140.846735,280,3293.102118
1253.742885,2049,3298.779904
1468.836768,2049,3304.096421
1288.295469,2049,3309.191455
264.082676,460,3310.861571
1350.52776,2049,3316.532354
1283.687606,2049,3321.625549
129.315008,279,3322.196389
139.395361,282,3322.798195
411.944534,684,3324.308719
136.228951,284,3325.048814
155.238335,293,3325.798517
261.090509,466,3327.277585
465.205468,718,3328.956356
125.359183,280,3329.586536
1495.875889,2049,3335.027741
141.489923,283,3335.617787
138.428527,280,3336.198543
569.210656,872,3338.620811
1292.047505,2049,3343.613149
395.708988,676,3345.135606
1475.013662,2049,3350.128133
1426.329194,2049,3355.368109
136.7352,283,3355.92295
157.416092,307,3356.639371
139.408925,280,3357.671607
160.826112,299,3358.364936
154.055795,296,3359.011072
133.426057,273,3359.568151
793.92546,1215,3362.894953
1202.023983,1733,3366.941797
127.086507,270,3367.94019
138.438524,282,3368.545539
1450.711969,2049,3373.962321
206.778581,401,3374.793181
137.772617,284,3375.485995
1393.731483,2049,3380.454851
1421.645642,2049,3385.660452
803.628149,1192,3388.670625
1445.94505,2049,3393.763941
1477.341201,2049,3399.147089
200.126299,384,3400.077595
1474.130086,2049,3405.13868
1478.696274,2049,3410.672594
189.717846,381,3411.477497
1513.068589,2049,3416.77053
1440.194835,2049,3421.77756
1332.018099,2049,3426.956617
1445.790695,2049,3432.300375
1322.134246,2049,3437.510777
931.053564,1356,3441.193315
1417.3357,2049,3446.083699
1406.413284,2049,3451.36213
1465.604547,2049,3456.494087
1463.409579,2049,3461.702612
1446.930691,2049,3466.686795
1453.883591,2049,3472.237049
581.576188,868,3474.191857
1436.781206,2049,3479.288548
299.167807,526,3480.333025
833.404448,1229,3483.511014
1354.401409,2049,3488.478714
1393.429192,2049,3493.60708
1402.984852,2049,3498.589376
1373.148729,2049,3503.459488
1432.133127,2049,3508.825897
1383.981003,2049,3514.374408
1402.627604,2049,3519.587257
1405.673988,2049,3524.581303
1376.435362,2049,3529.730305
1503.572824,2049,3535.063855
137.778335,283,3535.614863
1352.459235,2049,3540.657301
1427.886901,2049,3545.661007
287.173762,490,3546.779624
1467.476168,2049,3551.881899
782.430511,1141,3555.483682
151.639513,295,3556.272283
711.974313,1079,3558.999292
1392.815882,2049,3564.674536
1420.683266,2049,3569.949499
1489.515886,2049,3575.101394
1430.217111,2049,3579.972338
1471.154447,2049,3585.070875
1505.766108,2049,3590.151667
1494.509174,2049,3595.201958
1458.660687,2049,3600.319744
1359.557303,2049,3605.46165
1436.583438,2049,3610.472209
123.918037,274,3610.999897
137.782531,293,3611.692875
1432.094561,2049,3616.806901
1414.765736,2049,3621.848149
1429.380329,2049,3627.117512
1398.402696,1954,3632.309665
200.698659,398,3633.11429
1456.58952,2049,3638.09969
1455.694512,2049,3643.111238
1448.621423,2049,3648.232374
1491.314733,2049,3653.597107
1463.010384,2049,3658.652539
1406.499117,2049,3663.75541
122.764014,268,3664.598934
1496.515768,2049,3669.662309
1458.979101,2049,3674.882084
128.015231,275,3675.717281
122.407645,266,3676.441842
1462.981317,2049,3681.481442
279.628147,488,3682.900846
120.646507,260,3683.477078
1452.988052,2049,3688.461426
1504.989748,2049,3693.668344
126.542412,273,3694.288507
576.504398,896,3696.321308
127.655035,269,3696.865062
137.45286,283,3697.873661
1483.375129,2049,3703.444937
224.826806,411,3704.463314
1528.570876,2049,3710.046386
1455.444808,2049,3715.060557
1413.806209,2049,3720.369575
1417.494315,2049,3725.516956
1479.008402,2049,3730.607925
1440.101212,2049,3735.825975
1419.399699,2049,3741.151679
1443.138871,2049,3746.098516
1437.734181,2049,3751.123074
1393.595372,2049,3756.364032
1478.855202,2049,3761.647902
1463.785106,2049,3766.447746
1402.037775,2049,3771.531851
1247.342304,2049,3777.062894
1238.26183,2049,3782.893424
1367.312551,2049,3788.446272
1378.397425,2049,3793.464891
1041.586823,1479,3797.859328
1430.588375,2049,3802.954511
156.600814,357,3803.704428
1449.259855,2049,3808.926071
149.798767,351,3809.73081
1472.414851,2049,3815.013137
1440.382951,2049,3820.522611
1469.121422,2049,3825.718589
1433.653857,2049,3831.393701
786.929019,1093,3834.290888
1225.461817,2049,3840.009746
1461.133108,2049,3845.385057
578.357874,943,3848.0018
1448.103771,2049,3853.04742
1216.660276,2049,3858.335665
1407.979392,2049,3863.473537
1409.157544,2049,3868.555276
1471.853305,2049,3873.796871
1454.870194,2049,3878.866277
374.822528,649,3880.261201
1275.738419,2049,3885.559182
1288.927467,2049,3890.8766
1398.647504,2049,3896.028169
1446.950808,2049,3901.370261
1384.456741,2049,3906.222698
109.946128,271,3907.167485
1435.865527,2049,3913.271593
1414.283012,2049,3918.801314
1385.002416,2049,3923.788566
1236.622524,1688,3927.87323
1509.370026,2049,3932.968379
1170.263772,1671,3937.289438
1298.274572,2049,3942.355152
1134.666982,1572,3946.231234
1440.391147,2049,3951.502105
1454.265065,2049,3956.685694
1500.028458,2049,3961.883566
1397.883512,2049,3967.040641
699.16031,1044,3969.378736
1219.16218,1710,3973.990012
1438.241016,2049,3979.246526
1501.048413,2049,3984.304951
1493.066662,2049,3989.539696
1493.177198,2049,3994.633919
1442.543376,2049,3999.761557
1446.862149,2049,4004.737964
1522.576952,2049,4009.769477
1245.88869,2049,4015.081888
1416.965957,2049,4020.436647
1256.539028,2049,4025.770432
1212.214293,2049,4031.269819
1222.897872,2049,4037.109863
294.201183,532,4038.327091
196.941994,380,4039.496131
1349.523849,2049,4044.61199
1233.958955,2049,4049.899692
1231.638014,2049,4055.629794
1272.725413,2049,4060.906753
1382.055211,2049,4066.344192
1348.586778,2049,4071.972046
1372.858604,2049,4077.15184
1352.695825,2049,4082.691959
267.3583,475,4083.942699
1391.197919,2049,4089.178505
1280.627502,2049,4094.560859
1459.696801,2049,4099.70053
1090.92757,1527,4103.612817
1472.272049,2049,4109.217457
140.993478,291,4109.809723
210.378421,399,4110.684961
1288.537833,2049,4116.218927
711.172957,1042,4118.77378
881.992255,1335,4122.302063
147.649863,302,4122.928962
129.00573,277,4123.56502
138.553147,294,4124.215214
161.670344,335,4125.32236
1363.785036,2049,4130.588822
1488.637214,2049,4135.83823
514.091711,796,4137.790034
1433.077172,2049,4142.93116
1439.661764,2049,4148.052309
1479.890277,2049,4153.281045
1441.711077,2049,4158.483608
1456.741093,2049,4163.970706
1352.258638,2049,4169.224401
1371.170092,2049,4174.580786
212.149784,399,4175.436863
1455.721352,2049,4180.848418
1308.19562,2049,4186.346956
1469.120143,2049,4192.048705
1466.988818,2049,4197.514108
1458.865298,2049,4202.663638
1390.181676,2049,4207.643867
1447.383446,2021,4212.758195
1472.189106,2049,4218.474614
1359.756377,2049,4224.146508
1467.586161,2049,4229.351526
1466.610304,2049,4234.455032
1106.74731,1548,4238.58342
1456.302415,2049,4243.973189
1285.612397,2049,4249.775983
137.444392,278,4250.453491
131.386573,282,4251.090773
1516.257766,2049,4256.257755
1408.854036,2049,4261.772045
1436.462476,2049,4267.291971
139.269052,299,4268.024615
129.093773,277,4269.016075
1354.296074,1933,4273.681282
1437.309087,2049,4279.548617
1230.013903,1767,4284.334455
131.846122,280,4284.939436
1425.640269,2049,4290.0635
1478.607654,2049,4295.467899
184.39129,378,4296.861099
1432.314228,2049,4302.273582
1405.903016,2049,4308.237455
1475.146832,2049,4313.745851
1420.658736,2049,4319.121725
1468.84718,2049,4324.400869
1460.822114,2049,4329.521721
1353.482296,2049,4334.733345
1420.229455,2049,4339.850872
1272.809053,2049,4345.391566
1528.045895,2049,4350.76399
1230.328709,2049,4356.663012
1483.648863,2049,4362.026167
1357.138092,2049,4367.609284
1354.588204,2049,4372.828254
1484.629254,2049,4378.420773
1442.500865,2049,4384.470587
1472.328874,2049,4390.092174
1377.670709,1898,4395.34102
724.337399,1132,4397.849497
1153.359962,1652,4402.586856
1250.077234,2049,4408.397253
123.762789,272,4408.930467
1279.383113,2049,4414.248122
1344.586206,1905,4419.244434
1536.258352,2049,4424.775373
1485.522332,2049,4430.093775
1504.051548,2049,4435.586373
144.620555,305,4436.189888
1442.492314,2049,4441.749491
1421.796302,2049,4447.020121
1459.432316,2049,4452.315544
1448.416084,2049,4458.247493
1494.166386,2049,4463.730845
1416.182721,2049,4469.082125
212.945638,411,4469.929342
1290.093533,2049,4475.365801
1487.722944,2049,4480.782753
1485.35677,2049,4486.606304
1505.554468,2049,4491.933432
607.157828,936,4494.51297
1452.543272,2049,4499.876787
1445.086793,2049,4505.049436
1427.937632,2049,4510.284336
1407.408672,2049,4515.552312
1491.731246,2049,4520.914227
1391.747755,2049,4526.018552
1503.753997,2049,4531.287111
1417.893069,2049,4536.679887
1382.624299,2049,4542.081434
1343.253618,1797,4546.827795
1104.624052,1583,4550.64483
1351.261613,2049,4555.908862
231.949574,454,4557.292768
1462.654411,2049,4562.61382
1278.459583,1837,4567.459903
750.34236,1120,4570.284674
149.24523,308,4571.20069
1462.82981,1949,4576.306116
1462.147065,2049,4581.497156
1492.763539,2049,4586.756565
1491.397743,2049,4592.363866
133.167847,285,4592.996747
1542.196588,2049,4598.32661
133.937978,287,4599.536969
1363.687606,2049,4604.983799
1448.904973,2049,4610.505531
1304.419324,2006,4615.464517
431.382002,734,4617.214394
166.535655,342,4618.034149
1448.362194,2049,4623.384516
249.267772,459,4624.407115
1447.658995,2049,4629.63489
1014.602628,1488,4633.879901
1476.696243,2049,4639.187293
1126.318151,1758,4643.612921
1423.893104,2049,4649.009707
1594.621925,2049,4654.379905
1403.847835,2049,4659.694045
1211.430477,1871,4664.545882
1419.092222,2049,4669.605369
1222.084657,1817,4674.1922
1123.551337,1686,4677.992679
1245.341923,1820,4682.919989
1516.569063,2049,4688.234048
1304.071529,2049,4693.625371
1140.90452,1656,4697.997292
256.243671,472,4699.256787
639.125027,977,4701.850129
1109.05711,1615,4706.274199
753.185657,1148,4708.938655
875.92187,1285,4712.289432
1435.416483,2049,4717.450985
707.302786,1076,4719.814968
1408.112856,2049,4725.428853
1218.386536,1620,4729.999749
1062.031162,1575,4733.955317
629.915311,977,4736.298961
1452.584538,2049,4741.641862
1383.339498,2049,4746.98746
1487.265918,2049,4752.686886
985.592362,1412,4756.224627
217.62301,418,4757.202586
1020.349765,1477,4761.067336
368.405411,616,4762.84155
581.899086,877,4765.239758
1438.986958,2049,4770.537733
162.360746,349,4771.313815
1296.150397,2049,4776.562224
1460.714719,2049,4781.970713
1509.466165,2049,4787.033014
1472.590105,2049,4792.493317
1309.40674,2049,4798.052373
1490.769252,2049,4803.167659
1624.177111,2049,4808.446601
1551.238904,2049,4813.860202
1416.973101,2049,4819.330688
308.745869,563,4820.681299
1533.252013,2049,4826.316927
162.14122,345,4827.134543
484.65748,788,4829.350981
1525.368303,2049,4834.505272
1430.120198,1939,4839.707144
1592.134069,2049,4845.391268
1498.711394,2049,4850.671054
1358.061878,2049,4855.949854
191.007813,377,4856.765215
607.774824,989,4858.944921
1114.146108,1637,4863.099113
1363.512816,2049,4868.366499
139.53947,299,4868.939604
1537.607613,2049,4874.848197
1285.594417,2049,4880.457359
1368.140704,1889,4885.474247
1289.859824,2049,4891.106707
456.43697,691,4893.106286
1112.878045,1753,4897.073354
1469.252357,2049,4902.255494
1121.70056,1587,4906.441282
1678.641696,2049,4911.855858
1317.393127,1724,4916.701571
1034.375611,1389,4920.651988
1425.832678,2049,4926.032994
266.554082,471,4927.024791
1109.555791,1500,4931.003603
151.554547,340,4931.952451
187.422962,371,4932.820694
1392.160895,1881,4937.576669
1428.379253,2049,4942.675794
1388.079263,2049,4947.714929
108.621877,268,4948.29543
864.673117,1244,4951.442584
1456.667919,2049,4956.970137
97.043378,245,4957.513551
1565.468708,2049,4962.604966
173.887575,364,4963.548563
1059.952654,1509,4967.751663
215.572105,397,4968.578532
1400.789784,2049,4973.729521
681.196658,1047,4976.291693
1302.826109,2049,4981.990019
1418.688472,2049,4986.968101
1358.723166,1898,4991.502975
941.68013,1361,4994.938137
1531.231135,2049,5000.369033
1318.063672,2049,5005.828185
1303.896384,2049,5011.313013
935.879339,1402,5015.167227
432.397223,698,5016.714273
1502.939122,2049,5021.797474
1507.78791,2049,5027.199223
1428.107884,2049,5032.422321
1528.306974,2049,5037.843419
754.650449,1095,5040.806197
1505.282197,2049,5046.379173
224.270529,424,5047.247187
827.752616,1237,5050.612734
1274.91261,2049,5055.88732
1291.316463,2049,5060.995135
169.626845,353,5062.185166
272.615891,488,5063.230366
1360.697869,2049,5068.468745
18.338638,62,5068.581429
868.598586,1265,5071.6844
1240.552498,1715,5076.400118
542.601721,817,5078.778474
635.637367,1007,5081.067925
915.317513,1283,5084.357203
300.535274,541,5085.622213
1355.372033,2049,5090.680022
665.84297,1043,5093.469614
421.73055,625,5094.803377
591.978623,857,5096.794655
1168.558587,1595,5101.32166
1030.829273,1333,5104.78073
625.581863,896,5106.731667
1290.134236,2049,5112.011354
1261.691785,2049,5117.644178
1283.186978,2049,5123.1383
775.358875,1086,5126.024647
1417.233738,1955,5131.059655
126.70465,280,5131.75931
363.861189,576,5133.134044
1306.526933,2049,5138.554093
225.286431,411,5139.524982
167.230373,361,5140.341231
650.864655,1003,5143.039881
385.148973,609,5144.369104
470.414873,723,5146.536265
1187.951952,1657,5150.666397
441.627985,742,5152.800696
1309.735107,2049,5157.840309
527.408087,797,5159.715072
1541.301195,2049,5164.860121
365.220215,581,5166.153569
1167.350002,1689,5170.634279
116.245033,270,5171.402461
487.031258,743,5173.466657
1445.469335,1953,5178.763805
683.125665,966,5180.935335
1304.912558,1902,5186.093654
1418.093871,1843,5190.990468
1321.767118,2049,5196.643039
312.805227,574,5197.842688
651.173188,992,5200.427671
1368.840174,2049,5206.078628
1206.238352,1746,5210.526959
1109.974636,1543,5214.229891
1301.730696,2049,5219.707934
1431.542487,2049,5224.888677
1450.173728,2049,5229.905911
1376.215146,2049,5235.239732
1377.45173,2049,5241.031283
1442.906922,2049,5246.008718
1454.636223,2049,5251.344383
1554.319527,2049,5257.057656
1427.362941,2049,5262.233441
1491.776359,2049,5267.308917
1497.797477,2049,5272.553949
1524.055361,2049,5278.042108
1259.192079,2049,5283.593607
876.322795,1231,5286.803214
1297.155749,2049,5292.022006
113.965432,266,5292.736816
785.967451,1129,5295.61299
911.351108,1254,5298.56635
1461.488464,2049,5303.8966
531.729314,860,5306.194067
1649.088441,2049,5311.654001
904.247444,1225,5314.375574
1462.233278,2049,5319.936288
1414.271362,2049,5325.300588
883.802252,1248,5328.600948
1275.382447,2049,5334.04414
538.034323,748,5335.786391
18.070425,61,5335.910106
562.689441,826,5338.183257
225.123825,427,5339.192182
130.820619,276,5339.760835
1331.6284,2049,5345.057234
1420.985995,2049,5350.442442
1473.849605,2049,5355.75145
993.484756,1294,5359.424214
1484.388147,2049,5364.481151
1441.803127,2049,5369.549076
1132.235021,1588,5373.774319
661.44523,956,5376.586948
1436.107533,2049,5381.668517
1445.974906,2049,5387.131626
264.686396,506,5388.199954
474.984918,715,5390.419483
1420.2395,1819,5394.680149
543.936777,807,5397.000744
603.079095,912,5399.083796
869.864839,1228,5402.262776
577.15461,893,5404.289946
853.084799,1198,5407.571755
324.571009,560,5408.880822
347.528941,602,5410.255588
455.727949,739,5412.329289
907.032601,1132,5415.005204
1641.583037,2049,5420.786585
458.92919,792,5423.039381
674.237679,1069,5425.602954
1325.651736,1871,5430.376728
1638.368829,2049,5436.000709
639.676933,954,5438.889509
1281.867726,1789,5443.533951
991.792563,1343,5446.76208
1335.08056,2049,5451.679729
1473.508039,2049,5457.051775
1183.932246,1406,5461.321889
912.615782,1158,5464.120584
1289.404818,2049,5469.482169
1245.115007,2049,5475.169799
1227.098107,2049,5480.879325
1361.658132,1727,5485.254238
1257.436817,2049,5490.572658
472.757542,653,5492.507997
194.159342,408,5493.395163
1734.627469,2049,5498.831679
995.665886,1325,5502.085967
950.851006,1265,5505.705567
1751.131163,1978,5510.884936
1144.779028,1491,5514.874148
1719.691058,2049,5520.485004
237.488354,410,5521.3739
1586.512956,2049,5526.940895
1609.608724,2049,5532.10475
1570.710828,2049,5537.272565
18.798816,64,5537.436277
1712.842922,2049,5542.870864
1774.263026,2049,5548.329223
1291.156319,2049,5553.701922
1719.255542,2049,5559.121871
1552.083114,2049,5564.378176
1667.55299,2049,5569.677468
131.257329,289,5570.288811
1782.971475,2049,5575.675797
1484.806635,1848,5580.855823
890.504521,1177,5583.731253
1730.667741,2049,5589.239767
1243.280018,2049,5594.525451
1216.470294,2049,5600.252323
1306.864415,2049,5605.646795
1638.025677,2049,5611.083346
108.703451,257,5611.688211
723.463192,1096,5614.162332
1277.863124,2049,5619.360065
943.349843,1275,5622.833363
1644.18351,2049,5628.134182
1495.177891,2049,5633.3237
1664.797946,2049,5638.932266
1470.795025,2049,5643.857047
1440.664231,1783,5648.481057
1740.459411,2049,5654.476138
1741.804466,2049,5660.200683
1740.70476,2049,5665.724421
1614.846347,2049,5671.164596
1320.691886,1526,5675.40105
1482.076001,2049,5680.728033
1688.869426,2049,5686.182113
1716.670195,2049,5691.781995
1296.444295,2049,5697.105484
1732.505485,2049,5702.56247
1765.857559,2049,5707.957578
1860.59233,2049,5713.255985
1863.502329,2049,5719.206188
1763.240547,2049,5724.78464
1828.325476,2049,5730.09274
1703.016909,2049,5735.606953
1729.575098,2049,5741.114094
1730.707174,2049,5746.663004
1778.762644,2049,5752.315513
1818.718788,2049,5757.627143
1813.506442,2049,5763.237889
1811.87149,2049,5768.768509
1720.909087,2049,5774.460603
1869.504833,2049,5780.139999
117.017758,264,5780.691227
1831.183321,2049,5786.261967
276.281746,472,5787.371695
1585.837931,2049,5792.675159
409.188099,679,5794.255473
1747.365038,2049,5799.866363
1799.109562,2049,5805.564383
1684.883017,2049,5811.180779
1778.07959,2049,5816.647302
245.311172,447,5817.612496
1778.791384,2049,5823.371297
332.495973,551,5824.943228
411.838638,713,5826.469722
1852.600092,2049,5832.133857
1813.505953,2049,5837.710515
109.656818,254,5838.254092
1845.658206,2049,5844.39172
110.282847,256,5844.890831
1845.656085,2049,5850.595258
175.552941,364,5851.744284
1663.567608,2049,5857.533222
135.656692,277,5858.079417
1255.116488,2049,5863.295107
1580.465526,1829,5868.175579
1285.07196,2049,5873.389659
1781.647351,2049,5879.44244
105.245764,257,5879.953922
118.093387,265,5880.547543
263.288432,467,5881.681017
1796.343663,2049,5887.474747
1602.349222,2049,5893.054156
116.538229,279,5893.714313
127.179868,276,5894.326755
1813.139427,2049,5899.972598
1259.653636,1534,5904.109737
609.143005,841,5906.285434
590.594839,965,5908.923327
1812.651184,2049,5914.392202
164.16051,349,5915.104954
162.576349,342,5915.864246
1771.988945,2049,5921.302361
1796.15838,2049,5927.009814
338.139907,598,5928.666849
1481.537634,1839,5933.060792
105.034725,255,5933.989761
704.317416,979,5936.334919
1809.594503,2049,5941.857729
261.945986,482,5942.981938
210.583283,377,5943.851166
103.561887,250,5944.84331
1782.83471,2049,5950.704417
652.261236,1056,5953.163033
1815.713863,2049,5958.760504
1758.561267,2049,5964.434125
1817.008591,2049,5969.960133
129.455453,301,5970.660006
520.253386,815,5973.080026
1741.216912,2049,5978.48837
1025.813927,1647,5982.115788
1847.629957,2049,5988.256444
20.715501,72,5988.42336
121.638539,272,5989.391509
1795.797774,2049,5995.386608
1134.669782,1920,6000.120474
1325.454369,2049,6005.671475
1781.560744,2049,6011.476814
1797.350905,2049,6016.946907
966.481569,1240,6019.889171
160.313304,347,6020.631178
1697.33457,2049,6026.15957
270.348115,436,6027.540389
892.596262,1127,6030.333388
1823.486582,2049,6035.765201
118.153895,267,6036.300214
1304.570362,1760,6040.832937
1147.040976,1397,6044.799152
594.59382,942,6047.117065
404.017398,660,6048.911136
19.090914,67,6049.078662
1610.389765,2049,6054.347587
1811.412528,2049,6060.027504
548.063073,882,6062.052832
393.759756,649,6063.644368
1634.597794,2049,6069.034384
242.953843,462,6070.407046
1839.55307,2049,6076.200531
1712.479299,2049,6081.512373
407.727972,650,6082.852386
1403.365674,1818,6087.293394
1760.931559,2049,6093.114584
1717.7876,2049,6098.551464
138.22356,299,6099.186054
338.379707,563,6100.349116
1719.863749,2049,6105.755271
1772.781942,2049,6111.594176
1841.730385,2049,6117.163498
1846.746559,2049,6123.01876
285.172261,510,6124.344391
1838.21553,2049,6129.991363
1853.347435,2049,6135.653709
125.570405,273,6136.642139
124.359599,270,6137.276691
150.745172,302,6137.861428
1800.699296,2049,6143.267769
1822.166476,2049,6148.884686
266.285108,471,6149.854813
105.321721,249,6150.351216
1746.256136,2049,6155.709159
228.238273,439,6156.640902
111.040637,262,6157.703531
199.796051,358,6158.738848
1746.588992,2049,6164.370874
644.173754,972,6166.760222
1383.646608,2049,6171.838773
1816.6184,2049,6178.027381
557.676395,890,6180.389968
120.310133,276,6181.072794
121.91464,270,6181.664461
111.857214,260,6182.261365
97.546237,260,6182.860213
115.817532,268,6183.592654
1677.445313,2049,6189.128345
110.215343,256,6189.686457
97.432195,250,6190.636659
122.092156,271,6191.269458
114.295813,278,6191.924241
109.904703,259,6192.716362
113.477336,265,6193.426702
132.901572,289,6194.059868
108.330379,251,6194.594774
117.939657,281,6195.169089
1754.83998,2049,6200.713222
1822.098266,2049,6207.007434
122.149686,272,6208.006052
121.075817,275,6208.588233
114.420368,264,6209.123287
360.517351,594,6210.531339
119.085216,265,6211.102692
1747.615256,2049,6216.648396
109.519927,263,6217.333206
1830.068529,2049,6222.997818
1802.224172,2049,6228.782792
1834.7328,2049,6234.598589
106.318328,250,6235.609325
131.422167,299,6236.303477
184.400102,383,6237.177563
20.457979,71,6237.335063
119.940165,264,6237.844429
1817.833695,2049,6243.641497
144.946226,297,6244.447371
109.306902,258,6244.968491
376.219136,590,6246.559907
236.408343,411,6247.644156
1785.502353,2049,6253.099578
229.517595,401,6254.221088
1776.413805,2049,6259.799822
1695.648114,2049,6264.980525
101.676557,258,6265.662356
1810.227355,2049,6271.032033
507.01981,844,6273.445857
105.718687,247,6274.092564
256.893657,491,6275.263837
358.447876,616,6276.643203
1427.523113,1723,6281.224108
207.540867,397,6282.180275
123.289415,290,6282.712908
1802.343761,2049,6288.046057
117.04905,273,6288.585857
98.171228,245,6289.580521
1820.787922,2049,6295.375404
118.975625,272,6296.021735
1524.574999,2049,6301.441868
267.582263,530,6302.596943
224.68992,455,6303.702457
1865.686991,2049,6309.369164
317.510279,549,6310.963601
107.492837,267,6311.558447
238.996762,452,6312.482645
1797.106681,2049,6317.955464
248.654575,451,6318.94664
1863.444139,2049,6324.473818
628.86118,1050,6327.376857
1235.821073,1999,6332.798883
569.998161,933,6335.037975
1450.331169,2049,6340.238584
1800.932021,2049,6345.98651
214.420518,435,6347.088334
1785.859422,2049,6352.645637
1249.754551,2049,6357.779206
302.496576,532,6358.910576
1838.742241,2049,6364.072231
315.976158,540,6365.869649
1268.083661,2049,6371.205666
1130.248183,1615,6375.189244
266.838015,466,6376.180476
1806.774024,2049,6381.856904
1474.548119,2049,6387.147571
206.967537,429,6388.033504
1482.413354,2049,6393.277344
270.904897,465,6394.247096
1815.375065,2049,6400.253252
387.456226,629,6401.999364
1811.88137,2049,6407.859642
462.291321,726,6409.583689
588.659274,840,6411.457431
1835.667925,2049,6417.109549
1754.122789,2049,6422.75588
488.59939,776,6424.838343
1039.337258,1522,6428.692638
1294.610792,2049,6434.375327
415.817104,676,6436.257561
1678.563171,2049,6441.577658
1795.75592,2049,6447.551533
1763.695707,2049,6453.1774
1779.554007,2049,6458.814357
465.682739,770,6460.439616
1822.658265,2049,6465.839698
1829.596737,2049,6471.866325
1835.728982,2049,6477.508941
1679.671434,2049,6482.957495
1826.652997,2049,6488.541295
1822.62841,2049,6494.146869
1758.94618,2049,6499.634236
262.136018,489,6500.693827
1553.155728,2049,6505.969257
104.600581,257,6506.507664
190.118002,390,6507.729232
187.632271,373,6508.582701
421.26791,702,6510.367429
230.954423,426,6511.394785
1845.134385,2049,6517.178431
195.36932,355,6518.308148
343.445494,545,6519.644519
1787.564267,2049,6525.257504
113.782739,263,6525.775618
1869.98972,2049,6531.276268
320.391993,638,6532.670784
1810.364667,2049,6538.347106
1871.220311,2049,6544.237018
1737.120207,2049,6549.686756
1786.743239,2049,6555.226906
1866.456236,2049,6560.630531
1783.660401,2049,6566.258057
298.895839,567,6567.833229
1824.127572,2049,6573.719337
238.667569,455,6574.639086
276.709097,506,6575.798677
625.85378,894,6578.035171
1657.834579,2049,6583.741358
1808.925501,2049,6589.140465
1813.713204,2049,6594.876128
123.790957,281,6595.936418
615.653143,1003,6598.208341
1842.168152,2049,6603.974896
1224.042188,2049,6609.088667
1748.511422,2049,6614.327098
1852.181321,2049,6619.742536
1809.492093,2049,6625.434463
351.034598,620,6627.072507
1829.342969,2049,6632.971087
1859.538477,2049,6638.895887
112.582923,263,6639.930617
1861.894842,2049,6645.732296
1835.020644,2049,6651.348179
481.077203,847,6653.230719
1768.510261,2049,6658.846248
1253.147386,2049,6664.100828
1003.334215,1652,6668.729571
1775.630533,2049,6673.920715
248.207822,471,6675.166328
1765.213457,2049,6680.862607
365.878387,600,6682.148167
1759.151869,2049,6688.003165
1442.878807,2049,6693.77863
1750.487986,2049,6699.766195
1822.953928,2049,6705.429307
107.618443,257,6705.97179
1816.449215,2049,6711.602313
346.510874,590,6713.410146
310.147575,570,6714.938825
1805.84616,2049,6720.365194
358.007249,615,6721.776351
1806.012362,2049,6727.410794
255.015724,478,6728.834343
1771.509761,2049,6734.472019
1810.307201,2049,6739.914778
783.722607,1080,6742.340093
1681.483827,2049,6747.872288
1703.697051,2049,6753.307557
245.459028,450,6754.308356
1812.487065,2049,6759.689871
1870.266652,2049,6765.322522
120.107666,271,6765.866335
1720.430608,2049,6771.266593
1299.655192,2049,6776.617558
1826.057255,2049,6782.162441
1676.220021,2049,6788.018506
264.066138,487,6789.390676
1831.823777,2049,6795.175133
1856.221221,2049,6800.431516
113.512429,274,6801.073807
352.107976,598,6802.450924
1233.954625,2049,6807.808489
124.385251,269,6808.441741
1864.19842,2049,6814.197267
1849.935388,2049,6820.014123
129.128497,273,6820.587217
321.223413,591,6822.319298
209.084244,431,6823.302614
261.730795,480,6824.411034
1685.302184,2049,6829.909792
1831.483868,2049,6835.677402
1552.866294,2049,6841.213211
1856.189851,2049,6846.881232
239.260308,456,6847.891004
1827.262047,2049,6853.624823
1384.682936,2049,6858.839558
735.21977,1044,6861.679126
1251.88212,2049,6867.295499
1831.181408,2049,6872.786712
202.607698,409,6873.6556
419.180195,629,6875.293164
1795.005381,2049,6880.944315
1824.276446,2049,6886.462107
1806.910857,2049,6891.892478
112.119499,264,6892.430869
147.097122,338,6893.55983
262.742889,496,6894.581984
1799.462461,2049,6900.514488
109.194147,264,6901.232551
1820.66556,2049,6906.964762
1832.474277,2049,6912.437228
307.235828,560,6913.635809
1790.115592,2049,6919.463364
1856.512948,2049,6925.057265
310.425237,584,6926.804318
103.77362,258,6927.440328
327.18683,558,6928.813834
1845.367891,2049,6934.275734
1796.497176,2049,6940.215647
309.246651,547,6941.433868
725.038737,1072,6944.304808
350.383505,664,6945.691559
460.642598,808,6947.408011
1789.127523,2049,6953.272928
725.75819,1034,6956.207177
1802.023457,2049,6961.571435
263.098153,491,6962.89147
482.914625,753,6964.873901
1203.388232,1567,6968.708009
940.516367,1254,6972.101
1776.424902,2049,6977.955794
1830.74731,2049,6983.562151
104.085497,260,6984.158798
1747.381542,2049,6990.20661
1861.413659,2049,6995.574234
1867.569336,2049,7000.978498
233.917696,431,7001.866625
1767.378762,2049,7007.355643
204.43334,367,7008.378332
1850.090477,2049,7014.220491
1822.350405,2049,7019.877798
276.950216,501,7021.324412
1555.819903,2049,7026.836864
235.506217,460,7027.877444
1567.794514,2049,7033.32846
1771.143132,2049,7038.548613
1791.45828,2049,7044.011581
1833.467425,2049,7049.624497
1792.85277,2049,7055.41867
1828.705114,2049,7060.816024
285.428691,506,7062.098056
264.546568,488,7063.36528
1629.74763,1994,7068.570929
177.302177,382,7069.73286
1725.347122,2049,7075.034915
1749.253396,2049,7080.3413
1806.682632,2049,7086.047006
418.851434,706,7087.525811
1847.789129,2049,7093.365651
1802.108467,2049,7099.153096
1857.799204,2049,7104.536164
1802.210806,2049,7109.898889
116.626273,265,7110.487087
1843.650271,2049,7116.110622
172.575442,358,7117.043721
1699.189527,2049,7122.553373
310.478328,581,7124.154671
1793.68019,2049,7129.551452
225.704167,392,7130.529412
1815.15054,2049,7136.384126
1842.401162,2049,7141.836819
1253.495535,1508,7145.553738
368.571177,605,7147.222066
1869.092797,2049,7152.699411
1776.592193,2049,7158.200313
159.166951,349,7159.086023
581.396094,926,7161.142626
1851.709459,2049,7166.671897
1807.488621,2049,7172.083839
1834.500759,2049,7177.685663
123.395883,284,7178.318945
1782.503227,2049,7184.158705
1834.538727,2049,7189.677211
1835.226676,2049,7195.131981
1294.050736,2049,7201.039867
269.363431,492,7202.515779
1320.059321,2049,7207.73623
254.256653,446,7208.714208
1817.789109,2049,7214.092916
146.187243,290,7214.695046
129.277244,271,7215.321035
20.257804,71,7215.514184
1823.536506,2049,7220.877452
1062.596061,1695,7225.461787
1796.103856,2049,7231.01209
1641.053045,2049,7236.399539
140.008402,283,7237.0096
116.887199,273,7237.633665
279.01805,479,7239.023937
107.489433,260,7239.625161
1431.425604,1855,7244.767465
254.825752,425,7245.757175
736.697167,941,7248.195266
19.28396,66,7248.316316
1808.58208,2049,7253.991442
491.59107,759,7256.201046
1819.206327,2049,7261.828786
128.187303,274,7262.455928
1863.975571,2049,7268.045799
1832.928747,2049,7273.513744
1819.980634,2049,7279.041822
104.250512,259,7279.60184
292.697719,532,7280.839816
235.725251,417,7281.690459
104.76068,247,7282.612682
103.940444,257,7283.10936
1809.161813,2049,7288.608166
107.709672,259,7289.296983
1813.006999,2049,7294.793834
1848.595018,2049,7300.386983
21.473992,77,7300.567132
1857.151694,2049,7305.932864
1857.744088,2049,7311.744749
186.229207,380,7312.723154
1845.705212,2049,7318.521399
1619.231081,2049,7323.774327
1831.239743,2049,7329.623857
1390.733314,2049,7334.934793
1574.538772,2049,7340.350265
1791.463538,2049,7345.831984
1862.50503,2049,7351.958332
1768.078029,2049,7357.358887
1796.25895,2049,7362.659748
1761.409281,2049,7368.521614
1859.78132,2049,7374.346609
1848.869361,2049,7379.855741
1801.517491,2049,7385.564131
1435.824097,2049,7390.690413
1625.727616,2049,7396.11244
1788.066331,2049,7401.557323
157.093217,339,7402.340842
1765.789416,2049,7407.707268
1729.117288,2049,7413.172621
333.82857,602,7414.782031
104.004537,258,7415.743389
1794.902379,2049,7421.391168
318.330358,564,7422.793643
123.119407,272,7423.309577
119.491286,262,7423.825932
1817.335622,2049,7429.19315
116.738382,263,7429.762987
144.242178,293,7430.532005
113.456523,261,7431.468062
1782.374782,2049,7437.025212
330.986051,583,7438.53969
1759.707405,2049,7443.988805
1772.680106,2049,7449.247618
1825.451841,2049,7454.911832
1446.663111,2049,7460.216697
263.855344,486,7461.234493
1783.762463,2049,7467.027648
1811.798065,2049,7472.503761
274.240577,562,7473.665946
1756.204299,2049,7479.271688
131.464596,283,7479.91842
250.956406,454,7481.320797
1793.716324,2049,7486.749172
505.901147,823,7488.643058
110.522157,270,7489.248496
1309.191096,2049,7494.467336
1733.337008,2049,7500.19631
1739.884473,2049,7505.738591
166.6356,343,7506.680189
164.626506,355,7507.859069
114.040147,266,7508.430982
123.260468,266,7508.986205
1827.844812,2049,7514.659738
103.680777,254,7515.163286
257.664987,467,7516.171408
634.995061,969,7518.619933
1803.470618,2049,7524.186387
95.005291,242,7524.749304
1816.480877,2049,7530.274873
1817.151885,2049,7535.944579
93.516882,237,7536.424385
109.729736,257,7536.994683
444.740093,753,7538.805197
1744.169056,2049,7544.561768
113.543763,254,7545.520826
1829.967354,2049,7551.455802
1825.853866,2049,7556.865844
1734.863356,2049,7562.378508
231.576273,451,7563.29843
786.475429,1004,7565.752929
111.409906,261,7566.296438
1758.59215,2049,7571.750903
115.761696,282,7572.798682
1507.587183,2049,7578.315303
176.152954,368,7579.131827
1814.112163,2049,7584.735112
1677.58715,2049,7590.060922
1820.359768,2049,7595.670566
1677.819285,2049,7601.3603
99.8986,245,7601.89333
1821.795839,2049,7607.748723
113.341273,281,7608.389708
100.102307,262,7608.976569
1835.562332,2049,7614.660242
222.565814,398,7615.59909
1127.669728,1749,7620.723374
107.672314,273,7621.35319
1705.01402,2049,7626.887758
21.191014,75,7627.054644
1823.683551,2049,7632.568317
1408.832861,2049,7637.855088
159.317188,352,7638.584204
1824.211292,2049,7644.107281
1731.679179,2049,7649.531008
1853.798805,2049,7655.418064
433.434654,723,7657.460881
88.657732,229,7657.997358
1863.19075,2049,7663.724386
227.814694,436,7664.729057
1709.775952,2049,7670.241065
236.410111,459,7671.313019
1744.514451,2049,7677.02095
1726.309385,2049,7682.572601
244.56605,444,7683.99856
1683.022419,2049,7689.484817
1825.0512,2049,7695.004563
124.947736,282,7695.683362
1288.145125,2049,7701.311641
