#{"t_start": 1566531232.441966, "env_id": null}
r,l,t
30,99,0.888403
10,58,0.99279
4,53,1.095342
14,64,1.212954
22,90,1.387772
20,73,1.526541
10,48,1.614537
17,54,1.719103
13,42,1.797562
0,45,1.878106
16,58,1.982678
5,57,2.08881
11,62,2.201805
12,69,2.327396
9,40,2.400244
26,87,2.569005
23,70,2.699753
0,76,2.844049
16,105,3.051801
18,100,3.244425
0,49,3.332164
11,45,3.417582
20,58,3.528502
18,110,3.754482
10,44,3.837294
4,46,3.92327
3,36,3.982826
10,49,4.073227
8,67,4.198787
9,60,4.310085
4,46,4.393006
6,80,4.554736
11,53,5.210602
6,63,5.354997
30,84,5.532061
19,78,5.697885
14,75,5.87128
37,128,6.121359
6,56,6.225255
22,92,6.428486
5,50,6.522865
3,38,6.59478
6,45,6.668999
4,67,6.804259
36,95,6.999834
8,57,7.11613
0,36,7.184841
24,78,7.340588
21,95,7.524378
34,118,7.77339
3,72,7.91012
19,64,8.035997
16,81,8.199538
28,74,8.344526
17,62,8.458254
8,58,8.568934
14,75,8.745554
11,101,8.962954
3,85,9.122785
32,85,9.681332
25,74,9.835156
7,52,9.930182
10,48,10.030518
13,78,10.180168
4,70,10.315562
12,72,10.456219
25,75,10.646385
16,54,10.767881
16,76,10.925
2,47,11.032294
11,46,11.135553
8,49,11.22735
18,99,11.422164
6,72,11.569077
28,119,11.834164
6,58,11.946658
15,53,12.050261
24,50,12.181465
5,52,12.351749
9,57,12.505513
9,46,12.597454
6,54,12.710828
18,107,12.965651
22,102,13.17516
36,85,13.3434
7,52,13.450665
11,60,13.565286
28,81,13.718954
32,81,13.872166
5,43,13.956053
58,116,14.608563
0,53,14.70758
7,56,14.820543
42,100,15.021087
14,74,15.170284
30,123,15.409651
9,94,15.59246
42,152,15.908944
44,142,16.188919
29,126,16.44786
14,75,16.591461
4,68,16.728324
17,69,16.862118
6,89,17.036555
23,77,17.184359
0,73,17.330412
29,106,17.540725
16,62,17.657908
34,89,17.828749
10,84,17.986418
8,84,18.143466
44,85,18.313412
13,56,18.42067
28,100,19.028853
20,82,19.189228
16,77,19.34507
2,77,19.495816
0,58,19.607469
9,68,19.742412
0,57,19.848442
39,88,20.046359
0,75,20.22353
13,55,20.326431
32,116,20.563484
15,106,20.776788
51,110,20.994998
10,67,21.120143
14,90,21.306717
6,72,21.449541
15,73,21.590035
6,72,21.736664
8,68,21.868322
38,101,22.073615
36,116,22.300553
8,62,22.420531
5,52,22.514019
6,67,22.643334
38,89,22.820516
17,105,23.425222
56,123,23.683291
10,77,23.901718
26,98,24.141309
0,92,24.343102
4,70,24.528689
3,57,24.710098
18,65,24.928902
10,79,25.160573
13,89,25.354508
49,122,25.624462
20,59,25.732458
14,74,25.875266
49,105,26.109224
0,72,26.27922
39,109,26.561415
97,154,26.906721
3,107,27.125442
0,73,27.282582
23,90,27.522067
5,86,27.693448
6,69,27.843678
39,90,28.032083
5,118,28.658501
0,89,28.833592
14,109,29.070707
30,102,29.336225
2,85,29.632182
42,111,29.922966
28,69,30.064651
39,123,30.361269
3,147,30.697882
47,112,30.925623
0,64,31.047665
28,92,31.261789
62,132,31.598242
15,71,31.753637
50,135,32.103094
115,192,32.65669
28,94,32.923669
72,213,33.397512
47,122,34.056975
66,148,34.443306
49,115,34.923028
40,122,35.350309
93,288,36.036294
0,90,36.320108
41,126,36.59267
50,138,36.907721
137,214,37.417543
26,113,37.663804
37,103,37.870999
13,102,38.080492
85,187,38.487578
50,150,38.877173
58,152,39.838186
9,105,40.086221
8,83,40.252422
18,119,40.5028
55,169,40.856147
49,121,41.109817
97,183,41.487434
5,96,41.681408
37,125,41.940987
13,124,42.195863
24,101,42.400865
58,140,42.68802
42,122,42.937304
86,188,43.327406
0,139,43.610661
85,174,44.386951
20,93,44.572376
33,118,44.824829
20,93,45.00838
0,107,45.228827
18,116,45.471794
63,136,45.760349
46,128,46.034637
136,263,46.596759
25,83,46.765739
0,81,46.927486
16,106,47.144668
31,126,47.407247
61,132,47.681002
45,128,47.944593
34,129,48.212635
63,128,48.469624
8,104,49.087302
0,94,49.281777
59,146,49.587375
51,145,49.891908
31,111,50.121837
76,151,50.434949
5,107,50.651234
118,304,51.280831
15,130,51.553822
0,95,51.742505
30,114,51.967194
89,181,52.340005
87,177,52.747716
112,187,53.200451
6,101,53.827553
1,132,54.105566
67,149,54.516715
36,129,54.856741
55,131,55.204705
62,159,55.568092
81,144,55.97401
54,143,56.341594
14,108,56.600765
0,81,56.760999
58,154,57.100185
58,137,57.407363
50,130,57.743801
0,92,58.083596
57,168,58.572869
45,137,58.972263
36,125,59.657115
30,130,59.958626
115,199,60.469944
77,162,60.921326
54,138,61.227276
54,144,61.543271
52,134,61.91527
26,111,62.189829
26,103,62.423317
20,106,62.653884
0,89,62.878179
64,142,63.208266
1,100,63.407094
13,112,63.639295
79,166,64.021407
15,97,64.252945
42,155,64.966205
85,188,65.373602
25,137,65.664279
39,136,65.959917
69,155,66.465255
67,137,66.801254
116,213,67.252486
17,127,67.522284
10,111,67.748085
65,169,68.110501
27,118,68.346793
58,215,68.791486
30,112,69.028637
39,134,69.710849
20,117,69.955498
0,112,70.189142
55,144,70.487823
96,181,70.873518
2,91,71.055751
0,100,71.256234
41,202,71.674206
32,109,71.893481
57,152,72.204384
162,243,72.717582
0,96,72.909955
94,191,73.307544
69,166,73.646605
0,82,73.810882
53,133,74.505064
70,168,74.863684
16,153,75.204629
88,177,75.582473
31,244,76.088818
41,123,76.34264
72,181,76.725594
3,82,76.889776
60,157,77.211354
6,111,77.434711
30,120,77.676332
72,151,77.987363
1,110,78.218993
9,111,78.459463
14,120,79.177613
36,123,79.454739
104,197,79.892512
160,305,80.56905
7,99,80.812754
36,118,81.115711
66,145,81.464989
60,169,81.822985
49,136,82.131099
65,151,82.56268
15,127,83.026091
53,140,83.317687
0,118,83.624718
0,112,83.925679
38,133,84.655294
49,145,84.984515
67,171,85.424115
90,253,86.052383
38,251,86.675854
31,112,86.919236
50,144,87.282552
61,148,87.637852
48,156,87.9794
18,116,88.230206
118,218,88.695067
0,93,88.905521
26,135,89.813993
56,122,90.094297
68,179,90.474033
93,195,90.882113
52,115,91.113923
44,155,91.436514
38,98,91.63299
82,172,91.992364
21,120,92.23901
78,161,92.582612
32,131,92.918496
58,135,93.313302
10,94,93.514001
63,167,93.89481
84,163,94.261507
5,113,94.909302
29,125,95.239821
85,178,95.718282
121,206,96.30933
120,219,96.929764
18,105,97.188215
63,168,97.545165
38,129,97.810591
111,213,98.25887
35,131,98.53647
37,133,98.817281
13,116,99.050121
47,132,99.322736
37,117,99.559682
96,167,100.311509
94,173,100.679835
45,151,101.008244
71,161,101.368615
0,85,101.551338
9,80,101.723677
8,100,101.941142
23,129,102.217959
12,102,102.438758
1,91,102.627366
28,104,102.851043
39,209,103.313192
9,100,103.528553
88,166,103.948855
35,134,104.26172
48,160,105.010642
31,113,105.247623
0,107,105.511379
28,114,105.780343
38,125,106.070317
28,128,106.352458
37,121,106.671417
80,174,107.072154
71,146,107.437654
7,111,107.671559
68,146,108.065552
63,185,108.603253
73,204,109.299439
50,176,109.776501
25,124,110.070375
144,233,111.007341
0,145,111.302812
15,158,111.634869
24,133,111.906055
67,177,112.286479
26,131,112.555854
80,176,112.928025
16,116,113.167205
74,159,113.498859
52,155,113.822798
0,95,114.026361
53,131,114.304884
38,125,114.579512
68,179,115.419232
73,169,115.813962
16,90,116.019803
71,221,116.606215
42,146,116.967151
67,198,117.43172
115,234,118.086915
48,157,118.587204
51,155,119.069432
43,142,119.511362
58,160,119.981523
49,151,120.365374
60,160,120.708099
45,145,121.417108
86,168,121.797153
105,203,122.220595
0,91,122.416762
77,163,122.76506
32,127,123.036703
111,203,123.490148
49,137,123.818166
50,156,124.155506
60,158,124.485809
31,132,124.787529
31,105,125.015679
49,157,125.369232
53,141,126.095662
91,187,126.529413
72,170,126.93445
35,123,127.21203
66,151,127.649454
0,104,127.944066
36,123,128.21845
34,111,128.452541
131,203,128.932554
26,119,129.19104
0,96,129.383662
57,154,129.724361
58,144,130.058768
49,147,130.371055
9,112,130.634107
9,94,131.251197
48,162,131.61099
41,149,131.920527
8,111,132.163512
148,257,132.751337
48,163,133.130087
0,92,133.31882
47,151,133.639546
18,142,133.970772
46,153,134.325611
25,160,134.665121
63,153,135.010369
33,127,135.290995
1,130,135.621994
74,182,136.487894
53,141,136.789959
47,173,137.183572
38,151,137.501675
90,183,137.907179
78,183,138.32053
51,176,138.820177
48,166,139.351027
58,155,139.719797
50,141,140.051503
49,151,140.504657
27,115,140.796463
131,227,141.701073
58,167,142.122839
66,145,142.462181
0,166,142.876822
25,124,143.172477
54,152,143.522557
64,161,143.885429
40,134,144.276883
52,143,144.610138
80,194,145.05771
0,168,145.434491
124,226,145.995378
42,101,146.230689
34,170,147.00687
21,114,147.281341
78,192,147.789037
22,127,148.154235
59,151,148.663324
30,140,149.015947
67,208,149.505273
61,226,150.069926
50,155,150.42123
89,184,150.878128
15,135,151.195993
126,256,151.815169
24,142,152.140584
52,163,153.004688
0,125,153.310673
44,157,153.773566
50,193,154.224293
71,210,154.723487
38,129,155.014597
71,189,155.498585
8,111,155.804036
48,153,156.214634
55,184,156.731612
0,125,157.078008
27,220,157.7082
96,238,158.945464
20,139,159.338114
91,200,159.936203
90,197,160.540488
19,111,160.843272
134,233,161.497782
46,146,161.904844
0,110,162.229006
35,150,162.642301
59,162,163.092275
62,154,163.525498
45,258,164.243774
254,382,165.941628
37,155,166.440273
0,112,166.738851
70,189,167.269407
55,174,167.75768
19,153,168.16882
60,184,168.683529
63,198,169.266324
180,319,170.173929
55,154,170.610288
34,131,171.497208
0,270,172.354761
51,159,172.820807
50,172,173.318649
36,153,173.73949
53,163,174.204654
62,182,174.716197
0,126,175.07531
57,181,175.578555
47,157,176.007643
31,165,176.492389
49,170,176.952127
13,144,177.950668
169,270,178.760927
99,217,179.387546
9,223,180.018485
99,209,180.595973
60,211,181.209684
40,147,181.603141
44,158,182.045859
56,186,182.568938
64,194,183.116138
70,193,184.298309
32,136,184.712507
109,263,185.484163
53,181,185.982422
32,141,186.367499
111,234,187.023026
2,150,187.444174
57,170,187.940791
63,189,188.481686
7,156,188.925709
92,228,189.576911
41,144,190.018239
50,205,191.19648
48,182,191.717549
89,249,192.421393
70,209,193.012288
80,231,193.67313
7,304,194.530523
0,122,194.876747
67,178,195.389747
31,154,195.811928
43,173,196.371797
52,194,197.503604
58,168,197.96647
62,188,198.498147
32,152,198.913006
82,199,199.48269
0,145,199.885526
4,146,200.284395
46,173,200.755448
38,163,201.226805
79,218,201.858459
26,163,202.361619
69,184,202.907051
27,238,204.143964
74,170,204.621219
107,231,205.292145
19,146,205.707795
110,263,206.446341
30,201,207.026993
81,217,207.629049
0,153,208.051416
0,206,208.722199
45,176,209.235003
43,158,210.249293
62,194,210.77459
0,141,211.148396
132,254,211.852561
3,138,212.237926
55,191,212.747504
0,120,213.063097
23,146,213.462655
126,211,214.059802
0,162,214.520477
38,167,215.053816
113,244,215.739347
59,216,216.870251
48,383,217.930892
7,137,218.298929
129,278,219.078618
108,237,219.752737
206,375,220.825328
105,254,221.598764
0,152,222.019006
32,188,223.118522
59,194,223.663174
60,186,224.174137
51,293,225.012591
60,183,225.524534
130,295,226.349761
57,196,226.889375
4,135,227.291165
217,486,229.299999
0,147,229.701454
49,178,230.199668
40,181,230.691494
97,200,231.25561
10,136,231.609958
95,238,232.27715
29,196,232.827252
39,169,233.286116
43,173,233.834654
23,140,234.245388
41,180,234.745551
72,218,235.906895
7,155,236.312218
56,215,236.927473
11,151,237.3203
85,214,237.909079
135,271,238.652547
50,197,239.185729
20,181,239.686082
37,167,240.209807
28,174,240.723734
108,229,241.911256
71,215,242.514715
34,193,243.054861
47,229,243.68838
48,173,244.162565
53,233,244.83309
28,146,245.230617
29,148,245.636212
100,271,246.456618
57,179,246.96773
144,277,248.306869
14,171,248.794911
36,193,249.346978
56,185,249.857983
41,201,250.425997
10,150,250.830054
49,168,251.288869
94,222,251.92157
101,217,252.551048
96,221,253.245064
50,188,253.762651
21,216,254.902333
0,161,255.348136
65,188,255.853903
4,135,256.212428
5,228,256.849362
97,208,257.434138
0,173,257.892572
21,197,258.425493
68,186,259.008915
39,189,259.558638
47,186,260.59983
139,257,261.352223
51,172,261.81427
106,225,262.428487
52,190,262.942788
128,307,263.825787
42,216,264.414513
47,173,264.875376
104,225,265.562693
52,181,266.076572
51,172,267.127069
56,395,268.24907
0,134,268.615378
60,423,269.834112
113,223,270.442716
28,215,271.015737
46,170,271.480835
22,216,272.168626
56,192,272.722319
48,181,273.771266
39,223,274.396929
76,211,274.971498
133,265,275.708493
83,243,276.375596
89,230,277.010669
158,292,277.799784
81,221,278.46559
44,246,279.76001
43,155,280.20487
65,220,280.817108
81,197,281.366514
0,141,281.741306
53,179,282.230886
36,207,282.817643
100,288,283.61082
55,197,284.163388
146,426,286.014278
18,151,286.469154
41,165,286.941547
142,319,287.834733
48,204,288.398814
66,217,289.010604
28,189,289.523826
0,164,289.979558
58,234,290.631048
59,226,291.260119
52,226,292.526907
65,222,293.141043
92,261,293.892066
61,226,294.510128
127,289,295.326718
43,195,295.835304
0,173,296.317651
122,284,297.115727
37,228,297.772127
162,317,299.326374
73,211,299.903019
2,175,300.374979
0,194,300.906701
139,363,301.930667
185,339,302.8842
33,194,303.401597
36,206,303.95081
80,275,305.403436
43,183,305.914218
59,208,306.492695
36,180,306.971147
44,214,307.571638
21,177,308.045544
118,262,308.794903
42,219,309.402349
120,303,310.236368
0,156,310.676183
78,216,311.929335
0,166,312.389025
69,231,313.026694
0,149,313.423272
100,231,314.052402
37,174,314.519172
48,197,315.04433
45,172,315.53163
77,220,316.125279
158,299,316.96795
78,239,318.29113
40,209,318.898884
112,291,319.714316
30,197,320.241323
104,253,320.936784
18,187,321.437104
42,186,321.93352
208,356,322.905568
95,343,324.486033
160,306,325.387621
12,156,325.814325
140,271,326.578666
0,139,326.95273
5,159,327.385192
50,202,327.927678
59,205,328.493018
63,209,329.085117
0,160,329.507426
0,152,330.485701
0,152,330.953382
7,158,331.427239
6,155,331.836674
28,174,332.313449
59,245,332.978162
86,234,333.59826
119,307,334.469933
80,245,335.145261
14,166,335.580836
0,142,336.517492
106,254,337.273348
210,363,338.405802
46,175,338.863311
226,362,339.928481
213,359,340.959375
19,185,341.457223
45,177,341.959657
55,194,343.004647
0,139,343.373586
60,203,343.989045
55,209,344.636803
44,186,345.154283
38,170,345.619915
56,205,346.170556
0,130,346.516721
75,226,347.139619
69,221,347.721543
20,163,348.172524
52,197,349.269936
36,187,349.7952
65,213,350.422196
50,240,351.173599
50,201,351.704386
0,222,352.334421
64,213,352.948031
104,267,353.704237
23,212,354.289331
199,451,356.095884
26,181,356.602513
110,262,357.421555
44,201,357.973323
64,188,358.512327
0,144,358.914941
15,136,359.301371
56,199,359.842888
19,163,360.276484
29,184,360.799758
68,235,362.018763
105,266,362.772122
8,182,363.296828
30,175,363.854233
41,180,364.379276
35,177,364.870664
40,191,365.390395
10,183,365.877272
51,195,366.40988
66,247,367.099993
67,219,368.256212
28,155,368.698541
30,168,369.148398
103,243,369.807943
41,215,370.497788
47,263,371.246721
27,287,372.03815
12,160,372.47472
92,319,373.349546
129,289,374.722773
45,212,375.33048
41,193,375.866324
55,269,376.640207
145,296,377.569634
54,256,378.28357
44,179,378.771743
67,205,379.331468
32,181,379.835998
130,278,381.164439
14,230,381.816954
48,213,382.392295
34,199,382.948561
29,181,383.477614
54,214,384.15274
105,366,385.177564
26,181,385.657316
44,205,386.22789
70,226,387.405768
109,316,388.327623
40,223,388.93257
22,190,389.452706
32,263,390.252174
38,205,390.823249
52,211,391.438474
90,294,392.255953
69,242,392.945311
28,206,394.065882
32,243,394.734356
34,191,395.254048
64,221,395.859508
2,252,396.590822
163,329,397.564598
89,256,398.264326
65,215,398.880605
71,259,400.142946
63,193,400.656746
84,269,401.399454
137,312,402.270464
51,199,402.795165
92,226,403.485709
0,170,403.957649
93,238,404.604163
45,224,405.20118
37,247,406.458951
49,213,407.036209
3,170,407.4974
37,175,407.980309
118,281,408.760775
35,171,409.218837
67,215,409.847659
34,216,410.506122
86,237,411.15878
0,150,411.560415
24,182,412.616112
44,190,413.142191
41,210,413.713337
58,285,414.512283
75,215,415.096689
63,203,415.657018
38,216,416.269471
113,278,417.089989
51,193,417.635405
60,220,418.782679
71,220,419.416121
26,222,420.023531
51,184,420.521382
18,178,421.031796
0,161,421.467652
2,164,421.892225
148,301,422.758247
57,217,423.41586
0,140,423.805858
27,193,424.330233
96,255,425.577643
81,237,426.236856
88,241,426.900531
52,189,427.40328
120,282,428.17268
53,206,428.729271
31,178,429.276329
45,224,429.970911
41,188,430.47519
0,154,431.435167
75,253,432.150258
0,150,432.534747
34,201,433.098936
63,217,433.695976
43,191,434.225775
53,206,434.812258
140,279,435.664369
70,209,436.28768
7,204,436.836386
110,272,438.138245
51,225,438.754107
141,310,439.599223
33,189,440.114456
62,233,440.771003
97,266,441.514446
37,189,442.057382
0,235,442.789626
24,199,443.878412
53,189,444.406001
169,318,445.309642
107,264,446.046074
64,210,446.626577
50,193,447.155514
29,181,447.642315
57,205,448.20081
61,206,448.856529
53,213,449.461994
39,189,450.53405
146,293,451.383462
119,276,452.19173
28,170,452.705816
54,185,453.271918
82,234,453.989673
104,251,454.716177
0,146,455.148044
0,151,455.672464
0,164,456.175653
112,269,457.624811
68,226,458.317743
51,186,458.852891
41,197,459.408127
58,210,460.004559
32,168,460.491345
49,215,461.09846
59,201,461.762196
28,165,462.242962
78,219,462.973604
130,287,464.432415
46,175,464.917854
7,165,465.357418
81,238,466.070185
39,192,466.655404
32,200,467.21839
52,187,467.782851
54,177,468.30647
83,237,469.027523
34,175,469.613697
105,262,471.098824
54,206,471.723567
55,198,472.317887
148,281,473.181878
139,342,474.232933
51,203,474.794396
19,174,475.300175
47,172,475.784369
48,234,476.465887
26,158,477.570293
63,168,478.034448
0,132,478.415128
39,181,478.970476
145,290,479.878376
44,162,480.364538
0,175,480.879343
34,171,481.365534
31,198,481.911038
48,189,482.452489
48,192,483.036453
41,183,484.308559
76,260,485.021026
4,137,485.372685
55,202,485.925183
45,183,486.440531
38,168,486.890716
97,252,487.584977
73,199,488.176049
38,179,488.707022
44,158,489.165395
79,213,490.321985
41,173,490.91235
54,172,491.403084
72,216,492.011936
47,171,492.490778
37,169,492.977371
51,190,493.497068
95,258,494.218661
52,179,494.713589
38,194,495.26043
30,214,495.843981
25,148,496.809459
67,194,497.386664
159,299,498.263951
41,162,498.709146
27,160,499.148684
57,202,499.692907
5,151,500.08019
142,285,500.876976
70,215,501.472367
0,158,501.889415
124,278,503.230903
28,162,503.675127
101,246,504.46181
10,164,504.917166
165,313,505.785004
23,162,506.207349
50,179,506.685766
70,241,507.356352
0,145,507.763812
57,207,508.388067
35,186,509.481413
97,245,510.191039
38,200,510.82688
13,163,511.312584
77,245,512.010731
90,253,512.705963
49,190,513.236201
35,174,513.730569
48,202,514.398732
61,215,515.104182
67,221,516.377158
40,190,516.974161
30,176,517.492563
43,199,518.103068
69,263,518.829036
48,188,519.413101
35,175,519.890771
63,246,520.600695
307,460,521.952179
159,329,523.457773
26,163,523.969044
132,281,524.980187
28,163,525.552564
54,207,526.14711
60,216,526.770229
0,176,527.268225
145,295,528.101667
231,365,529.743119
23,153,530.167211
145,273,531.063872
0,135,531.507111
155,303,532.407128
26,164,532.86078
119,271,533.651012
104,253,534.350736
43,165,534.796366
58,208,536.311018
52,161,537.018725
58,209,537.768391
90,231,538.587094
37,176,539.234387
85,244,540.026155
129,245,540.789654
109,251,541.496552
91,256,542.247907
20,143,542.652008
55,178,543.704386
73,199,544.301878
32,152,544.729612
100,210,545.341154
43,194,545.955541
33,164,546.44757
4,141,546.832671
76,247,547.501817
7,158,547.935302
0,154,548.333254
53,168,548.796411
43,180,549.289597
43,155,550.288113
8,149,550.694484
0,178,551.203447
20,143,551.589385
78,187,552.165406
107,396,553.377842
0,117,553.714277
40,155,554.132978
57,165,554.570711
89,196,555.100193
35,145,555.483096
60,164,556.496719
126,226,557.163371
74,251,557.846009
129,231,558.510695
172,290,559.397857
60,161,559.854128
50,178,560.314681
39,150,560.716068
52,152,561.137228
130,342,562.621278
137,243,563.35064
22,135,563.722659
53,285,564.543378
46,224,565.235098
82,189,565.799544
91,194,566.350465
42,198,566.893538
63,222,567.509347
78,178,568.003044
0,117,568.322752
49,165,569.341469
17,205,569.893683
0,123,570.233322
39,191,570.77747
45,217,571.375593
52,235,572.098478
67,180,572.599565
76,231,573.227931
68,172,573.69124
126,243,574.387465
68,175,575.412472
37,180,575.917846
36,235,576.614967
14,133,576.972594
30,139,577.350373
32,180,577.822432
47,188,578.354168
0,114,578.716781
35,142,579.119678
39,141,579.486622
49,155,579.920849
59,162,580.355858
25,188,580.861513
70,180,581.929477
51,198,582.464039
41,147,582.867295
54,155,583.280919
4,149,583.690651
63,268,584.433419
59,158,584.869853
41,211,585.520158
52,212,586.111395
34,142,586.511657
21,130,586.878747
33,141,587.241424
56,194,588.329989
57,218,588.918228
57,165,589.367959
30,138,589.743042
43,172,590.213057
215,328,591.138959
42,150,591.573743
97,214,592.249636
46,181,592.747326
72,218,593.355454
127,255,594.604408
45,162,595.049642
34,182,595.544336
45,156,595.945555
42,149,596.347655
0,115,596.661896
121,235,597.306758
0,149,597.709271
44,162,598.174945
38,176,598.737797
79,227,599.381337
38,166,600.353582
0,119,600.695171
59,201,601.253779
74,216,601.852835
190,333,602.800133
2,133,603.161603
58,242,603.828691
265,380,604.949338
0,142,605.359802
93,265,606.093179
89,211,607.261531
67,256,607.988016
108,225,608.59984
51,165,609.061029
52,216,609.670415
84,190,610.193032
39,148,610.580395
38,190,611.084074
149,277,611.947473
16,191,612.999436
47,147,613.440274
89,202,613.997962
103,287,614.804794
24,137,615.176029
138,247,615.855537
44,149,616.263865
32,166,616.699366
50,164,617.151587
0,127,617.50367
54,250,618.225676
42,188,619.351642
47,148,619.776226
103,223,620.385202
117,262,621.100872
85,242,621.754081
38,152,622.157945
29,163,622.588453
46,195,623.136231
195,359,624.125079
0,187,624.658047
122,249,625.974716
79,200,626.555706
47,176,627.041646
19,146,627.422426
62,213,628.028239
89,230,628.652357
41,173,629.135257
46,163,629.585073
109,227,630.21299
57,187,630.72513
37,163,631.186666
42,159,632.261269
65,188,632.75701
40,146,633.14844
49,211,633.723898
25,172,634.198785
230,367,635.232244
0,143,635.607519
77,222,636.217743
97,264,636.924519
90,242,638.228179
99,266,638.982986
3,137,639.358801
32,190,639.871056
55,177,640.336559
30,141,640.729149
121,250,641.410247
98,214,642.022079
69,194,642.561524
70,234,643.190531
0,154,643.593797
150,304,645.076841
41,171,645.548566
100,233,646.168233
37,167,646.630261
73,217,647.23638
32,156,647.664097
51,175,648.137208
0,162,648.586989
0,143,648.963625
47,176,649.426138
51,197,650.501138
48,185,651.050943
58,184,651.616988
50,182,652.104509
46,176,652.592901
88,210,653.152159
132,269,653.881106
0,137,654.242135
50,201,654.816544
0,123,655.149115
48,190,655.683628
118,257,656.944377
82,190,657.505754
122,229,658.229312
55,167,658.70238
40,174,659.152387
37,161,659.59681
21,160,660.016283
37,154,660.423811
52,151,660.829363
33,139,661.198438
33,150,661.589504
83,253,662.310703
77,191,663.38177
150,309,664.266468
70,176,664.810011
90,198,665.364643
45,187,665.886013
26,142,666.300472
106,217,666.880112
44,169,667.328793
55,169,667.79227
42,149,668.18287
47,189,669.229589
51,182,669.747401
31,155,670.159808
0,134,670.513985
79,220,671.195983
120,228,671.872686
91,199,672.420391
66,181,672.92098
54,190,673.434577
45,178,673.916832
0,118,674.228363
34,155,674.629369
20,136,675.545122
47,181,676.041449
0,143,676.414628
0,195,676.948431
57,163,677.398422
110,212,678.072202
42,148,678.460974
33,155,678.87877
36,158,679.296945
56,170,679.768045
93,205,680.317941
69,195,680.867225
196,364,682.442462
118,278,683.230086
32,143,683.614155
77,195,684.165498
107,319,685.10701
46,162,685.535259
57,196,686.078433
0,127,686.409278
87,200,686.959476
20,163,687.927521
77,191,688.478753
0,150,688.882504
57,178,689.36584
125,278,690.139261
48,163,690.593166
47,180,691.169832
58,200,691.731263
27,177,692.20471
78,187,692.737626
30,164,693.187446
2,172,694.194418
63,223,694.840136
12,133,695.186059
34,137,695.548255
69,230,696.162401
63,191,696.667416
98,207,697.243924
55,200,697.861778
0,166,698.306816
60,172,698.779115
37,137,699.13632
47,150,699.546498
121,264,700.844542
97,217,701.441885
27,142,701.838279
105,213,702.414671
52,161,702.86111
45,145,703.243943
68,206,703.814462
0,111,704.169984
64,177,704.707815
0,132,705.062891
0,128,705.398671
86,218,706.00315
183,317,707.45232
5,131,707.802423
81,191,708.334145
58,190,708.854354
56,182,709.342466
0,118,709.643867
12,141,710.013737
38,161,710.466524
32,147,710.938271
61,180,711.43956
128,258,712.162081
47,164,713.179372
158,280,713.945549
63,193,714.466078
86,189,714.988284
44,172,715.460541
85,204,716.010536
57,190,716.518678
47,193,717.047705
17,152,717.5229
69,181,718.046921
62,200,719.10665
204,325,720.030435
42,157,720.453646
134,254,721.145105
42,148,721.545897
101,223,722.164549
34,219,722.774049
0,157,723.186749
96,230,723.862655
111,232,724.577813
48,165,725.56446
36,165,726.026315
69,201,726.593443
64,184,727.106819
35,144,727.488248
46,154,727.918044
152,267,728.665438
57,171,729.147206
18,149,729.54677
73,173,730.026174
72,199,730.644161
53,164,731.1331
107,256,732.414309
0,140,732.804574
45,149,733.204998
125,234,733.868583
32,160,734.288703
0,125,734.624478
58,163,735.054066
48,180,735.533798
55,169,735.986622
78,196,736.52227
68,209,737.141963
51,152,738.181285
29,145,738.568636
71,195,739.152589
30,135,739.578861
44,143,739.977308
51,160,740.452187
82,191,741.039762
81,229,741.738287
62,200,742.278996
0,128,742.64677
61,198,743.192969
64,204,743.738933
151,254,745.129938
46,179,745.634034
103,255,746.33888
40,139,746.725523
58,164,747.172728
30,158,747.62014
30,188,748.153532
42,149,748.562377
69,181,749.046376
125,225,749.696829
84,229,751.025071
54,165,751.650712
39,152,752.174827
88,204,752.87802
38,149,753.356129
59,214,754.040498
6,127,754.443091
69,209,755.130168
67,208,755.808226
28,187,756.395619
60,178,757.080428
24,160,757.67432
93,201,759.224022
49,158,759.878623
37,192,760.449293
9,142,760.818921
74,181,761.368434
45,164,761.801649
0,132,762.14386
18,156,762.553021
120,269,763.31342
63,181,763.810573
0,134,764.171264
46,160,764.612179
0,168,765.599773
137,237,766.283562
56,162,766.784822
2,123,767.135583
58,155,767.548995
0,132,767.89172
25,136,768.248371
42,205,768.810961
34,128,769.150975
1,139,769.520324
152,256,770.21146
0,108,770.492335
67,171,771.514555
30,201,772.096549
68,169,772.553299
47,145,772.951426
143,231,773.681846
45,166,774.131828
42,141,774.495944
50,186,774.994236
28,128,775.326087
61,152,775.73885
77,240,776.40074
74,220,776.991253
19,127,777.89346
95,191,778.403305
45,151,778.803556
149,237,779.465858
158,252,780.251019
68,222,780.875155
34,140,781.268064
83,180,781.750799
36,173,782.211381
60,167,782.649388
89,199,783.182164
4,182,784.233665
83,230,784.885222
36,132,785.239486
121,211,785.835176
75,177,786.317655
82,180,786.901295
67,203,787.493845
34,152,787.908743
89,195,788.431531
54,210,788.996587
137,236,790.175913
35,165,790.639587
37,171,791.099527
0,97,791.359645
33,119,791.685654
4,123,792.021635
26,128,792.369476
80,187,792.863216
121,222,793.521287
0,119,793.901337
12,152,794.316802
62,145,794.694209
74,231,795.335266
68,207,796.4341
64,168,796.931876
49,169,797.382886
51,185,797.894227
37,145,798.294024
18,126,798.630051
71,162,799.079113
64,191,799.601911
60,192,800.147192
70,160,800.645668
22,149,801.060026
48,173,801.527988
185,332,803.03059
53,156,803.470238
108,208,804.024696
49,205,804.578054
42,156,805.000815
84,183,805.49975
59,193,806.009557
44,200,806.548613
36,136,806.950128
52,180,807.49775
70,219,808.118174
74,230,809.319269
59,224,809.92359
66,178,810.402686
49,152,810.821961
79,181,811.318559
62,208,811.887563
63,223,812.500409
20,130,812.86546
61,205,813.424403
91,182,813.984727
135,226,815.180779
116,271,815.983179
35,167,816.446276
90,248,817.121094
192,362,818.15028
172,284,818.935117
54,151,819.337019
30,170,819.783207
76,183,820.272729
62,196,820.904134
39,142,821.871865
80,228,822.50231
48,188,823.004759
36,200,823.537161
0,135,823.898837
56,157,824.327715
73,227,824.934637
54,161,825.352661
65,178,825.84249
11,129,826.180355
67,200,826.717041
0,147,827.734245
15,135,828.125137
238,341,829.060757
48,169,829.507825
76,181,829.998071
91,194,830.509199
93,245,831.17499
99,257,831.890668
63,199,832.4024
39,142,832.77509
29,189,833.806727
29,170,834.309182
34,161,834.805833
63,167,835.252088
30,139,835.632632
0,126,835.96611
97,205,836.53052
90,253,837.223234
54,161,837.664309
55,236,838.288922
98,256,838.971479
41,173,839.963266
59,166,840.449287
41,139,840.823362
15,153,841.288789
56,222,841.927657
43,184,842.423577
137,250,843.099142
43,192,843.612297
49,175,844.059879
21,157,844.471807
111,218,845.069928
7,129,845.403321
72,179,846.439424
75,191,846.966884
44,159,847.392893
80,187,847.935184
11,135,848.35082
34,182,848.869628
0,130,849.210573
96,207,849.757548
16,149,850.149313
49,159,850.569283
38,171,851.027058
25,165,851.471377
136,254,852.723483
47,169,853.198028
109,225,853.886173
35,174,854.47639
40,157,854.998654
58,197,855.669852
56,160,856.157033
56,222,856.758151
58,219,857.339241
82,197,857.872896
67,182,858.906695
163,273,859.671663
67,174,860.115755
32,128,860.464545
35,221,861.084351
100,216,861.651363
91,203,862.296417
63,173,862.788918
5,199,863.317104
119,229,863.956785
72,182,864.970646
38,157,865.407339
8,135,865.757205
52,166,866.214549
22,141,866.594405
31,144,866.966949
27,145,867.336212
0,147,867.717447
102,206,868.285149
35,153,868.692939
117,223,869.395079
44,159,869.81503
54,165,870.265094
27,173,871.27851
67,260,872.0079
74,188,872.507164
84,268,873.256845
28,151,873.671986
76,185,874.16611
62,239,874.815332
39,192,875.329294
49,219,876.013437
55,165,876.483228
0,174,877.509909
29,148,877.903097
35,199,878.453178
115,236,879.107475
26,141,879.483422
84,198,880.011962
0,172,880.480176
324,450,881.790042
8,138,882.171451
75,199,882.765052
58,174,883.845534
186,296,884.687362
70,188,885.179151
0,200,885.722433
62,259,886.429365
37,164,886.862758
0,151,887.276638
169,284,888.067299
67,187,888.561688
61,240,889.224115
122,233,890.488925
46,195,891.010133
53,217,891.607481
13,146,891.983759
0,143,892.370079
62,167,892.804816
82,196,893.339712
54,173,893.814528
53,204,894.341542
84,212,894.890918
60,183,895.895544
79,203,896.518203
135,259,897.296701
95,217,897.866765
79,216,898.465667
51,168,898.909656
55,179,899.399444
24,147,899.772333
82,213,900.328354
37,167,900.774052
141,317,902.20467
39,151,902.626068
26,160,903.064367
58,176,903.63474
86,200,904.181437
48,178,904.653427
69,183,905.143006
126,240,905.792222
22,157,906.215465
56,168,906.660058
42,186,907.159388
111,224,908.314148
24,181,908.82111
16,160,909.236019
28,170,909.698966
56,216,910.368838
93,213,910.985353
37,199,911.513205
0,154,911.899982
4,209,912.472759
88,206,913.026982
0,142,913.400011
33,148,913.796417
36,179,914.838994
30,202,915.397399
50,158,915.798014
24,169,916.239887
58,172,916.71221
61,179,917.271607
81,200,917.845266
88,257,918.550175
180,304,919.393343
47,153,919.810328
32,169,920.821901
66,186,921.320161
57,207,921.896223
83,258,922.599611
107,220,923.183062
91,204,923.740343
0,131,924.131087
40,194,924.689834
85,199,925.235154
25,146,925.636695
38,153,926.034468
0,150,926.989539
47,154,927.407401
95,206,927.960486
210,337,928.895612
46,160,929.333927
48,195,929.846045
85,201,930.385969
103,213,931.057083
18,135,931.432284
68,227,932.060501
89,206,933.160983
164,311,934.030764
47,195,934.571186
71,175,935.060458
69,182,935.553391
43,184,936.041403
36,157,936.455716
54,194,936.982761
43,179,937.470912
74,222,938.181327
110,226,939.341982
112,223,939.977752
46,168,940.434467
182,292,941.227487
0,125,941.553479
34,172,942.009191
33,149,942.419866
240,352,943.395673
41,183,943.903048
33,178,944.394653
70,184,945.489187
112,245,946.172247
37,154,946.578023
126,255,947.287098
54,173,947.731806
61,213,948.294941
124,247,948.979107
100,224,949.560669
19,157,949.970513
90,207,950.532076
127,280,951.958737
251,374,953.015944
82,200,953.54758
0,162,953.987496
139,268,954.750748
52,169,955.203538
52,178,955.695838
37,155,956.111598
51,170,956.551084
282,427,958.365006
189,321,959.336535
58,198,959.874739
0,121,960.181659
52,184,960.669219
71,203,961.227546
199,331,962.124324
21,153,962.539273
60,204,963.08418
0,130,963.425217
53,185,964.482209
54,175,964.945216
1,149,965.404061
15,153,965.85593
0,145,966.24389
27,165,966.692604
121,250,967.399073
40,192,967.911458
25,163,968.336756
0,134,968.692176
42,174,969.162426
87,207,970.250903
58,183,970.782294
48,175,971.244187
0,124,971.564236
28,153,971.999747
74,199,972.622565
34,172,973.107761
91,220,973.712953
94,235,974.353861
51,184,974.870574
109,253,975.53677
23,159,976.478137
48,188,977.000897
60,210,977.573447
88,212,978.152529
27,162,978.577071
44,161,979.073916
22,153,979.513115
44,181,980.006478
69,201,980.554901
126,279,981.333994
38,177,981.788612
70,213,982.904508
34,154,983.334544
0,169,983.785811
86,212,984.355485
12,131,984.72155
38,167,985.144835
22,137,985.494184
208,339,986.565653
32,166,987.00343
0,140,987.376623
58,188,987.883965
59,189,988.949483
106,231,989.615658
48,185,990.102033
65,191,990.599974
54,181,991.098221
56,185,991.583159
26,151,991.985929
114,240,992.666459
131,272,993.483442
95,239,994.134317
46,184,995.176557
80,209,995.731508
138,268,996.462954
68,211,997.04514
130,266,997.784332
33,159,998.20319
99,230,998.812082
178,314,999.74581
95,231,1000.404602
43,158,1001.349437
28,156,1001.791018
41,167,1002.252088
98,233,1002.874058
49,192,1003.394217
71,203,1003.926623
55,195,1004.469777
54,188,1004.962777
34,159,1005.376531
191,329,1006.298877
55,182,1007.413852
68,205,1007.997844
25,154,1008.379193
64,200,1008.940038
59,190,1009.453624
0,137,1009.838852
101,238,1010.489539
45,176,1010.942596
95,234,1011.584386
31,149,1012.000536
40,175,1012.461215
44,162,1012.889882
164,313,1014.431512
49,179,1014.91764
181,311,1015.769907
49,197,1016.287849
28,149,1016.689461
47,172,1017.159024
37,151,1017.553536
141,258,1018.255065
82,220,1018.854919
33,151,1019.810521
195,322,1020.848822
0,121,1021.174927
75,209,1021.748291
175,300,1022.557983
62,196,1023.097009
0,126,1023.432695
179,310,1024.312216
98,240,1024.974619
5,157,1025.386402
35,169,1026.382534
49,174,1026.864476
59,184,1027.4469
62,189,1027.99336
36,167,1028.448897
61,212,1029.016217
42,168,1029.471016
52,198,1029.996386
178,334,1030.89635
47,181,1031.385259
89,234,1032.595315
99,250,1033.294539
86,237,1033.978829
21,156,1034.473003
198,338,1035.398623
63,195,1035.914954
70,195,1036.431438
50,200,1036.988106
38,178,1037.459396
43,162,1037.882929
44,160,1038.872863
116,232,1039.506279
75,199,1040.051517
89,209,1040.620653
167,292,1041.524538
36,155,1041.92391
41,156,1042.352212
40,175,1042.815886
101,234,1043.436303
109,261,1044.69533
66,188,1045.241768
79,224,1045.867658
36,168,1046.320989
21,152,1046.733771
32,162,1047.150214
30,155,1047.575676
64,186,1048.16516
31,152,1048.592614
31,150,1049.014913
70,214,1049.604699
57,174,1050.073193
98,239,1051.267312
29,165,1051.727598
200,346,1052.706976
87,226,1053.320137
33,168,1053.783718
84,219,1054.373262
160,305,1055.307209
158,295,1056.115042
36,173,1056.578649
35,163,1057.581751
29,153,1058.012574
0,132,1058.359468
46,181,1058.839073
51,194,1059.354712
29,149,1059.756736
89,215,1060.354625
275,418,1061.525056
70,197,1062.140699
99,234,1062.803662
28,155,1063.77198
134,270,1064.514854
193,335,1065.455454
26,141,1065.819843
83,229,1066.457947
81,214,1067.023255
34,173,1067.483812
98,230,1068.100926
95,243,1068.861771
52,177,1069.913124
69,211,1070.512598
85,227,1071.132327
58,199,1071.667061
41,171,1072.121502
101,243,1072.79483
80,224,1073.39524
25,152,1073.795504
17,151,1074.205335
43,174,1074.686825
62,194,1075.227768
40,167,1076.307838
115,261,1077.032309
99,246,1077.70626
43,177,1078.184952
77,222,1078.758958
63,204,1079.298986
50,182,1079.784487
94,238,1080.437603
43,183,1080.925777
24,154,1081.337888
0,126,1082.247146
76,226,1082.938567
25,178,1083.407351
36,160,1083.861721
90,251,1084.535954
32,165,1084.979132
212,364,1085.976071
37,168,1086.429964
50,179,1086.921514
160,298,1088.283402
26,166,1088.740689
0,150,1089.171201
128,263,1089.998442
59,182,1090.504599
27,166,1090.934466
39,166,1091.375062
63,214,1091.961733
103,245,1092.638279
29,148,1093.050971
114,248,1093.707631
88,241,1094.930516
97,231,1095.532246
77,213,1096.16551
50,189,1096.74819
79,216,1097.348819
27,158,1097.755995
62,208,1098.286794
106,242,1098.953562
57,186,1099.468744
2,146,1099.861175
73,226,1101.032156
58,191,1101.547042
31,219,1102.144662
47,183,1102.628005
149,305,1103.563842
0,169,1103.999666
20,142,1104.37569
66,207,1104.935568
51,199,1105.455956
73,206,1105.994969
62,221,1107.163134
2,143,1107.525757
7,151,1107.921462
50,184,1108.406586
24,180,1108.89881
48,201,1109.431857
194,321,1110.420132
48,177,1110.896027
40,169,1111.351264
60,212,1111.922019
35,183,1112.969838
54,183,1113.487626
56,185,1113.986091
46,211,1114.564114
34,160,1114.986065
70,235,1115.6054
23,183,1116.11131
82,251,1116.840299
83,215,1117.481203
77,214,1118.054112
115,240,1119.254392
75,202,1119.814742
0,119,1120.120059
28,177,1120.60161
79,243,1121.278672
26,146,1121.653784
95,227,1122.269492
44,196,1122.778681
89,245,1123.477466
64,221,1124.154216
13,175,1124.612334
214,375,1126.214305
73,200,1126.762763
92,220,1127.363266
128,282,1128.157982
46,197,1128.673394
64,192,1129.188035
28,177,1129.657765
30,152,1130.056226
126,251,1130.833908
1,147,1131.789271
129,246,1132.493174
25,184,1132.991044
37,191,1133.507732
160,314,1134.372019
49,200,1134.927809
88,217,1135.516445
160,288,1136.29074
76,240,1136.945379
60,184,1138.114819
182,339,1139.061574
80,204,1139.636292
46,168,1140.081533
47,203,1140.616519
74,232,1141.251931
13,150,1141.648688
84,200,1142.190567
60,184,1142.701137
54,219,1143.308917
57,181,1144.4078
20,155,1144.869395
21,168,1145.312472
91,204,1145.852037
30,185,1146.349805
101,225,1146.982917
36,147,1147.358468
83,238,1148.024396
43,171,1148.454805
60,215,1149.042178
23,165,1149.477894
133,257,1150.751232
121,269,1151.61042
33,183,1152.139941
172,293,1152.989836
48,213,1153.598277
0,180,1154.078734
20,138,1154.440781
143,300,1155.274841
40,158,1155.700606
36,177,1156.719923
124,250,1157.426757
38,159,1157.858883
76,231,1158.589473
109,236,1159.251876
59,180,1159.741462
63,188,1160.247368
34,152,1160.640266
65,233,1161.256364
70,190,1161.753665
79,201,1162.835045
135,253,1163.563234
116,271,1164.27982
314,472,1165.707904
28,173,1166.149657
85,208,1166.714437
98,259,1167.400218
59,180,1167.88914
80,200,1168.970867
83,201,1169.53151
70,218,1170.129487
55,205,1170.683836
20,161,1171.128062
77,206,1171.681119
91,214,1172.350991
212,332,1173.282753
82,244,1173.942528
6,148,1174.335642
57,217,1175.4494
131,256,1176.148016
66,187,1176.6534
42,173,1177.124396
0,168,1177.569993
163,324,1178.454139
20,145,1178.884669
160,293,1179.730616
48,168,1180.189203
22,172,1180.623882
77,205,1181.759759
137,302,1182.575404
20,140,1182.942336
34,191,1183.447639
53,209,1184.013812
7,163,1184.444596
70,198,1184.993195
14,168,1185.445408
70,197,1186.074708
78,241,1186.734558
102,236,1187.953496
128,263,1188.688921
31,191,1189.186498
94,230,1189.794323
19,146,1190.164136
92,245,1190.8417
27,159,1191.273389
93,253,1191.950487
24,154,1192.377762
98,225,1193.082995
55,209,1194.227782
47,192,1194.754061
90,243,1195.406641
24,175,1195.863442
174,328,1196.772835
21,169,1197.24142
102,252,1197.922703
49,200,1198.455987
142,297,1199.884887
35,183,1200.408673
89,235,1201.029676
0,155,1201.442241
47,199,1201.966539
20,155,1202.36939
34,166,1202.800595
63,200,1203.318482
32,174,1203.776102
62,218,1204.365657
192,329,1205.268707
55,188,1206.367952
21,156,1206.859637
35,169,1207.305637
100,245,1207.952564
105,250,1208.627562
41,188,1209.130707
37,182,1209.600423
135,283,1210.396994
44,191,1210.890284
121,268,1212.177139
100,240,1212.869178
201,339,1213.923074
62,192,1214.42014
36,167,1214.882777
55,184,1215.380007
47,193,1215.893108
0,144,1216.274689
59,187,1216.775229
24,150,1217.197974
34,180,1217.677233
107,247,1218.9261
15,156,1219.331044
22,157,1219.737213
60,205,1220.324317
88,223,1220.976549
55,200,1221.505007
95,232,1222.118447
26,158,1222.534146
138,276,1223.272145
71,209,1223.846379
25,162,1224.821836
138,266,1225.587104
15,139,1225.939904
43,180,1226.418681
36,180,1226.907287
32,179,1227.467927
95,226,1228.122072
94,245,1228.789129
37,181,1229.281541
40,169,1229.739496
69,227,1230.89623
88,221,1231.510516
70,208,1232.062614
48,192,1232.586683
27,157,1233.020579
42,172,1233.486953
48,179,1234.006836
39,181,1234.549317
197,334,1235.455298
29,178,1235.95566
171,308,1237.357689
44,186,1237.865417
99,238,1238.509894
0,122,1238.838694
121,269,1239.556829
113,258,1240.272602
49,184,1240.769266
27,168,1241.271402
91,236,1241.909715
82,223,1243.041646
222,357,1244.048824
72,202,1244.628792
24,157,1245.04215
50,191,1245.553363
62,203,1246.085698
103,248,1246.7524
41,189,1247.241114
25,164,1247.682063
16,163,1248.166251
27,165,1249.151499
75,211,1249.745713
179,314,1250.59412
45,190,1251.099323
229,373,1252.107133
83,219,1252.684432
32,171,1253.129846
305,445,1254.411768
38,172,1255.555222
46,182,1256.041822
13,156,1256.452702
42,201,1257.000028
34,186,1257.474532
83,221,1258.078949
77,218,1258.656499
106,246,1259.315401
52,193,1259.830082
53,186,1260.305846
91,238,1261.50083
221,364,1262.59306
31,172,1263.051699
2,133,1263.412249
30,180,1263.884536
148,272,1264.616651
0,154,1265.023535
73,217,1265.600673
12,146,1265.978941
79,218,1266.565639
91,232,1267.733107
55,197,1268.262614
98,240,1269.008739
36,171,1269.469062
136,275,1270.217357
0,147,1270.609263
74,214,1271.19176
31,159,1271.6306
0,167,1272.055996
58,198,1272.583199
91,237,1273.766647
0,145,1274.166718
24,163,1274.612865
57,200,1275.162423
9,164,1275.665544
334,485,1277.082849
49,196,1277.626649
57,198,1278.164407
92,241,1278.824928
49,197,1279.331535
33,174,1280.355953
93,234,1280.991853
18,164,1281.421147
79,219,1282.018141
41,181,1282.583037
95,239,1283.261332
0,128,1283.608623
123,262,1284.303947
62,207,1284.85826
77,210,1285.416414
55,197,1286.492135
88,220,1287.062953
86,224,1287.674624
48,194,1288.216619
38,185,1288.71139
53,191,1289.288887
107,247,1290.007263
34,166,1290.464288
16,150,1290.875617
168,303,1291.698602
59,199,1292.814317
124,268,1293.540712
28,170,1293.990715
68,208,1294.53248
28,170,1294.980472
14,162,1295.40829
31,180,1295.886903
19,155,1296.377086
28,167,1296.833136
57,203,1297.372294
22,154,1297.780618
100,247,1299.041335
23,164,1299.48336
85,218,1300.05752
59,218,1300.658924
57,201,1301.207962
20,185,1301.692145
21,155,1302.096326
57,195,1302.619491
0,136,1303.014008
35,179,1303.555948
34,172,1304.018289
43,190,1305.104198
25,163,1305.521108
160,303,1306.344841
105,240,1306.989263
58,201,1307.540242
60,200,1308.065072
137,278,1308.829109
31,169,1309.258698
26,156,1309.672163
39,174,1310.75656
66,201,1311.304388
70,210,1311.869648
49,190,1312.371055
249,388,1313.437674
66,212,1313.996383
53,189,1314.494565
345,486,1315.901543
90,235,1317.175174
106,237,1317.855349
40,184,1318.345683
270,419,1319.504512
126,266,1320.292056
55,192,1320.820423
13,159,1321.243087
64,213,1321.804491
34,169,1322.24011
23,177,1323.25194
167,297,1324.173807
101,245,1324.845805
39,181,1325.328002
0,131,1325.666254
27,167,1326.113339
70,200,1326.669969
28,172,1327.130209
62,207,1327.69697
37,176,1328.161127
67,207,1328.725266
50,200,1329.845445
116,247,1330.491988
50,191,1331.099481
47,180,1331.586526
63,188,1332.071361
31,177,1332.538126
102,231,1333.144361
92,222,1333.758202
82,213,1334.313388
0,142,1334.68315
36,186,1335.718198
307,433,1336.945638
39,164,1337.427379
53,175,1337.999189
113,234,1338.66889
11,154,1339.05817
78,204,1339.590461
53,181,1340.080284
106,245,1340.737159
16,147,1341.140196
79,202,1342.255358
0,149,1342.649858
0,139,1343.022826
141,266,1343.752504
108,250,1344.445336
36,162,1344.938837
57,179,1345.447161
105,256,1346.152027
174,293,1346.935637
112,236,1348.113198
27,143,1348.516982
91,213,1349.107749
11,142,1349.474895
65,207,1350.057856
7,155,1350.468722
58,177,1350.925843
15,163,1351.387031
39,181,1351.938575
70,190,1352.454789
84,223,1353.072451
19,140,1353.443335
92,212,1354.573805
155,275,1355.353426
31,142,1355.736292
23,154,1356.145874
0,167,1356.57311
84,210,1357.130828
106,230,1357.769895
105,256,1358.520708
137,258,1359.269826
26,178,1359.743808
82,208,1360.874028
78,211,1361.438841
56,185,1361.940417
102,243,1362.602377
36,167,1363.041467
324,452,1364.295192
77,204,1364.875974
145,276,1365.721928
84,206,1366.834059
43,169,1367.309993
86,238,1367.956808
99,242,1368.614371
94,229,1369.222076
41,177,1369.697396
41,176,1370.165445
38,172,1370.594235
262,401,1371.687701
34,170,1372.786824
33,163,1373.237996
91,230,1373.844744
16,148,1374.226233
76,212,1374.790391
146,266,1375.496734
49,170,1375.949189
167,311,1376.81485
27,153,1377.216573
103,242,1377.878555
16,146,1378.82371
46,193,1379.460767
72,207,1379.998681
136,257,1380.711246
23,164,1381.155302
177,310,1382.001991
86,213,1382.584933
88,223,1383.185803
0,153,1383.592023
26,178,1384.052731
8,151,1384.991504
37,183,1385.506149
85,226,1386.190644
179,318,1387.093673
107,248,1387.776398
35,183,1388.24989
90,226,1388.870723
92,230,1389.484758
68,223,1390.081634
23,162,1390.476835
116,243,1391.708338
84,222,1392.314503
26,163,1392.746599
77,212,1393.434001
5,144,1393.815392
150,285,1394.577022
46,179,1395.071076
21,162,1395.507829
13,142,1395.874494
43,186,1396.365809
62,191,1397.426634
125,263,1398.163646
57,196,1398.683944
84,218,1399.267104
59,204,1399.858524
55,201,1400.462146
42,187,1400.946844
68,218,1401.540181
85,235,1402.197005
73,196,1402.723218
205,341,1404.214856
12,162,1404.642062
152,311,1405.49808
42,183,1405.991792
24,161,1406.414586
74,214,1407.08376
77,222,1407.67503
0,153,1408.08
32,185,1408.597273
26,181,1409.075811
53,213,1410.209819
181,339,1411.151954
3,150,1411.532408
29,183,1412.034191
28,158,1412.453039
10,170,1412.915843
170,329,1413.877773
86,227,1414.544455
150,278,1415.304351
249,375,1416.885496
184,320,1417.752093
18,137,1418.119782
2,144,1418.49062
126,252,1419.157298
40,174,1419.617734
18,176,1420.077119
190,322,1421.040659
12,141,1421.409481
67,212,1422.523993
60,193,1423.024264
73,220,1423.605267
220,367,1424.613383
142,275,1425.328574
147,298,1426.118722
106,232,1426.735195
53,187,1427.263565
38,167,1428.367914
77,212,1428.942727
7,152,1429.336795
65,224,1429.937047
132,266,1430.627224
47,187,1431.11838
58,216,1431.708335
119,262,1432.416813
256,390,1433.466202
175,326,1435.021859
202,355,1435.989949
48,207,1436.536161
157,316,1437.393111
47,207,1437.944587
28,186,1438.42272
40,189,1438.9256
156,310,1439.749324
10,150,1440.689823
14,155,1441.148002
6,162,1441.641504
146,303,1442.476778
88,234,1443.10898
66,227,1443.701163
45,183,1444.184818
196,329,1445.084165
97,252,1445.78019
24,168,1446.758681
81,216,1447.346041
134,264,1448.114574
75,212,1448.74507
12,165,1449.191325
72,216,1449.752004
53,218,1450.316056
14,176,1450.777818
54,217,1451.351969
96,250,1452.015349
75,231,1453.206953
71,208,1453.788821
66,204,1454.335396
120,268,1455.104396
28,177,1455.610684
129,277,1456.343349
79,232,1456.971898
24,167,1457.399722
327,496,1459.331188
78,237,1459.972726
30,205,1460.546088
105,281,1461.30212
147,316,1462.266189
52,200,1462.810435
18,175,1463.291787
3,150,1463.691388
32,185,1464.166006
13,187,1465.205853
155,324,1466.140528
113,258,1466.848104
29,201,1467.40127
47,200,1467.936497
102,279,1468.713717
10,173,1469.257514
150,298,1470.081729
114,289,1471.414466
146,296,1472.231318
326,476,1473.608514
329,504,1475.05228
108,266,1475.842652
118,271,1476.636972
61,213,1477.743371
28,175,1478.235139
37,220,1478.818991
12,176,1479.293662
104,271,1480.026484
57,209,1480.572608
7,152,1480.960471
113,314,1481.796575
297,459,1483.120775
101,259,1484.370504
28,189,1484.874255
52,241,1485.526138
54,254,1486.222827
262,412,1487.351958
90,238,1488.024943
80,302,1488.814608
7,163,1489.250323
32,178,1490.399723
44,197,1490.919364
151,370,1491.931873
107,267,1492.63985
106,260,1493.325148
30,191,1493.815084
76,296,1494.598544
83,233,1495.232907
37,198,1496.327078
85,258,1497.080163
270,417,1498.216628
180,338,1499.169779
50,207,1499.724967
49,272,1500.479767
59,273,1501.20911
79,236,1502.364561
127,352,1503.361706
28,189,1503.944642
95,257,1504.639782
51,203,1505.184611
143,373,1506.207057
201,412,1507.310839
58,223,1508.486115
51,203,1509.062441
0,214,1509.636225
11,212,1510.21271
150,305,1511.152715
13,158,1511.575538
122,286,1512.367003
54,213,1512.921951
137,291,1513.696922
49,198,1514.76149
56,212,1515.337378
10,155,1515.733712
29,183,1516.218539
4,191,1516.736497
98,239,1517.436345
45,198,1517.99122
92,310,1518.822545
125,279,1519.564884
51,199,1520.08369
16,159,1521.078544
6,210,1521.638214
65,281,1522.395647
15,212,1522.972142
85,225,1523.575677
57,202,1524.116224
1,168,1524.636762
82,232,1525.272717
143,354,1526.218131
69,227,1527.385556
82,226,1527.992042
54,277,1528.732449
45,194,1529.242537
120,357,1530.230188
164,305,1531.084757
78,220,1531.753602
0,160,1532.178807
13,223,1533.322747
180,329,1534.2172
142,286,1535.004586
11,165,1535.429856
102,351,1536.359973
52,200,1536.859783
3,196,1537.376986
23,181,1537.870781
58,196,1538.476086
16,252,1539.710254
21,261,1540.409642
223,465,1541.722093
36,195,1542.254
123,280,1542.996411
102,347,1543.916418
25,238,1544.535191
8,165,1545.605119
343,493,1547.01624
53,204,1547.570534
96,249,1548.23119
35,205,1548.758614
121,276,1549.518385
63,281,1550.283964
157,322,1551.700157
59,225,1552.401549
151,307,1553.234691
76,233,1553.874247
63,226,1554.484286
28,191,1554.984821
38,194,1555.503911
91,248,1556.160696
60,280,1556.873472
54,205,1557.974875
47,199,1558.502695
162,388,1559.667708
38,193,1560.192373
21,266,1560.878716
72,216,1561.4702
87,235,1562.089716
151,303,1562.888815
9,228,1564.056936
39,298,1564.901956
28,195,1565.408695
32,284,1566.264107
142,384,1567.307564
38,182,1567.809556
94,243,1568.492089
41,287,1569.251721
153,302,1570.648586
40,179,1571.137719
11,176,1571.587177
34,182,1572.06858
137,281,1572.892218
126,269,1573.649521
98,242,1574.285612
264,420,1575.423847
6,240,1576.690858
119,268,1577.407924
37,185,1577.89706
13,168,1578.32495
121,346,1579.264809
37,272,1580.069709
23,175,1580.540152
9,222,1581.136249
82,226,1582.275608
118,261,1582.999276
88,228,1583.623589
13,164,1584.052355
141,292,1584.825618
36,262,1585.509151
113,266,1586.22649
65,218,1586.861906
28,177,1587.349562
119,257,1588.577592
15,164,1589.017878
54,252,1589.671168
42,185,1590.176248
27,247,1590.828441
98,237,1591.463097
35,184,1591.931669
59,271,1592.665061
74,314,1593.537302
141,286,1594.922046
100,259,1595.622464
93,238,1596.264318
64,208,1596.806964
17,174,1597.267771
59,266,1597.972027
16,160,1598.399159
229,430,1599.541422
95,290,1601.01337
62,209,1601.577954
318,468,1602.913598
12,212,1603.501746
44,182,1603.975246
99,251,1604.684955
167,317,1605.535448
49,216,1606.098967
5,154,1607.049477
7,205,1607.621932
0,162,1608.113749
9,215,1608.691127
117,263,1609.385736
65,254,1610.065609
64,251,1610.751656
41,178,1611.204813
1,142,1611.567136
74,218,1612.118203
6,203,1613.213172
76,271,1613.94826
65,209,1614.502487
111,316,1615.413824
37,191,1615.917275
8,162,1616.334612
127,263,1617.053201
28,244,1617.666842
231,376,1619.214992
128,285,1620.005638
91,295,1620.800706
30,257,1621.51456
102,301,1622.380945
28,186,1622.878085
28,239,1623.514073
184,384,1625.07098
232,376,1626.108841
3,199,1626.656922
100,333,1627.546469
104,254,1628.243109
7,222,1628.907695
97,244,1629.575543
147,301,1630.369257
98,254,1631.589281
173,370,1632.558088
23,178,1633.03646
81,291,1633.829803
67,211,1634.390305
176,323,1635.293366
101,267,1636.053701
403,550,1638.113589
88,242,1638.764032
22,131,1639.097242
44,203,1639.619879
43,230,1640.228231
71,272,1640.916176
80,271,1641.643672
34,219,1642.272416
16,208,1643.407983
118,285,1644.170817
4,201,1644.722809
49,235,1645.341326
19,123,1645.655422
43,222,1646.22505
17,207,1646.757414
73,260,1647.447104
65,222,1648.01179
38,172,1648.463423
60,161,1649.520999
216,408,1650.698095
13,207,1651.27699
11,212,1651.832172
151,345,1652.744466
137,304,1653.58191
0,175,1654.032121
32,224,1654.620251
128,322,1656.020871
20,75,1656.235142
15,69,1656.450599
115,291,1657.236675
130,313,1658.062683
67,245,1658.724615
36,221,1659.310671
0,145,1659.673805
208,400,1660.746143
45,215,1661.864432
248,430,1663.035332
71,246,1663.752085
151,317,1664.59356
6,183,1665.065412
20,139,1665.425799
139,336,1666.298095
5,72,1666.481062
181,355,1667.993986
175,365,1668.944079
89,257,1669.607869
5,189,1670.18225
7,63,1670.372457
83,267,1671.112634
194,389,1672.148259
86,271,1672.887671
232,425,1674.560957
45,232,1675.197498
181,372,1676.159351
51,240,1676.834441
93,275,1677.666627
30,216,1678.261717
24,222,1678.829197
48,229,1679.984699
15,204,1680.539183
112,307,1681.357253
27,94,1681.603321
124,315,1682.431511
8,143,1682.804092
72,271,1683.527542
6,193,1684.101223
10,203,1684.692765
75,269,1685.969175
407,572,1687.568947
16,210,1688.167113
87,252,1688.856591
125,298,1689.649478
118,315,1690.498754
118,295,1691.356982
27,89,1692.146886
7,197,1692.693366
59,279,1693.431922
16,211,1694.013468
7,204,1694.54509
44,141,1694.902462
35,239,1695.532842
82,267,1696.223884
40,75,1696.424122
173,352,1697.377872
264,449,1699.250753
8,57,1699.401617
76,275,1700.135926
214,403,1701.202003
66,242,1701.861085
187,373,1702.859252
42,237,1703.478794
93,273,1704.758859
7,54,1704.911026
10,101,1705.206731
65,244,1705.90993
94,278,1706.64081
23,201,1707.181855
83,270,1707.870388
0,147,1708.232792
4,39,1708.333139
15,207,1708.88972
30,73,1709.08974
40,219,1710.20223
29,215,1710.800972
107,146,1711.200596
25,214,1711.788132
67,103,1712.079224
50,91,1712.378241
4,41,1712.49402
7,38,1712.608084
3,98,1712.872256
34,61,1713.032371
34,212,1713.598363
4,187,1714.104872
14,50,1714.228341
1,41,1714.336961
11,52,1714.473806
23,49,1714.59923
16,192,1715.129632
35,232,1716.262189
75,254,1716.973464
27,131,1717.314798
0,196,1717.837883
15,196,1718.35873
15,47,1718.484326
3,44,1718.601036
8,37,1718.694283
188,372,1719.772145
113,180,1720.267536
7,37,1720.360377
6,40,1720.465107
55,239,1721.107488
0,164,1721.541526
36,66,1721.709211
134,296,1723.045082
10,63,1723.201608
87,242,1723.852098
5,177,1724.325464
0,170,1724.776002
3,43,1724.879252
112,264,1725.589597
61,231,1726.259047
6,182,1726.784067
45,208,1727.337479
52,232,1728.500834
13,184,1728.983886
67,258,1729.673807
109,323,1730.53047
106,266,1731.258846
8,202,1731.806638
73,239,1732.447119
97,259,1733.192345
14,188,1733.726697
5,201,1734.824414
68,223,1735.441228
110,261,1736.150714
162,361,1737.128187
7,38,1737.22516
109,300,1738.015132
32,246,1738.670347
261,450,1739.892531
13,67,1740.099475
39,254,1741.369923
4,48,1741.488445
139,294,1742.2607
1,39,1742.356598
40,197,1742.879573
131,280,1743.630156
5,202,1744.163383
164,360,1745.098235
6,205,1745.639873
0,196,1746.681434
22,185,1747.263539
186,334,1748.207185
18,233,1748.829832
49,250,1749.487845
126,290,1750.259538
91,285,1750.983356
283,451,1752.247356
77,235,1753.488567
52,244,1754.181288
16,186,1754.734811
12,121,1755.044033
0,145,1755.430757
60,259,1756.114876
28,207,1756.666675
99,256,1757.337829
37,192,1757.846101
31,196,1758.350782
204,399,1759.976593
113,312,1760.844096
88,292,1761.720437
96,293,1762.51765
18,164,1762.95996
56,251,1763.616057
89,305,1764.428155
168,323,1765.829117
149,345,1766.753982
36,188,1767.237165
167,313,1768.101837
112,261,1768.862086
110,310,1769.694138
42,92,1769.949251
59,197,1770.468857
27,238,1771.667115
183,332,1772.529294
120,265,1773.221192
107,290,1773.980134
154,219,1774.54018
40,177,1775.064145
23,58,1775.244968
56,249,1775.945724
136,286,1777.239104
108,297,1778.075365
0,154,1778.472415
74,232,1779.091708
63,214,1779.644273
21,205,1780.188341
5,194,1780.69796
85,247,1781.335756
64,256,1782.065387
187,372,1783.688742
84,241,1784.316102
108,258,1785.016217
18,54,1785.160891
6,52,1785.299358
125,318,1786.147497
8,52,1786.284116
94,286,1787.056031
76,221,1787.644016
2,143,1788.001091
116,277,1788.767242
122,270,1790.140724
105,259,1790.846547
32,195,1791.365741
10,201,1791.905282
16,172,1792.343096
77,233,1792.951709
119,282,1793.71424
20,216,1794.282521
137,331,1795.72998
66,222,1796.396918
54,237,1797.040998
0,122,1797.354932
47,232,1797.966944
37,224,1798.558682
4,170,1799.003419
103,246,1799.670734
75,246,1800.301043
16,183,1800.790081
35,200,1801.8806
4,182,1802.35466
98,252,1803.074769
14,173,1803.576246
91,241,1804.206514
46,201,1804.75373
123,309,1805.592333
71,249,1806.242158
8,54,1806.386982
256,417,1808.078829
2,184,1808.563312
75,245,1809.215762
104,250,1809.922437
86,239,1810.648567
157,340,1811.555844
146,304,1812.378253
6,148,1812.756477
25,183,1813.218889
30,211,1814.335587
6,52,1814.476481
2,53,1814.619009
1,56,1814.765371
72,258,1815.453836
58,239,1816.085102
18,202,1816.626724
21,211,1817.28119
112,283,1818.035912
193,373,1819.022763
8,36,1819.116263
15,45,1819.2246
0,135,1820.125883
11,214,1820.683904
256,422,1821.835657
130,315,1822.708124
104,292,1823.497822
210,368,1824.589949
135,284,1825.36967
24,178,1826.400737
118,295,1827.198323
45,226,1827.797986
522,711,1829.773524
144,338,1830.70067
112,259,1831.479732
129,296,1832.826797
151,308,1833.658236
206,417,1834.810802
97,280,1835.591956
66,247,1836.24837
148,311,1837.083639
187,381,1838.74882
47,232,1839.37881
146,340,1840.305634
55,215,1840.87673
140,303,1841.660916
17,54,1841.80757
10,59,1841.957022
15,53,1842.097988
82,274,1842.81239
152,338,1843.718299
274,449,1845.57511
102,299,1846.390136
40,207,1846.94833
105,285,1847.690516
89,288,1848.442546
1,160,1848.862544
74,270,1849.597533
8,178,1850.576545
68,286,1851.358659
93,273,1852.113585
4,39,1852.232931
25,196,1852.818694
8,36,1852.921104
59,225,1853.525129
90,268,1854.243626
161,309,1855.056598
3,164,1855.496318
10,206,1856.05651
12,38,1856.674088
55,262,1857.396616
232,397,1858.484489
0,189,1859.007259
151,334,1860.008876
8,37,1860.110309
3,38,1860.212086
161,371,1861.191662
109,280,1861.954185
169,367,1863.454491
91,283,1864.212254
106,276,1864.935675
315,492,1866.325413
4,200,1866.878147
129,335,1867.775827
21,234,1868.910934
20,212,1869.51892
27,238,1870.130429
0,154,1870.531592
5,195,1871.064738
32,65,1871.231445
6,209,1871.789356
193,388,1872.839988
4,205,1873.4483
58,255,1874.120856
115,314,1875.499478
85,251,1876.199595
119,159,1876.607382
1,22,1876.662292
23,203,1877.193723
10,36,1877.291398
7,49,1877.419554
18,62,1877.587528
6,183,1878.052304
90,302,1878.816487
33,127,1879.159743
13,38,1879.26409
6,175,1879.713588
32,224,1880.39782
7,38,1881.045468
2,41,1881.17569
89,114,1881.48509
40,72,1881.677425
7,35,1881.774418
47,80,1881.983283
61,87,1882.205364
10,37,1882.299495
13,48,1882.429262
76,109,1882.739066
50,75,1882.947393
139,318,1883.773478
100,124,1884.099633
102,137,1884.474723
102,157,1884.887329
2,165,1885.327878
27,48,1885.458185
15,42,1885.565638
28,112,1885.861683
129,305,1887.275733
11,36,1887.390174
4,24,1887.470343
4,22,1887.540221
0,184,1888.04335
2,29,1888.115592
161,361,1889.078752
65,90,1889.324448
6,42,1889.43233
98,297,1890.222497
4,39,1890.31921
32,83,1890.533019
3,26,1890.612329
0,183,1891.087693
57,153,1891.48374
18,63,1891.653787
1,22,1891.709021
10,193,1892.219611
305,331,1893.674112
8,30,1893.75283
128,317,1894.666878
87,125,1895.002054
13,60,1895.159611
13,38,1895.25262
4,50,1895.385497
0,188,1895.894774
124,347,1896.822569
9,38,1896.923935
21,55,1897.068632
88,284,1897.820823
53,256,1898.478788
130,331,1899.905236
9,35,1899.990119
4,25,1900.055383
2,163,1900.47248
0,159,1900.892082
122,320,1901.845717
44,244,1902.511267
62,264,1903.208587
7,37,1903.308535
84,281,1904.044547
186,221,1904.632081
4,163,1905.631785
81,280,1906.398565
103,298,1907.186172
111,305,1908.005985
89,280,1908.849726
212,259,1909.551987
23,219,1910.115553
33,244,1910.745016
148,351,1912.254756
152,328,1913.180707
19,53,1913.321283
48,241,1913.931615
78,175,1914.431998
9,52,1914.563411
3,165,1914.995364
3,164,1915.501218
206,375,1916.518329
218,309,1917.944975
18,231,1918.55921
11,52,1918.705836
129,336,1919.611762
9,58,1919.756797
128,323,1920.617407
4,192,1921.113291
143,330,1922.004068
7,23,1922.067053
69,269,1922.85541
24,67,1923.032143
180,305,1924.414743
4,154,1924.818763
26,135,1925.183611
31,239,1925.816012
68,213,1926.387591
90,270,1927.111382
64,97,1927.361767
97,269,1928.086565
74,104,1928.352857
106,190,1928.887178
22,54,1929.023543
22,40,1929.13977
58,251,1930.487332
97,271,1931.220215
47,239,1931.858164
29,64,1932.02664
100,301,1932.837218
102,315,1933.674929
171,399,1934.735546
185,380,1936.339613
8,30,1936.431774
1,207,1937.038052
7,24,1937.103098
111,337,1938.015506
6,30,1938.097493
13,36,1938.187621
63,268,1938.886178
233,263,1939.583148
26,214,1940.171411
8,35,1940.249491
10,46,1940.367206
19,36,1940.467608
84,289,1941.231124
63,264,1942.482636
21,62,1942.649093
45,236,1943.286747
159,357,1944.318592
120,188,1944.827302
56,261,1945.505516
128,325,1946.389733
80,286,1947.138405
54,77,1947.342823
107,312,1948.751363
5,199,1949.271477
105,308,1950.085533
65,134,1950.486063
6,214,1951.120469
73,272,1951.879403
95,296,1952.668571
8,28,1952.738878
8,36,1952.829514
141,347,1954.310782
5,25,1954.385338
11,198,1954.933512
152,355,1955.902642
6,192,1956.424752
259,463,1957.744311
375,567,1959.425205
52,255,1960.624963
19,214,1961.221483
101,299,1962.023933
0,135,1962.381515
0,199,1962.922543
3,179,1963.397773
65,261,1964.073345
30,244,1964.763552
12,41,1964.888909
151,342,1965.845139
40,239,1967.067146
260,486,1968.380224
13,222,1969.020458
160,337,1969.916894
9,29,1969.988775
86,311,1970.838588
72,295,1971.64284
88,299,1973.084453
88,301,1973.918295
8,220,1974.501637
55,240,1975.190361
69,279,1975.952171
33,240,1976.59785
5,216,1977.180486
19,216,1977.756612
169,365,1979.394595
7,23,1979.459381
92,306,1980.295318
233,448,1981.516093
113,322,1982.369199
52,104,1982.622719
49,237,1983.249199
142,369,1984.247736
8,195,1985.337238
12,188,1985.906084
0,157,1986.400109
104,311,1987.215321
137,334,1988.122693
17,210,1988.665858
9,203,1989.22444
4,195,1989.720431
22,195,1990.252799
97,314,1991.656978
0,191,1992.157668
148,345,1993.164088
3,203,1993.73382
11,202,1994.273939
172,365,1995.259983
48,242,1995.900297
24,226,1996.516449
3,219,1997.634581
33,231,1998.286776
199,425,1999.454038
315,528,2001.038582
77,307,2001.868681
94,318,2002.716745
155,368,2004.283823
6,203,2004.817883
9,26,2004.889329
238,454,2006.178049
32,243,2006.86527
158,345,2007.9121
0,200,2008.429236
159,387,2010.015862
11,202,2010.609749
13,274,2011.343964
82,327,2012.233087
9,234,2012.863694
200,419,2014.043324
82,321,2014.975828
121,307,2016.336456
215,389,2017.390035
7,176,2017.881981
72,324,2018.752229
107,295,2019.566886
73,255,2020.245119
13,183,2020.729225
15,212,2021.368163
21,209,2022.510213
15,234,2023.178468
41,229,2023.812166
5,177,2024.285322
282,521,2025.788636
109,332,2026.694124
3,203,2027.218307
0,183,2027.700073
9,245,2029.046049
553,748,2031.217616
96,277,2031.973336
116,298,2032.779737
167,424,2033.929309
71,250,2035.200065
2,157,2035.694056
106,352,2036.70581
75,247,2037.377937
80,261,2038.079933
121,305,2038.910422
299,482,2040.238725
219,396,2041.916628
34,213,2042.50667
70,245,2043.245095
75,254,2043.924195
238,413,2045.049546
45,317,2045.942364
2,167,2046.388557
14,182,2046.891076
54,234,2048.096322
138,321,2048.980252
195,384,2050.135972
16,204,2050.693477
13,303,2051.49262
21,284,2052.259095
147,332,2053.165378
50,311,2054.565892
56,311,2055.39276
8,177,2055.855647
98,360,2056.911763
5,249,2057.617155
232,480,2058.962029
25,206,2060.082307
150,327,2060.985641
0,204,2061.527613
0,295,2062.335986
72,251,2063.024352
41,299,2063.880219
22,220,2064.526713
137,413,2065.652502
213,492,2067.655707
255,459,2068.958709
117,382,2069.987975
64,327,2070.890543
38,237,2071.612322
103,288,2072.94805
121,307,2073.779277
102,287,2074.558052
316,609,2076.306771
2,66,2076.47944
141,325,2077.354632
274,469,2079.312403
197,386,2080.371343
119,300,2081.242923
4,45,2081.360844
376,559,2082.967211
2,30,2083.060627
120,293,2083.864602
10,173,2084.321978
19,224,2085.498795
30,217,2086.153834
21,194,2086.69521
191,494,2088.0935
460,651,2089.921196
383,564,2092.057443
3,170,2092.523613
0,162,2093.033368
169,355,2093.995638
50,237,2094.639396
138,459,2095.928616
40,231,2096.582136
89,295,2097.928366
59,250,2098.594092
326,675,2100.547852
165,361,2101.50982
73,276,2102.241921
95,294,2103.051864
22,406,2104.698887
41,462,2105.95547
17,225,2106.599834
133,330,2107.584491
102,301,2108.427345
88,290,2109.193103
24,396,2110.837768
71,276,2111.581066
6,199,2112.123321
53,428,2113.284632
4,28,2113.37172
112,326,2114.362713
0,159,2114.779078
3,193,2115.286987
15,227,2115.901125
101,312,2117.311087
6,308,2118.137671
8,45,2118.257369
4,45,2118.37031
3,307,2119.217337
102,455,2120.504857
15,235,2121.259646
533,752,2123.93182
76,410,2125.050623
1,48,2125.198443
9,201,2125.751522
4,23,2125.81191
122,432,2127.009809
62,291,2127.842859
5,44,2127.968272
46,282,2129.372967
191,446,2130.603007
152,376,2131.653621
86,443,2132.8476
5,319,2133.723847
378,621,2136.140317
255,586,2137.783159
195,526,2139.258242
32,285,2140.031654
147,477,2141.91954
185,523,2143.465382
25,391,2144.520644
24,241,2145.174873
27,382,2146.193212
109,344,2147.107933
154,390,2148.742193
529,888,2151.332601
88,428,2152.55021
12,292,2153.396959
49,423,2155.080619
212,454,2156.298579
438,823,2158.758138
3,320,2159.623566
4,27,2159.693589
148,418,2161.374072
272,734,2163.451193
425,697,2165.504902
0,367,2167.059328
4,225,2167.709259
3,224,2168.307256
421,699,2170.25574
6,384,2171.357409
3,238,2172.025508
9,272,2173.285245
105,410,2174.434785
36,330,2175.341839
124,425,2176.480429
4,300,2177.290694
158,449,2178.580051
31,307,2180.007285
0,253,2180.692469
245,490,2182.048174
85,333,2182.992071
195,454,2184.252298
89,341,2185.79445
412,701,2187.880514
278,585,2189.48798
60,335,2190.432515
186,497,2192.343412
18,324,2193.320747
43,344,2194.278413
197,544,2195.822869
1012,1338,2200.275764
183,527,2201.798271
63,428,2202.964924
167,488,2204.353626
24,357,2205.911628
0,323,2206.778967
3,259,2207.554842
119,458,2208.858679
53,389,2209.936537
254,608,2212.191022
94,385,2213.210963
258,628,2215.041983
198,553,2216.637708
13,292,2217.982462
0,211,2218.545171
9,377,2219.553141
213,515,2220.964027
29,319,2221.943868
0,373,2222.957343
189,480,2224.796958
12,307,2225.613905
253,570,2227.209227
277,638,2229.067067
10,430,2230.807762
169,491,2232.177351
0,288,2232.966552
419,854,2235.334825
0,253,2236.659734
289,607,2238.369093
437,755,2240.486177
333,662,2242.924994
168,515,2244.40931
269,614,2246.122243
182,525,2247.57651
107,452,2249.341985
187,569,2250.99743
2,238,2251.63009
236,528,2253.112329
510,824,2256.006047
115,443,2257.223501
295,613,2259.002577
222,559,2260.602896
184,526,2262.580768
5,296,2263.361407
203,580,2265.038137
85,419,2266.242689
176,514,2268.225029
187,512,2269.690938
493,947,2272.437028
0,279,2273.229062
406,745,2275.831851
166,653,2277.692817
8,346,2278.642977
886,1280,2282.850393
470,1023,2285.635692
167,809,2288.584732
282,611,2290.273161
68,403,2291.353403
14,518,2293.31315
674,1185,2296.739694
281,632,2298.481789
60,445,2300.230417
43,398,2301.367912
230,593,2303.077231
81,452,2304.287549
7,281,2305.046925
348,775,2307.767929
12,374,2308.876873
0,255,2309.54441
275,787,2312.275851
6,336,2313.171839
7,361,2314.132165
8,410,2315.236307
292,823,2317.672839
531,949,2320.866255
47,555,2322.434652
9,452,2323.755526
551,1042,2327.239608
51,468,2328.50687
317,730,2331.155182
422,803,2333.434162
608,992,2336.15805
51,695,2338.719871
538,993,2341.47457
23,637,2343.852812
246,826,2346.231787
299,1034,2349.112348
62,532,2351.100505
126,595,2352.86417
556,1043,2355.723562
0,284,2357.032671
97,577,2358.658579
200,706,2360.76327
596,1220,2364.746225
137,589,2366.430181
0,508,2367.858928
616,1169,2371.637714
14,755,2373.821178
144,1024,2377.219614
591,1178,2380.590656
61,579,2382.814499
680,1268,2386.409636
0,516,2388.433059
7,560,2389.948745
1687,2001,2396.132632
350,627,2397.899404
4,212,2398.467978
89,398,2399.481253
6,253,2400.714894
367,717,2402.797306
297,611,2404.418105
11,304,2405.218009
259,589,2407.317885
41,468,2408.577486
12,394,2409.726229
1,272,2410.435244
157,478,2411.714262
777,1315,2415.900586
714,1150,2419.704954
1359,1854,2425.35787
606,1107,2428.397387
804,1460,2433.101134
264,1028,2435.947735
508,1140,2439.719477
0,466,2440.961803
1088,1701,2446.20143
1152,1988,2452.192684
1498,2253,2459.042961
651,1687,2464.372307
1,247,2464.993687
7,543,2466.473931
311,942,2469.744304
0,908,2472.261696
703,1205,2476.203385
1093,1696,2480.834796
102,1551,2485.658792
213360,213436,3092.045106
