#{"t_start": 1566080588.828406, "env_id": null}
r,l,t
66.608523,71,1.374378
60.302086,64,1.566026
66.254258,70,1.773777
58.158421,62,1.98582
66.185692,70,2.316828
54.289993,58,2.573161
64.187183,68,2.870395
110.851997,115,3.382918
62.246465,66,3.587736
58.223532,62,3.7716
66.849968,71,4.003202
71.977497,76,4.247948
92.515667,97,4.56179
53.272826,57,4.732089
99.971036,104,5.122257
55.205994,59,5.273306
70.22491,74,5.523184
78.802771,83,5.831403
87.415601,91,6.124414
75.090804,79,6.363351
65.215313,69,6.60764
43.832333,47,6.784951
72.204232,76,7.063003
64.907589,69,7.269428
46.462174,50,7.448982
56.487249,60,7.626851
64.168294,68,7.821964
85.077989,89,8.139885
76.057322,80,10.218732
70.216991,74,10.444817
64.06502,68,10.7024
92.019083,96,11.086787
64.246732,68,11.498981
82.686185,87,11.862083
93.904144,98,12.227933
60.860377,65,12.403708
109.77487,115,12.769538
82.020492,86,13.038658
83.889617,88,13.302784
65.97308,70,13.544993
79.296258,83,13.77411
70.885907,75,13.982514
62.026097,66,14.162919
95.237982,99,14.445365
84.920641,89,14.685706
50.362641,54,14.827324
65.956342,70,15.035998
111.154486,115,15.406202
68.17588,72,15.613083
78.84628,83,15.881837
62.749059,67,16.094725
142.870214,147,16.6369
84.708961,89,17.906515
104.03528,108,18.529102
70.272489,74,18.876547
119.784792,124,19.292955
148.85699,153,19.795123
66.140183,70,19.995626
57.961702,62,20.184659
70.970697,75,20.406566
67.020306,71,20.605983
86.831183,91,20.864823
58.417511,62,21.03168
189.215434,197,21.611799
117.180364,122,21.962999
53.098163,57,22.113404
72.862353,77,22.327099
118.697418,123,22.691246
65.060412,69,22.880056
78.507436,83,23.134286
96.668421,101,23.462744
89.08488,93,23.738751
70.782987,75,23.946521
66.082969,70,24.140623
56.070908,60,25.114289
71.807276,76,25.339316
71.070791,75,25.548117
219.502605,225,26.234689
109.365961,114,26.578915
64.960663,69,26.769618
106.668825,111,27.094314
80.675773,85,27.337873
79.778781,84,27.575076
95.001338,99,27.863232
83.301248,88,28.115337
79.040398,84,28.356817
78.312196,83,28.597205
131.599169,136,28.996774
80.524316,85,29.243286
74.529057,79,29.47048
56.782224,61,29.648282
78.335263,82,29.889845
71.756126,76,30.113391
91.662376,96,30.428189
82.739003,87,30.679603
54.230445,58,30.836227
99.417144,104,31.938355
72.547716,77,32.166527
92.25035,97,32.442129
79.622314,84,32.678944
85.851455,90,32.944406
72.543852,77,33.15631
90.888602,95,33.430798
95.908893,100,33.725553
129.896884,135,34.136652
54.696675,59,34.302493
117.861913,123,34.664954
66.572635,71,34.85663
102.523224,107,35.167132
223.597949,231,35.897647
109.925409,115,36.253159
66.058259,70,36.46149
118.843143,124,36.829227
123.966345,129,37.20339
107.434626,112,37.5275
101.245815,106,37.836473
193.009963,200,39.411493
112.539414,117,39.811573
76.905112,81,40.065565
103.596041,108,40.471212
121.546091,126,40.975033
76.649726,81,41.235134
82.37086,87,41.503148
165.698246,171,42.111961
100.754943,105,42.42535
94.517539,99,42.691729
193.855183,199,43.354192
89.661097,94,43.608768
293.744297,300,44.481889
86.751298,91,44.713669
84.354209,89,44.941164
87.455565,92,45.192801
81.976758,86,46.167376
100.476409,105,46.449875
122.06852,127,46.886673
121.4784,126,47.216564
130.470733,135,47.602154
75.542772,80,47.861276
144.359055,150,48.473282
180.084063,186,49.094668
106.175087,112,49.376466
140.673035,145,49.752029
130.319945,136,50.113558
145.529934,150,50.519989
87.824569,92,50.75271
127.742922,133,51.106608
99.351012,104,51.367302
90.455862,95,51.606792
106.31468,111,51.981328
148.341523,154,53.376229
167.714495,174,53.852524
106.268306,111,54.166236
104.280005,109,54.452341
146.806447,152,54.863576
93.435445,99,55.130697
98.247558,103,55.434044
150.669698,156,55.85667
104.629099,109,56.152562
101.517924,106,56.435414
120.157627,125,56.76715
116.582488,122,57.118506
126.577694,132,57.475205
98.267277,103,57.768111
101.09532,106,58.080453
120.378587,125,58.425529
96.721764,101,59.613305
104.401488,109,59.901281
133.928577,139,60.259462
178.079444,184,60.795446
113.073184,119,61.120658
78.121109,83,61.324647
98.534845,103,61.600512
120.030472,125,61.923048
107.644358,112,62.211025
104.027421,109,62.496323
150.536253,156,62.901948
210.834008,219,63.494564
94.458076,99,63.822372
77.331022,82,64.070834
153.852695,159,64.535368
130.754345,136,65.000591
117.654369,123,66.872304
124.421349,129,67.392726
155.882907,161,67.868797
80.351567,85,68.158322
129.986516,135,68.586047
93.662805,98,68.925125
116.771202,122,69.389881
107.034568,112,69.808641
98.926414,104,70.097416
119.323504,125,70.591536
131.471481,137,71.311601
90.345177,95,71.978179
111.031123,116,72.39273
150.830298,157,73.02025
108.225746,113,73.434017
111.844863,117,73.838348
90.285696,95,74.128406
96.638089,101,74.427579
168.693629,175,76.298238
113.136803,118,76.707254
177.04776,183,77.449854
105.871919,111,77.9108
158.489803,165,78.630921
96.132593,101,79.460025
75.48835,80,79.97184
186.185758,191,81.227591
74.019388,79,81.509838
91.422111,96,81.828965
84.635345,89,82.228014
75.600708,80,82.587863
139.04617,145,83.077979
87.249796,92,83.333547
92.509185,97,83.5905
100.304456,105,83.868979
84.501903,89,84.158317
72.779399,77,85.652449
102.144778,107,86.124746
139.07941,145,86.57902
95.744049,101,86.842202
99.708009,105,87.147228
154.293746,160,87.658018
183.145295,189,88.224295
92.374802,97,88.497538
107.24528,112,88.843303
160.820046,166,89.3093
91.328496,96,89.563266
100.451216,106,89.846051
146.906697,153,90.359619
118.220146,123,90.701278
143.622448,149,91.134384
94.421594,99,91.441504
86.851626,92,91.728493
109.836697,115,93.051984
88.418536,93,93.589393
82.961885,88,93.891063
98.733604,104,94.192172
96.12774,102,94.489592
123.652752,129,94.872653
120.049209,125,95.271457
133.343987,139,95.706558
103.322611,109,96.337754
95.371851,100,96.790478
96.244677,101,97.092087
101.84949,107,97.426421
240.725335,253,98.38954
127.101302,133,98.755741
121.479786,127,99.096202
134.183597,140,99.477567
86.992022,92,99.715666
100.661898,106,100.698526
126.597691,132,101.056668
94.92007,100,101.317026
88.324267,93,101.622806
77.393828,82,101.863211
102.059117,107,102.18389
110.277779,115,102.516799
102.322768,107,102.838817
97.096955,102,103.16275
90.395121,95,103.444316
96.689573,102,103.755229
108.812435,114,104.096639
121.847618,127,104.54961
117.886709,124,104.874648
101.574958,106,105.166574
76.139058,81,105.391589
145.13894,150,105.864595
161.081514,167,106.32025
106.518031,112,107.310294
81.01478,86,107.536257
114.840013,120,107.846933
122.520522,128,108.20067
102.534819,108,108.481421
103.532875,109,108.779218
105.927361,111,109.078945
146.813523,152,109.497418
94.162009,99,109.753229
126.347986,132,110.09588
134.98194,140,110.477774
89.335828,94,110.740253
126.215229,132,111.088251
86.938421,92,111.319484
96.908071,102,111.578026
135.125283,141,111.951046
89.198398,94,112.203063
115.144778,121,112.518319
99.98266,105,113.498872
100.094261,107,113.761641
133.216676,139,114.148957
125.438698,132,114.500124
106.43982,112,114.783742
111.990534,119,115.09051
87.636324,93,115.323374
115.673426,122,115.637514
136.753335,143,116.028957
205.686209,213,116.626283
98.842118,105,116.887367
112.111087,118,117.202262
93.606254,99,117.457446
91.911015,97,117.713371
86.946666,92,117.954189
99.010649,104,118.222855
106.882414,114,118.514525
101.427627,107,119.485059
118.713941,126,119.812061
103.843494,110,120.084509
109.93411,117,120.381399
136.675707,143,120.762603
115.215365,123,121.079692
112.778413,119,121.383631
123.505913,130,121.722157
147.717835,155,122.143289
130.976078,137,122.500732
154.931627,162,122.930017
148.316654,157,123.350989
153.890874,161,123.780949
126.769901,134,124.133387
98.53506,104,124.396248
151.121716,159,125.516341
118.968098,126,125.83869
76.93387,82,126.056191
118.812493,125,126.378895
137.151764,145,126.761797
136.940295,143,127.151876
109.633132,117,127.454841
150.298516,158,127.899476
99.617644,105,128.166219
180.315592,189,128.689082
105.63286,111,128.987619
183.383576,191,129.515664
153.384978,162,129.967508
83.40006,88,130.192988
108.919025,114,130.48634
161.345447,170,130.954614
128.007264,134,132.019348
149.026198,158,132.435172
149.8728,160,132.862972
124.881792,132,133.227532
148.976448,156,133.651279
129.558666,138,134.011972
159.744301,167,134.48172
112.397685,118,134.795733
163.34592,171,135.382057
107.159145,115,135.752898
270.886699,285,136.765944
114.252448,121,137.221845
145.169943,155,137.750845
94.259526,101,138.877076
169.131438,180,139.463885
164.362238,174,140.134912
106.216137,113,140.53294
209.170131,221,141.292283
127.264087,136,141.708738
146.148133,155,142.247423
122.205592,132,142.609914
179.644678,187,143.210091
123.938656,132,143.582069
197.703297,206,144.180674
167.903136,176,144.733455
156.995101,167,145.224123
122.922598,132,146.35579
142.738595,150,146.777703
159.135077,167,147.262047
173.680345,183,147.784556
155.419124,163,148.27794
151.789125,159,148.763077
226.091671,234,149.480404
160.102993,170,150.037216
198.397373,207,150.655819
172.522934,180,151.197158
241.258142,251,151.946509
181.680879,191,153.213974
211.609924,222,153.872209
160.507218,170,154.346729
206.76507,218,154.979517
218.402979,230,155.697151
155.129536,164,156.180908
305.974065,322,157.109408
145.213721,152,157.550442
263.736787,274,158.421484
131.547637,140,158.823156
274.33479,284,160.645765
189.842217,198,161.223031
180.860919,190,161.871228
145.155827,155,162.314321
174.771961,183,162.801998
135.705245,144,163.203259
194.532816,205,163.861865
155.172199,164,164.339173
150.819476,159,164.876037
183.154634,192,165.492387
145.455732,151,166.000997
190.675445,200,167.506266
151.272721,160,167.964274
284.618362,294,168.814191
198.36519,208,169.415862
220.708,229,170.112037
154.206906,162,170.604289
221.453204,229,171.330606
174.97172,183,171.917652
187.991291,197,172.728115
163.533494,171,173.341196
157.054543,165,174.647627
196.972336,206,175.285691
337.514349,354,176.352126
258.853578,276,177.253906
289.494544,298,178.370867
192.58191,201,178.998144
185.101565,195,179.597464
133.440292,144,180.009107
284.39069,293,181.84507
286.703119,300,182.685834
191.052144,200,183.257131
184.377227,193,183.796671
252.771813,271,184.559642
236.122579,248,185.287819
148.214079,156,185.723286
273.125813,283,186.545076
254.751302,265,187.261566
287.04541,298,188.795492
319.162532,335,189.733997
228.326848,238,190.416053
208.827839,219,191.050364
163.374121,170,191.541256
288.567,302,192.402825
150.559422,158,192.848094
187.084445,195,193.414149
283.513804,299,195.038403
228.685085,239,195.746705
300.114876,311,196.640931
179.318023,187,197.185588
178.717158,187,197.751794
325.060935,340,198.823785
232.295654,241,199.728047
173.229959,181,200.260923
174.986192,183,200.842798
184.015769,192,202.670037
132.128128,141,203.074579
169.322162,177,203.711568
179.322414,187,204.454912
136.643089,146,204.915315
166.642392,175,205.615589
429.385472,444,207.156341
231.281942,240,207.922074
639.343053,667,211.695519
192.019085,201,212.537649
207.930386,217,213.437293
184.45259,193,214.15674
177.959076,186,214.77895
231.205817,240,215.636072
192.690247,201,216.282845
211.928943,221,216.948651
209.751546,218,217.602353
161.124221,170,218.124397
187.976722,196,220.005806
174.390086,183,220.711234
174.452447,183,221.480036
165.528588,173,222.141644
213.93768,222,222.856227
177.048595,186,223.370471
201.437104,210,223.997719
187.790168,196,224.561135
148.77185,157,225.007437
178.324513,187,225.545043
219.58561,228,227.186554
169.677342,177,227.804724
211.791656,221,228.504346
174.207892,182,229.13813
176.362681,185,229.737067
282.624968,292,230.5849
322.305059,335,231.56
184.22161,193,232.119576
185.92986,195,232.711767
175.48072,183,233.356875
259.618691,268,235.309452
201.736413,210,235.968364
192.907308,202,236.569861
211.050981,220,237.235484
219.905985,229,237.980086
203.545432,212,238.703262
192.531199,201,239.324441
270.579744,281,240.188942
174.982398,183,240.756043
156.684256,164,242.215181
215.641198,225,243.0703
245.101767,254,244.072557
154.465317,162,244.744178
189.058494,198,245.589711
268.756002,279,246.679955
201.646258,210,247.419963
193.065707,202,248.128145
354.759869,368,249.339026
257.562922,270,250.998875
202.893605,212,251.697528
254.220799,264,252.561226
310.751067,321,253.95737
354.669856,374,255.523493
300.512122,313,256.625252
256.526808,267,257.502722
325.517624,335,259.300634
217.744402,227,260.033538
250.309242,265,261.226979
310.01558,322,263.204558
193.501809,202,264.164867
193.176614,202,265.142541
299.558432,314,266.083477
260.862891,277,267.488942
222.847004,235,268.158373
254.735495,268,268.934585
183.786108,191,269.477914
251.322476,266,270.235038
254.934368,267,271.019047
202.223195,211,271.749623
174.538702,184,272.593231
232.392793,241,273.901778
271.70686,285,275.898954
259.361888,273,276.692943
304.277399,318,278.021482
240.994345,250,278.953358
202.611258,212,279.678483
252.519142,270,280.605793
224.609216,234,281.654284
296.446297,310,282.875101
255.294927,271,284.896578
311.28646,323,286.130943
276.361444,289,287.338981
285.08313,297,288.559198
287.410989,303,289.731476
232.283004,242,290.496367
261.062761,275,291.404855
285.989036,299,292.994628
269.787363,280,293.856891
246.682099,257,294.645973
295.54339,307,295.56475
237.265997,248,296.416958
240.148609,253,297.189378
302.868932,316,298.454595
318.487617,332,300.192941
233.539122,244,300.932534
314.375919,327,301.884917
208.132125,218,302.531042
356.052654,370,303.780424
328.392316,340,305.276872
267.421145,277,306.549969
244.216887,254,308.165675
289.845078,299,309.2241
299.450975,313,310.119139
288.391618,302,311.029257
224.995171,235,311.773215
228.656403,240,312.514286
224.195361,235,313.224327
237.985421,252,313.943771
240.146938,249,315.359397
241.906893,253,316.111869
253.713639,270,316.841116
275.040319,286,317.657892
253.444187,265,318.412915
244.278827,256,319.122728
451.476248,466,320.452472
240.51516,249,321.966024
206.891905,216,322.578568
166.989073,176,323.164371
189.6799,198,323.708681
367.749288,387,324.777662
173.744051,183,325.256814
247.332027,263,326.009744
188.762224,198,326.58016
318.364468,332,328.503357
160.144398,167,329.129862
183.538237,191,329.71085
208.303745,227,330.304068
278.200561,295,331.101199
389.311886,408,332.233023
235.924662,249,332.972876
279.635772,289,334.051971
288.587794,300,336.032151
245.044831,260,336.865223
319.596786,336,337.924698
330.496663,353,338.863912
238.498665,250,339.617549
291.415972,314,340.516636
214.983852,226,341.35053
268.016512,279,343.33573
157.889781,165,343.953377
288.810321,299,344.977356
158.277183,166,345.634534
354.475696,375,347.385583
195.251803,203,348.016963
182.835842,192,348.574215
297.613703,313,349.521151
321.592816,337,351.400769
181.02125,189,352.021218
313.407351,328,353.249851
174.879193,182,353.80434
259.924781,276,354.651533
333.137153,354,355.926195
310.238465,328,356.87116
182.936784,190,357.451083
160.504837,168,358.770236
189.155768,198,359.409194
292.877345,303,360.29618
143.769446,151,360.725423
271.848254,283,361.605473
224.202021,235,362.355146
197.431463,206,362.960403
201.348245,209,363.620241
148.088672,155,364.083087
180.927229,189,364.723846
178.888572,187,366.097636
158.868048,166,366.612972
190.122768,199,367.256063
188.851677,197,367.854555
175.440006,184,368.491747
298.657724,314,369.691794
186.352152,195,370.340438
171.051812,178,370.967022
200.941026,209,371.709587
421.823817,439,374.303587
279.633738,297,375.27656
300.859696,324,376.299415
360.888727,373,377.585058
282.955499,296,378.5204
292.282842,312,379.487295
316.321517,333,381.435915
302.027396,318,382.712083
276.059298,288,383.545558
305.688159,325,384.47137
294.521022,308,385.576973
291.225005,303,386.529519
360.632943,374,387.668977
191.179447,200,389.033011
233.337934,249,389.795458
282.352524,299,390.667666
296.416137,314,391.538315
312.270675,330,392.512119
277.457845,290,393.438001
258.727995,270,394.267915
354.279476,371,396.41604
336.357528,352,397.597488
324.687418,340,398.699383
282.042482,299,399.76886
277.211745,294,400.669447
278.907431,293,401.781686
304.247104,322,403.64255
313.856079,328,404.747934
296.895654,313,405.907315
416.246844,439,407.151146
330.392218,348,408.177993
314.172451,329,409.281034
314.243883,332,410.91913
407.546189,426,412.151051
362.999968,386,413.195943
306.901586,323,414.217966
329.160238,347,415.282248
314.673308,329,416.2085
310.530719,325,417.850237
308.617252,325,418.734061
286.068903,308,419.588423
318.472285,329,420.847296
275.516958,288,422.063272
310.647024,323,423.025146
429.167141,444,425.17908
449.943995,474,426.546584
370.065233,390,427.679185
359.486926,376,428.73599
389.618793,406,429.91401
398.526906,417,431.946341
312.729299,332,433.007828
331.21411,346,434.054477
301.818704,314,435.035269
443.600287,465,436.444652
360.110505,375,437.505211
413.670394,432,439.629552
470.53139,492,441.187828
371.690319,388,442.439157
417.384632,434,443.68541
361.600477,379,445.457281
504.774003,529,446.981145
602.633037,626,448.862603
309.101899,324,449.87612
428.825713,452,451.18336
389.515859,404,453.062838
479.244488,511,454.574744
332.678715,352,455.717551
509.087109,533,457.33633
363.152064,382,459.617578
445.13665,469,461.151737
510.595585,539,462.720753
498.304777,518,464.279991
493.310338,520,466.509703
625.011968,648,468.436298
427.293492,452,469.721763
508.174255,525,471.282137
405.421617,427,473.387096
674.115623,701,475.722573
709.468876,739,478.02384
625.06404,645,480.849939
398.290135,420,481.971596
821.221108,851,484.365676
794.710386,824,487.489335
631.836683,664,489.392484
608.683678,636,491.235051
619.634027,650,493.675165
747.959865,775,495.912515
839.508423,860,498.452958
703.476833,739,501.344607
541.401801,560,502.972388
694.735322,717,505.08558
682.392501,711,507.98243
735.886243,766,510.198354
702.122227,732,512.304095
1453.775028,1498,518.163134
606.990012,643,520.195444
708.707307,749,523.559195
1094.869361,1126,527.801467
1507.223716,1560,534.304895
670.626445,699,537.388222
558.562715,581,541.05127
623.103904,645,543.233387
645.053807,667,545.406023
515.515257,539,547.846885
525.805374,549,549.641668
584.402111,613,551.500569
522.400382,550,553.233275
716.621143,751,556.734594
450.853413,468,558.404083
563.803084,587,560.447741
673.765685,699,563.588186
558.616864,588,565.482316
707.093027,738,567.704084
515.514792,540,570.719671
403.643738,431,572.016589
232.409459,250,572.73645
553.732191,580,574.394975
469.765009,492,575.8049
448.979396,478,578.294628
390.31287,415,579.742035
548.892358,569,582.167693
268.77562,283,583.106668
495.933847,518,585.582346
646.386479,676,587.707495
292.603293,306,588.666266
447.873032,469,590.465171
737.527286,765,593.738304
436.085339,461,595.276156
699.503415,726,597.598338
431.51596,454,598.970763
702.821861,733,602.023654
490.523165,513,603.674096
545.630062,574,605.653321
597.930593,630,608.397386
644.30075,670,610.567027
512.706276,530,612.259441
508.633047,528,614.836201
396.101907,415,616.017555
672.853234,697,618.442835
634.000872,661,620.308667
1000.618611,1037,624.391982
1013.18485,1047,627.648158
657.411489,686,630.560467
762.130364,800,633.315677
810.370792,842,636.588438
615.526059,641,638.749746
585.668721,605,640.750433
767.194836,807,643.876719
777.312835,802,646.372731
432.745634,456,647.655307
859.877473,893,651.001224
1018.05156,1061,654.517024
1070.867817,1116,658.211735
1265.093172,1303,661.952931
2010.824761,2048,668.759236
1533.571131,1595,674.958987
1157.862773,1204,679.308785
849.524527,886,681.997371
850.895776,892,685.486067
1458.036138,1505,690.097408
1219.089688,1266,695.217174
1877.618544,1942,704.352781
950.675133,986,709.519105
1491.455573,1552,717.899531
1991.839912,2048,727.6247
797.073244,836,730.985436
1046.99871,1093,737.599811
1084.441155,1128,744.072922
754.012993,789,746.432657
1027.194161,1075,749.456357
1009.461172,1054,753.248122
1015.862671,1061,756.315047
984.180909,1034,760.254787
1363.643519,1433,765.856406
1520.037197,1591,770.751005
1977.673882,2048,777.428939
1999.286527,2048,784.033113
1979.22599,2048,790.510335
1977.624325,2048,797.084903
1953.600466,2048,803.587843
1540.000338,1600,808.609123
1988.19515,2048,815.210607
1975.919348,2048,821.629469
1779.810189,1845,827.740482
1991.915656,2048,834.293789
1984.952636,2048,840.997496
2004.356221,2048,847.745844
1994.441848,2048,854.471989
2007.0221,2048,861.193323
2005.390247,2048,867.819798
1988.386695,2048,874.461523
1997.163664,2048,881.194724
1977.452587,2048,887.930798
2005.042872,2048,894.671229
1983.738229,2048,901.405897
1997.902411,2048,908.188933
2028.904475,2048,914.92709
2009.367086,2048,921.70092
1973.615066,2048,928.473912
2023.734482,2048,935.228129
2029.860498,2048,942.017193
1992.473958,2048,948.765805
2005.000131,2048,955.547639
2024.681134,2048,962.310339
2014.928694,2048,969.184605
1323.944202,1371,973.909365
1197.587274,1242,977.651619
1658.017805,1718,983.399443
1392.269595,1446,988.305519
2010.378955,2048,995.031815
1671.134796,1733,1000.836599
2023.36782,2048,1007.549116
2024.969323,2048,1014.304365
1990.834485,2048,1021.053859
2004.899211,2048,1027.825301
2022.032971,2048,1034.634318
2032.559191,2048,1041.413727
2003.468838,2048,1048.190518
2026.574221,2048,1055.995604
2024.614649,2048,1063.953659
2027.386475,2048,1071.775148
2032.202915,2048,1078.973511
2016.467331,2048,1085.826843
2027.282524,2048,1093.179508
2008.091311,2048,1100.066869
1996.21647,2048,1107.093671
2013.589055,2048,1114.061986
2016.041772,2048,1120.926355
2029.478823,2048,1128.056592
2026.259747,2048,1134.944627
2018.587151,2048,1141.805737
2010.417393,2048,1148.578656
2029.766487,2048,1155.764738
2027.60517,2048,1162.598279
2026.708676,2048,1169.460708
2024.26499,2048,1176.276171
2024.957059,2048,1183.087096
2017.455808,2048,1189.887126
2013.92772,2048,1196.735019
2012.722441,2048,1203.496379
2018.595623,2048,1210.287843
2030.298312,2048,1217.388973
2016.147107,2048,1224.468874
2006.217281,2048,1231.208276
1998.72282,2048,1238.310607
2006.872632,2048,1245.448453
2027.839276,2048,1252.559243
2027.198672,2048,1259.644454
2020.934851,2048,1266.52623
2004.925322,2048,1273.237983
1999.144452,2048,1279.954455
2008.582987,2048,1286.739568
2010.28956,2048,1293.536278
1998.369065,2048,1300.949424
2014.53825,2048,1307.685262
2012.378585,2048,1314.409773
1989.960624,2048,1321.133689
2018.631765,2048,1327.8445
2023.555013,2048,1334.556919
2030.798783,2048,1341.292665
2029.068585,2048,1348.001647
2037.00242,2048,1354.738191
2035.304084,2048,1361.454841
2032.750687,2048,1369.40478
2034.115994,2048,1376.180155
2032.561114,2048,1382.90749
2009.486061,2048,1389.688483
2008.48063,2048,1396.398381
2007.34692,2048,1403.094471
2016.260104,2048,1409.811033
2020.120332,2048,1416.487442
2013.796463,2048,1423.186156
2029.582602,2048,1430.601143
2030.0885,2048,1437.339697
2021.345716,2048,1443.993805
2028.768864,2048,1450.744762
2025.459672,2048,1457.507403
2034.708288,2048,1464.271218
2032.197305,2048,1471.029785
2034.705706,2048,1477.803915
2035.531709,2048,1484.528856
2016.670628,2048,1491.257958
2003.877102,2048,1497.993779
2021.135689,2048,1504.711914
2034.016318,2048,1511.459041
2037.481485,2048,1518.258457
2031.014079,2048,1524.972046
2017.024103,2048,1531.76628
2012.310465,2048,1538.484807
2003.593292,2048,1545.224354
2000.690344,2048,1551.927875
2029.407855,2048,1558.649835
2030.252131,2048,1565.351158
2032.056165,2048,1572.103311
2036.613378,2048,1578.861053
2031.783361,2048,1585.615051
2011.593902,2048,1592.326622
2034.364871,2048,1599.045788
2014.390227,2048,1605.743066
2026.735386,2048,1612.43962
1999.828703,2048,1619.161993
1999.35035,2048,1625.854334
2001.642417,2048,1632.724549
1995.663736,2048,1639.5457
1996.955418,2048,1646.247753
2034.616729,2048,1652.925534
2015.878798,2048,1659.65028
2006.823047,2048,1666.30737
2036.550461,2048,1672.996889
2021.533694,2048,1679.889438
2003.06837,2048,1688.121547
2022.710241,2048,1696.260358
2034.732634,2048,1703.911259
2019.340215,2048,1710.998769
2011.65626,2048,1717.923782
2027.250923,2048,1724.956014
2023.878507,2048,1731.84086
2029.70776,2048,1739.67516
2011.778077,2048,1747.769781
2010.647049,2048,1756.679562
2035.73439,2048,1765.167304
2039.088981,2048,1772.240749
2036.175838,2048,1779.594907
2034.130449,2048,1788.894703
2035.483396,2048,1796.903137
2016.043943,2048,1804.620592
2019.415139,2048,1812.885172
2017.620088,2048,1820.169278
2031.010497,2048,1827.131944
2037.745214,2048,1834.8286
2039.378965,2048,1842.136206
2034.300821,2048,1849.296384
2031.352934,2048,1857.228932
2027.965125,2048,1866.53345
2039.581493,2048,1878.024775
2034.581783,2048,1885.325484
2030.634131,2048,1892.354734
1753.149637,1837,1898.708931
1973.821533,2048,1905.704632
1999.281898,2048,1912.730004
2026.718938,2048,1919.651137
2039.671648,2048,1926.549839
2039.466927,2048,1933.459036
2032.059247,2048,1940.360664
2039.885265,2048,1947.267078
2030.291528,2048,1954.143961
2027.913524,2048,1961.019683
1994.223867,2048,1967.88186
2021.175023,2048,1974.784682
2007.027873,2048,1981.692879
1994.239706,2048,1988.591625
2001.295953,2048,1995.534495
1989.046626,2048,2002.640403
2031.702692,2048,2009.617424
2008.620021,2048,2016.602419
2020.079995,2048,2023.560476
2038.144919,2048,2030.847816
2028.907669,2048,2037.824405
2020.717031,2048,2044.75922
2032.296618,2048,2051.693409
2032.067543,2048,2058.66201
2027.463445,2048,2065.669283
2016.28911,2048,2072.660261
2018.999109,2048,2079.616056
2038.688929,2048,2086.572405
2035.752408,2048,2093.543306
2030.229769,2048,2100.495579
2033.424857,2048,2107.523234
2029.090209,2048,2114.480634
2033.789919,2048,2121.46355
2026.248661,2048,2128.447981
2018.979673,2048,2135.403771
2018.14608,2048,2142.383693
2036.274591,2048,2149.342536
2035.14566,2048,2156.315371
2039.673339,2048,2163.290716
2040.25158,2048,2170.303887
2042.656777,2048,2177.315156
2040.348249,2048,2184.331072
2041.660224,2048,2191.313962
2034.152647,2048,2198.289884
2023.730458,2048,2205.314728
2025.370083,2048,2212.276061
2031.7402,2048,2219.245496
2042.446499,2048,2226.214799
2040.924357,2048,2233.220903
2039.462306,2048,2240.216337
2034.39127,2048,2247.186303
2040.369561,2048,2254.152887
2036.394296,2048,2261.149943
2036.041423,2048,2268.142515
2039.274491,2048,2275.178484
2036.741521,2048,2282.16108
2035.394218,2048,2289.12722
2039.508101,2048,2296.16654
2040.856826,2048,2306.115288
2042.859978,2048,2314.618657
2041.135422,2048,2321.653253
2040.59517,2048,2328.749588
2040.608978,2048,2335.791656
2041.642718,2048,2342.774336
2039.267394,2048,2350.433539
2040.075602,2048,2357.475415
2041.421525,2048,2364.487949
2039.842592,2048,2371.5802
2036.372576,2048,2378.585556
2036.651431,2048,2385.594583
2038.772331,2048,2392.561237
2034.662409,2048,2399.544904
2036.919706,2048,2406.5294
2038.595782,2048,2413.561611
2040.146363,2048,2420.566937
2037.287273,2048,2427.539578
2036.624742,2048,2434.537921
2035.51003,2048,2441.539205
2032.761079,2048,2448.503717
2032.860424,2048,2455.507842
2027.620539,2048,2462.535891
2030.692513,2048,2469.554544
2030.972163,2048,2476.550323
2033.320331,2048,2483.552503
2036.028764,2048,2490.544824
2038.108781,2048,2497.532509
2038.239935,2048,2504.529072
2038.899814,2048,2511.522735
2039.779101,2048,2518.514272
2039.499708,2048,2525.525028
2039.066554,2048,2532.543916
2033.704102,2048,2539.563357
2037.659641,2048,2546.590428
2040.305637,2048,2553.572893
2039.400499,2048,2560.553021
2036.541917,2048,2567.567146
2038.758759,2048,2574.581345
2037.282037,2048,2581.569311
2030.591318,2048,2588.586425
2028.054183,2048,2595.779162
2027.57024,2048,2602.773208
2031.42958,2048,2609.764436
2033.030576,2048,2616.765782
2030.071508,2048,2623.760347
2025.566099,2048,2631.267811
2032.448999,2048,2638.426953
2031.53373,2048,2645.443882
2029.48841,2048,2652.463689
2033.903028,2048,2659.796118
2031.014507,2048,2667.390198
2034.315174,2048,2674.390357
2037.592302,2048,2681.414679
2035.496632,2048,2688.410318
2033.174742,2048,2695.398623
2032.752575,2048,2702.401871
2027.510462,2048,2709.391521
2034.514369,2048,2716.487124
2038.82118,2048,2723.486624
2037.449849,2048,2730.504429
2040.073098,2048,2737.521415
2034.512232,2048,2744.51083
2029.80814,2048,2751.599955
2034.046601,2048,2758.59253
2032.140971,2048,2765.690246
2026.98763,2048,2772.712391
2035.326777,2048,2779.716255
2040.438882,2048,2786.713674
2042.292503,2048,2793.69966
2027.984283,2048,2800.702405
2025.893658,2048,2807.703665
2030.573233,2048,2814.692624
2032.151535,2048,2821.679403
2030.851245,2048,2828.681025
2038.244792,2048,2835.742474
2038.061795,2048,2842.742759
2038.277739,2048,2849.747976
2038.538945,2048,2856.778225
2037.602272,2048,2863.786501
2029.481855,2048,2870.788364
2040.137516,2048,2877.78867
2035.272904,2048,2884.776845
2032.013182,2048,2891.784323
2031.329954,2048,2898.820206
2032.698274,2048,2905.811298
2032.746184,2048,2912.827407
2031.550394,2048,2919.843893
2033.533753,2048,2927.000625
2035.164148,2048,2934.061987
2034.567515,2048,2941.083857
2034.689914,2048,2948.103003
2034.747049,2048,2955.09465
2031.143429,2048,2962.113682
2035.7919,2048,2969.125148
2035.18459,2048,2976.139543
2035.816926,2048,2983.137236
2035.714641,2048,2990.124302
2034.440024,2048,2997.142424
2030.230563,2048,3004.127108
2036.936348,2048,3011.154201
2037.783128,2048,3018.442097
2038.98708,2048,3026.183901
2035.79015,2048,3033.201227
2038.848557,2048,3040.228816
2038.151423,2048,3047.237269
2033.025998,2048,3054.268743
2028.752851,2048,3061.269972
2028.548004,2048,3068.388625
2030.36297,2048,3075.54934
2026.225626,2048,3082.566088
2028.30258,2048,3089.704331
2024.476722,2048,3096.9593
2025.237678,2048,3105.111228
2021.431811,2048,3117.296231
2023.10817,2048,3127.2224
2031.022206,2048,3136.509319
2035.960546,2048,3145.489919
2036.321977,2048,3155.586997
2039.517806,2048,3164.920452
2039.132154,2048,3173.250727
2039.814162,2048,3184.319162
2037.776447,2048,3192.125298
2034.660217,2048,3202.017752
2032.156795,2048,3214.346202
2031.436424,2048,3224.644687
2030.877172,2048,3237.872425
2034.223026,2048,3246.777374
2034.965357,2048,3254.992898
2034.521882,2048,3265.106661
2036.390273,2048,3276.028572
2038.207505,2048,3284.638948
2036.999042,2048,3293.75959
2038.478489,2048,3302.148056
2036.212895,2048,3310.876591
2038.089255,2048,3319.711779
2039.658787,2048,3328.809226
2040.879638,2048,3336.455755
2038.840902,2048,3346.355468
2042.961727,2048,3356.644197
2042.973404,2048,3363.823919
2040.510836,2048,3371.028867
2041.232898,2048,3378.373367
2042.254086,2048,3386.411487
2041.594853,2048,3394.235147
2041.599947,2048,3401.591702
2039.239858,2048,3411.780531
2039.765538,2048,3419.807611
2041.324172,2048,3426.960086
2042.221195,2048,3434.399411
2041.708223,2048,3443.123583
2039.263179,2048,3451.017644
2036.649557,2048,3458.843193
2036.190359,2048,3466.695166
2034.431091,2048,3475.449716
2037.302683,2048,3483.250138
2040.86432,2048,3490.690806
2042.808289,2048,3499.621164
2042.77696,2048,3508.53518
2042.844208,2048,3518.317609
2042.751732,2048,3529.684893
2039.373534,2048,3540.928966
2038.471384,2048,3549.071738
2042.250754,2048,3556.510782
2042.180342,2048,3563.655381
2042.93692,2048,3570.942674
2040.606722,2048,3590.559658
2039.977554,2048,3600.845354
2041.479339,2048,3610.343277
