#{"t_start": 1567474911.5658903, "env_id": null}
r,l,t
0,604,3.962569
0,390,7.741108
0,379,10.664826
0,568,12.127702
0,368,14.44598
0,233,17.915845
0,326,19.554499
0,186,20.680186
0,643,22.988926
0,403,25.293043
0,197,28.604628
0,186,31.28126
0,368,33.978282
0,624,35.941363
0,266,39.241001
0,353,41.267892
0,207,44.616684
0,219,46.776125
0,242,47.832466
0,234,51.259158
0,354,55.10539
0,416,57.193845
0,228,58.292921
0,226,61.51794
0,341,64.764915
0,231,67.604117
0,359,69.569623
0,393,72.380943
0,245,75.105599
0,205,77.008502
0,356,78.763043
0,528,82.587405
0,384,84.485201
0,355,85.69674
0,375,88.574656
0,371,90.831524
0,397,93.420703
0,365,95.939733
0,368,99.61534
0,512,103.226993
0,506,104.974999
0,388,107.469028
0,363,109.844006
0,376,112.105721
0,509,114.471416
0,390,116.799325
0,550,120.903015
0,369,121.91649
0,525,124.148792
0,514,126.732559
0,247,130.100657
0,244,131.263321
0,377,134.342003
0,355,136.967232
0,374,139.142189
0,427,142.829429
0,438,144.863274
0,421,146.769099
0,349,147.810127
0,374,150.310781
0,354,153.290026
0,377,156.349844
0,540,160.090317
0,209,161.240448
0,196,164.25093
0,376,167.65821
0,207,168.798571
0,358,170.552448
0,182,171.808572
0,191,174.542779
0,181,177.812336
0,195,181.006213
0,183,182.25294
0,187,183.850247
0,196,186.312664
0,191,189.60952
0,183,191.720247
0,202,192.932766
0,184,194.670673
0,184,197.872527
0,183,200.471711
0,191,203.530544
0,241,205.70477
0,217,207.891091
0,249,208.944523
0,187,211.896881
0,194,214.097981
0,180,215.837782
0,193,216.698828
0,193,218.15281
0,200,219.498088
0,181,222.265871
0,177,223.920717
0,183,227.116101
0,210,229.209201
0,175,231.550456
0,167,232.565068
0,177,235.536191
0,178,238.727541
0,191,239.862527
0,179,241.903416
0,189,244.859312
0,179,246.006243
0,181,248.217887
0,192,249.901098
0,178,253.243149
0,188,253.763504
0,181,255.166718
0,171,256.831939
0,184,258.249072
0,193,259.527998
0,178,261.752352
0,198,263.646274
0,172,264.630749
0,342,266.962647
0,176,270.170325
0,186,272.396436
0,185,274.977514
0,183,278.312845
0,184,279.343539
0,186,280.458994
0,186,281.605797
0,192,283.582024
0,181,286.916273
0,182,287.502024
0,337,289.188278
0,181,290.267725
0,197,291.307303
0,189,292.216929
0,179,293.442802
0,185,296.243928
0,194,298.77602
0,223,301.295837
0,354,303.112225
0,372,304.766862
0,193,307.365379
0,179,309.96921
0,240,312.976997
0,187,315.178723
0,489,318.854256
0,191,320.352917
0,228,321.812311
0,365,323.51609
0,220,326.044617
0,181,328.630568
0,205,329.295992
0,351,331.539827
0,184,334.990895
0,173,335.521408
0,211,336.771849
0,199,337.504214
0,198,338.807244
0,187,341.973304
0,196,345.024884
0,354,346.290123
0,189,347.645399
0,187,349.501375
0,192,352.868763
0,183,353.914539
0,202,356.9934
0,184,360.354998
0,200,363.369839
0,178,364.912968
0,169,366.79646
0,192,369.374509
0,189,371.144053
0,188,371.965471
0,177,375.778228
0,180,378.123757
0,188,379.524135
0,173,382.353039
0,181,384.851384
0,173,385.413265
0,183,388.674475
0,178,391.008077
0,342,394.64798
0,181,397.51496
0,177,398.823262
0,177,401.865137
0,169,404.059176
0,174,405.860792
0,202,406.918827
0,190,407.501064
0,183,408.419633
0,182,409.980043
0,197,412.259861
0,218,413.356326
0,197,416.212348
0,177,417.806406
0,200,418.293576
0,192,418.896501
0,189,420.735859
0,331,421.896486
0,195,424.268058
0,183,425.274982
0,178,427.123354
0,179,429.048865
0,171,431.759684
0,171,432.987936
0,350,434.349806
0,195,435.065375
0,196,436.455621
0,366,439.572944
0,191,441.460489
0,186,444.159763
0,186,445.273819
0,188,446.403426
0,185,449.293573
0,177,452.872494
0,183,453.577295
0,194,455.683723
0,170,458.16889
0,174,459.812455
0,183,462.792674
0,507,466.415517
0,206,468.78288
0,332,471.03836
0,196,473.12926
0,195,474.041639
0,190,476.515991
0,170,478.980801
0,179,480.348069
0,193,483.678385
0,178,486.461164
0,198,487.776217
0,180,489.864219
0,227,491.774808
0,181,493.137632
0,194,496.656793
0,184,498.165267
0,183,500.281355
0,178,502.3684
0,177,503.425308
0,194,506.362844
0,177,508.212427
0,179,510.430207
0,178,511.102173
0,198,514.540387
0,182,517.559264
0,180,519.125227
0,184,522.357054
0,168,522.91498
0,186,526.093405
0,188,527.361249
0,170,527.829078
0,196,530.912094
0,215,531.489362
0,172,532.057742
0,183,535.112272
0,178,537.897225
0,162,540.329807
0,169,541.169113
0,168,542.646254
0,174,544.855131
0,196,547.40382
0,179,548.745856
0,172,550.162009
0,171,552.348633
0,178,553.658216
0,173,556.617206
0,199,558.577972
0,328,561.307267
0,160,564.273906
0,165,565.589919
0,173,568.709044
0,182,571.944242
0,167,572.454706
0,173,575.508159
0,176,577.759846
0,191,578.454359
0,174,579.511958
0,171,582.651435
0,180,584.022284
0,165,586.989619
0,165,588.928795
0,167,590.759283
0,178,593.310022
0,173,594.753085
0,163,597.644684
0,181,600.035076
0,173,602.632697
0,177,606.036076
0,184,608.172504
0,170,610.65923
0,190,613.769648
0,161,614.271335
0,166,615.147312
0,172,617.904205
0,175,620.481931
0,184,622.577229
0,169,625.32126
0,168,628.18901
0,172,629.713393
0,163,631.424937
0,186,633.644073
0,171,635.949572
0,191,637.134415
0,182,638.296439
0,173,639.59339
0,171,641.377445
0,179,642.33413
0,439,645.297492
0,173,647.256898
0,172,648.262103
0,165,649.73865
0,168,652.000614
0,174,652.92897
0,196,655.374848
0,178,656.720501
0,569,658.470752
0,180,659.696874
0,174,661.81937
0,172,663.07767
0,179,664.716036
0,180,665.620447
0,186,668.036029
0,181,671.507169
0,171,674.053327
0,167,676.843685
0,161,678.727555
0,169,681.91354
0,182,684.561356
0,187,685.879221
0,180,686.434183
0,190,689.04176
0,174,691.085895
0,205,695.003568
0,198,695.608204
0,187,697.10926
0,176,700.508487
0,199,701.785502
0,167,703.012718
0,190,705.3671
0,186,708.464681
0,184,711.69057
0,199,712.986048
0,183,716.250127
0,183,718.615422
0,209,721.091271
0,180,721.850157
0,182,722.9194
0,180,726.014658
0,171,728.419521
0,186,731.886073
0,216,732.48599
0,163,735.007133
0,180,736.048972
0,188,738.374353
0,182,739.580614
0,214,741.773673
0,195,745.20682
0,176,748.396988
0,164,750.667475
0,169,751.273389
0,197,751.829899
0,172,754.101901
0,581,758.06128
0,176,760.052507
0,183,762.922086
0,183,766.253296
0,201,769.03937
0,170,772.262788
0,170,772.888264
0,177,773.785379
0,183,776.72202
0,189,779.054233
0,163,779.796183
0,161,782.547292
0,182,783.244229
0,192,785.980162
0,165,789.196249
0,180,790.182541
0,183,792.719443
0,186,794.539684
0,187,796.455744
0,186,797.659604
0,172,798.19113
0,185,799.965087
0,178,803.183315
0,184,805.773331
0,195,807.507303
0,169,808.815514
0,186,810.858939
0,189,811.925332
0,172,813.694249
0,179,814.65446
0,166,817.02961
0,337,819.295727
0,514,822.223789
0,175,825.232949
0,169,826.67662
0,180,828.00389
0,462,831.928041
0,171,832.854937
0,184,836.148329
0,201,837.702127
0,183,838.453307
0,179,840.911866
0,179,843.784298
0,177,847.154616
0,173,848.549589
0,182,850.041493
0,170,851.81204
0,173,854.582493
0,176,856.845006
0,182,857.595273
0,153,858.881089
0,182,860.766896
0,181,863.570868
0,168,864.90029
0,168,866.48999
0,177,867.348105
0,176,868.632685
0,157,870.388263
0,176,871.138256
0,190,873.67574
0,180,875.672698
0,180,877.100519
0,186,879.825514
0,181,882.383382
0,190,884.678642
0,171,885.899489
0,192,888.586653
0,180,890.508373
0,184,892.709712
0,168,893.365772
0,194,894.048259
0,199,897.216342
0,181,899.509415
0,208,900.448748
0,209,902.121709
0,194,904.75962
0,177,905.510517
0,184,907.769971
0,177,909.601279
0,195,912.717939
0,194,913.346662
0,552,915.728994
0,190,916.89192
0,180,917.987514
0,208,920.820456
0,201,924.122447
0,221,927.674636
0,176,928.497063
0,218,931.133226
0,333,933.407777
0,210,934.615913
0,187,935.598985
0,165,936.850091
0,190,939.656843
0,196,941.103688
0,207,943.376013
0,206,945.653981
0,565,947.614184
0,185,950.441057
0,669,951.947057
0,709,955.8107
0,669,959.18944
0,670,962.702766
0,208,963.16238
0,181,966.715914
0,569,970.503119
0,663,973.102937
0,713,975.580389
0,777,979.563058
0,511,982.498096
0,759,986.00738
0,683,989.758946
0,706,991.950735
0,702,995.742071
0,735,999.238417
0,778,1002.459581
0,979,1005.694294
0,455,1009.455676
0,773,1012.12622
0,1383,1015.668506
0,1301,1021.577449
0,390,1025.150698
0,381,1028.245639
0,650,1031.280131
0,694,1034.06006
0,814,1037.168346
0,565,1040.827086
0,324,1044.394843
0,455,1048.047413
0,621,1049.793083
0,454,1053.373493
0,259,1055.126156
0,392,1056.531056
0,196,1058.147348
0,243,1061.415201
0,259,1064.393291
0,189,1065.302016
0,190,1067.177539
0,220,1069.55195
0,329,1072.057024
0,450,1074.511537
0,215,1076.838472
0,203,1078.976252
0,331,1081.161171
0,202,1082.348473
0,189,1084.325831
0,169,1085.633167
0,183,1088.792627
0,233,1091.538641
0,196,1094.301888
0,235,1096.674037
0,183,1098.580663
0,206,1100.224566
0,173,1102.24071
0,202,1103.792856
0,345,1106.534278
0,187,1109.82255
0,214,1110.846242
0,212,1111.917909
0,335,1114.861161
0,189,1117.493179
0,293,1118.768088
0,255,1121.731101
0,178,1122.547584
0,200,1123.777403
0,187,1125.259993
0,207,1126.501412
0,210,1129.883093
0,228,1132.880835
0,193,1134.965652
0,191,1136.578439
0,183,1139.489187
0,188,1141.55159
0,210,1143.331502
0,192,1144.763609
0,190,1147.535495
0,196,1150.549726
0,203,1153.595806
0,199,1155.120315
0,196,1155.945065
0,194,1158.94606
0,177,1160.753485
0,182,1162.110037
0,176,1162.93754
0,245,1164.544898
0,173,1166.746131
0,236,1168.845355
0,186,1172.211083
0,200,1174.134867
0,181,1176.019774
0,191,1179.324815
0,294,1182.150282
0,228,1184.344993
0,186,1185.35393
0,195,1188.044276
0,316,1188.929363
0,199,1190.511439
0,202,1193.446052
0,190,1196.51332
0,193,1198.089936
0,190,1200.41137
0,189,1202.830138
0,193,1204.248392
0,202,1206.951839
0,195,1208.466814
0,183,1209.478985
0,174,1210.001044
0,192,1212.61709
0,192,1214.107312
0,188,1216.697013
0,299,1220.344681
0,209,1223.452826
0,243,1226.595187
0,327,1229.796274
0,215,1231.49083
0,400,1233.359343
0,238,1236.46579
0,271,1238.405597
0,217,1239.387616
0,193,1242.381366
0,256,1244.724817
0,305,1246.555045
0,254,1248.785261
0,319,1252.131668
0,214,1255.524745
0,224,1258.410563
0,215,1260.722378
0,204,1262.630018
0,227,1265.812986
0,193,1266.764239
0,190,1268.932959
0,204,1269.962806
0,247,1272.078268
0,186,1274.888361
0,308,1276.107519
0,204,1279.119738
0,193,1280.684113
0,201,1281.324022
0,200,1282.584061
0,217,1285.649902
0,243,1287.244401
0,228,1289.3889
0,198,1290.074198
0,205,1293.114022
0,198,1294.154038
0,195,1295.225832
0,227,1296.180117
0,211,1297.197003
0,360,1300.938852
0,200,1302.878591
0,206,1305.037649
0,215,1306.623705
0,204,1308.567988
0,316,1310.397741
0,209,1311.513861
0,333,1315.501857
0,209,1317.858621
0,200,1320.57449
0,201,1321.762997
0,332,1325.427141
0,197,1327.755302
0,223,1328.727567
0,332,1331.333214
0,327,1335.002178
0,315,1337.849365
0,374,1340.069439
0,214,1342.725798
0,208,1344.160339
0,306,1345.908662
0,283,1346.71325
0,205,1349.351415
0,318,1351.493476
0,266,1353.276859
0,292,1355.206229
0,317,1356.805822
0,307,1358.353596
0,333,1361.901553
0,279,1363.21236
0,268,1364.880517
0,223,1365.49423
0,282,1366.755772
0,375,1370.112291
0,337,1373.320615
0,308,1376.480577
0,318,1377.821506
0,329,1380.093867
0,266,1382.346071
0,310,1384.036521
0,266,1386.142686
0,313,1388.284459
0,288,1389.842304
0,318,1391.098422
0,325,1392.964834
0,387,1394.614935
0,344,1398.243176
0,298,1400.20031
0,309,1401.655909
0,321,1403.201339
0,299,1406.023142
0,345,1409.745453
0,313,1411.794534
0,283,1413.273323
0,304,1414.614119
0,310,1415.633446
0,313,1418.118179
0,267,1418.793247
0,324,1420.54486
0,305,1422.006437
0,311,1424.332216
0,301,1427.312485
0,293,1430.232146
0,218,1431.412542
0,316,1433.493684
0,212,1434.999136
0,227,1436.527525
0,233,1437.56142
0,308,1441.866815
0,330,1443.101974
0,224,1446.062207
0,222,1448.798122
0,288,1449.801502
0,321,1451.501442
0,297,1453.109744
0,285,1454.243646
0,229,1458.097589
0,302,1459.916368
0,282,1462.235812
0,239,1463.502171
0,289,1466.349501
0,331,1468.726336
0,314,1470.256593
0,243,1472.090845
0,298,1473.600816
0,314,1475.120957
0,200,1477.189893
0,194,1480.162905
0,214,1482.606023
0,228,1484.02185
0,226,1487.138161
0,212,1488.224673
0,268,1489.856142
0,309,1492.377613
0,204,1493.840153
0,221,1497.043694
0,339,1498.843934
0,221,1500.228648
0,201,1503.494042
0,210,1504.190212
0,211,1507.054726
0,197,1509.975297
0,330,1512.571256
0,347,1515.65307
0,275,1517.37258
0,211,1518.029207
0,223,1520.51246
0,213,1522.455565
0,335,1523.744465
0,316,1524.484356
0,224,1525.312333
0,299,1527.243368
0,216,1530.436575
0,216,1531.513226
0,327,1533.308883
0,361,1535.986536
0,321,1538.165007
0,215,1540.51099
0,387,1541.86268
0,334,1545.190557
0,333,1546.891186
0,378,1549.262414
0,329,1551.509808
0,307,1553.864042
0,325,1556.871637
0,244,1559.306391
0,330,1561.029658
0,287,1564.493487
0,299,1568.138935
0,345,1569.05322
0,322,1572.376152
0,366,1573.339507
0,300,1576.508308
0,307,1579.451107
0,313,1583.355867
0,296,1586.005333
0,295,1589.612086
0,358,1590.814744
0,315,1592.35017
0,313,1595.306027
0,320,1598.698778
0,377,1601.087681
0,399,1604.816826
0,327,1606.075342
0,228,1607.353275
0,297,1608.816179
0,343,1612.299121
0,329,1614.76408
0,316,1617.348238
0,305,1618.579916
0,315,1622.122882
0,393,1624.743131
0,310,1628.091876
0,334,1630.757611
0,332,1631.499701
0,342,1633.693559
0,306,1637.085777
0,312,1640.19401
0,317,1643.861103
0,311,1647.142919
0,312,1649.08151
0,318,1652.182321
0,326,1654.723721
0,317,1658.572463
0,314,1659.920717
0,305,1662.185973
0,306,1664.022196
0,309,1665.970471
0,329,1667.368867
0,298,1671.026475
0,311,1672.711708
0,321,1676.056025
0,319,1677.287307
0,314,1680.781156
0,307,1681.758471
0,309,1683.128089
0,313,1686.078658
0,316,1689.290408
0,298,1690.046063
0,323,1693.706405
0,300,1695.052639
0,330,1698.751259
0,318,1699.643061
0,338,1700.454533
0,319,1702.213318
0,315,1705.12998
0,314,1706.497867
0,336,1707.677327
0,314,1708.93043
0,320,1710.424203
0,319,1713.705666
0,283,1716.43661
0,336,1720.638682
0,312,1723.322505
0,323,1726.910322
0,322,1727.734098
0,324,1728.95125
0,338,1729.860475
0,342,1732.686423
0,297,1734.384422
0,343,1735.272389
0,323,1737.915406
0,323,1741.267031
0,328,1742.306361
0,314,1744.50953
0,390,1746.196213
0,314,1749.242247
0,314,1752.267819
0,313,1754.637161
0,301,1756.678411
0,324,1759.415212
0,345,1762.341543
0,337,1764.077651
0,359,1765.8049
0,385,1766.768389
0,257,1768.843566
0,469,1771.666343
0,290,1774.836309
0,261,1776.566085
0,308,1778.819291
0,439,1780.881098
0,425,1782.774056
0,323,1785.936715
0,342,1788.574736
0,380,1791.669336
0,294,1794.849602
0,340,1797.289211
0,340,1800.77402
0,305,1804.420617
0,325,1808.610054
0,277,1811.038329
0,255,1812.38092
0,297,1813.839227
0,295,1814.76717
0,329,1816.598301
0,349,1819.811514
0,290,1821.013551
0,283,1824.652037
0,380,1826.702512
0,331,1828.031573
0,248,1830.41033
0,347,1832.854797
0,221,1833.496996
0,310,1836.870101
0,250,1838.245225
0,286,1839.888111
0,297,1840.883464
0,234,1843.610768
0,254,1844.725256
0,308,1846.062423
0,322,1849.961748
0,314,1852.221958
0,297,1855.457949
0,268,1856.209651
0,311,1858.690403
0,304,1860.593552
0,280,1863.067731
0,310,1865.736615
0,356,1867.669535
0,266,1868.930474
0,300,1872.11302
0,313,1874.903491
0,226,1876.016849
0,287,1878.930905
0,317,1881.126743
0,313,1883.719376
0,268,1885.235591
0,262,1886.229753
0,221,1888.350741
0,340,1891.286139
0,256,1893.800425
0,295,1897.139757
0,252,1898.188064
0,320,1901.289547
0,257,1901.983521
0,285,1903.938967
0,350,1905.92284
0,321,1907.27839
0,254,1910.311697
0,248,1911.470589
0,236,1912.920244
0,233,1914.376411
0,304,1917.604585
0,266,1918.72971
0,363,1920.939259
0,263,1924.276285
0,283,1926.423917
0,283,1930.193943
0,284,1930.855645
0,217,1933.670917
0,245,1935.570299
0,249,1938.535344
0,284,1941.86955
0,257,1943.688825
0,219,1946.668008
0,268,1949.88327
0,259,1953.449507
0,264,1955.714195
0,316,1956.942748
0,266,1959.110984
0,222,1962.247601
0,228,1965.839165
0,244,1967.412618
0,274,1970.354952
0,244,1973.510365
0,279,1975.013248
0,240,1978.222683
0,271,1980.810832
0,224,1983.283263
0,237,1984.90714
0,234,1986.287598
0,217,1989.712095
0,215,1991.809175
0,227,1995.377124
0,239,1998.329463
0,234,1999.882457
0,224,2000.749741
0,265,2003.286168
0,233,2004.35501
0,224,2005.150432
0,221,2006.432097
0,221,2008.466141
0,228,2010.451508
0,268,2013.991713
0,270,2015.005211
0,240,2017.124913
0,296,2019.834534
0,223,2023.229002
0,212,2024.688164
0,312,2026.438193
0,227,2028.732906
0,223,2031.597547
0,216,2032.761612
0,282,2033.969543
0,221,2035.131289
0,304,2038.800281
0,214,2041.166781
0,234,2044.172258
0,217,2047.060157
0,234,2049.557553
0,227,2050.975464
0,234,2053.294756
0,221,2056.480824
0,220,2059.727736
0,239,2062.589802
0,233,2064.623631
0,220,2066.900672
0,235,2068.908219
0,196,2069.347745
0,180,2072.668253
0,234,2073.29813
0,234,2074.771831
0,175,2077.099391
0,236,2078.910856
0,230,2082.413401
0,220,2085.568571
0,235,2086.947047
0,298,2090.040315
0,224,2091.39949
0,254,2094.906167
0,228,2095.700133
0,297,2097.14346
0,217,2098.08476
0,204,2099.140779
0,231,2100.761009
0,215,2102.185285
0,243,2102.855924
0,266,2104.412742
0,221,2105.622026
0,218,2108.939235
0,252,2109.929965
0,253,2112.702232
0,217,2115.977049
0,228,2117.25209
0,238,2117.876791
0,242,2120.591098
0,209,2122.790509
0,223,2124.232079
0,243,2126.138526
0,239,2128.088088
0,228,2130.206123
0,181,2132.853511
0,218,2134.753399
0,309,2136.871747
0,203,2137.306329
0,217,2140.615394
0,216,2143.703905
0,211,2145.205581
0,194,2146.266939
0,212,2147.789405
0,245,2149.373045
0,212,2151.93606
0,214,2155.712107
0,201,2158.683043
0,184,2159.952175
0,234,2162.864637
0,217,2164.152335
0,206,2165.13445
0,194,2168.496261
0,232,2169.652732
0,262,2172.840952
0,194,2174.133793
0,173,2176.638926
0,192,2177.532595
0,231,2178.366478
0,215,2180.181972
0,184,2181.605376
0,257,2184.323838
0,222,2187.957509
0,208,2188.953637
0,194,2190.448817
0,208,2191.96075
0,241,2192.718802
0,208,2194.787
0,256,2198.268963
0,219,2201.014216
0,243,2204.142568
0,212,2206.385804
0,185,2207.190819
0,266,2208.641732
0,232,2211.400529
0,209,2212.530709
0,203,2213.164175
0,280,2216.042345
0,192,2218.283326
0,200,2220.661994
0,208,2224.033603
0,227,2226.357738
0,221,2228.459599
0,286,2230.143512
0,265,2232.341864
0,235,2233.428541
0,220,2236.019714
0,188,2236.625561
0,187,2238.028782
0,229,2241.517356
0,219,2242.087991
0,258,2243.493467
0,226,2244.079121
0,227,2247.315008
0,218,2248.764593
0,273,2250.93526
0,235,2254.398961
0,268,2257.37579
0,239,2259.51214
0,220,2261.441987
0,222,2264.109837
0,215,2265.480653
0,258,2266.580853
0,307,2269.398154
0,240,2272.092885
0,271,2273.871733
0,210,2276.543873
0,274,2277.622768
0,215,2278.986814
0,293,2282.186663
0,241,2283.348866
0,265,2286.393408
0,219,2287.658234
0,223,2290.42988
0,299,2293.373476
0,284,2294.069022
0,267,2295.42301
0,355,2296.925843
0,242,2297.760259
0,261,2301.273616
0,259,2302.978559
0,300,2304.410647
0,274,2307.886152
0,242,2310.29827
0,307,2313.916136
0,264,2314.960021
0,284,2317.435479
0,239,2318.144482
0,262,2319.7456
0,263,2323.452445
0,226,2325.435495
0,260,2328.805259
0,251,2329.943371
0,268,2333.173848
0,252,2334.676167
0,226,2336.254987
0,248,2339.353548
0,221,2342.116065
0,230,2344.036857
0,230,2345.946157
0,222,2347.955901
0,235,2350.02185
0,262,2353.643565
0,223,2356.142824
0,238,2356.925873
0,223,2357.371126
0,258,2358.770895
0,249,2359.820316
0,286,2361.452644
0,251,2362.755876
0,218,2364.387862
0,258,2365.96035
0,225,2367.587792
0,268,2369.76155
0,234,2370.672332
0,285,2372.879545
0,246,2376.286817
0,249,2377.466055
0,262,2379.666546
0,262,2383.001251
0,255,2386.382075
0,288,2388.059098
0,230,2390.669323
0,223,2391.693343
0,234,2392.450312
0,255,2395.052917
0,225,2395.825132
0,242,2396.695793
0,269,2398.357668
0,255,2400.843956
0,268,2403.037025
0,256,2404.26497
0,270,2405.369138
0,235,2407.905735
0,250,2408.54176
0,257,2410.147248
0,210,2411.902993
0,252,2415.722945
0,244,2419.326459
0,233,2422.868354
0,258,2423.71776
0,207,2425.044723
0,238,2428.402191
0,268,2429.499103
0,244,2431.588949
0,206,2433.563645
0,270,2435.138769
0,213,2436.748683
0,276,2439.604904
0,264,2443.021276
0,232,2445.781914
0,230,2446.412237
0,256,2449.377938
0,220,2450.335017
0,228,2452.517291
0,258,2453.721713
0,215,2457.02893
0,253,2459.711509
0,245,2462.689227
0,262,2464.363737
0,224,2465.859443
0,228,2468.23479
0,251,2469.586893
0,223,2471.030383
0,282,2474.63277
0,248,2477.889623
0,261,2479.244343
0,245,2481.234839
0,234,2483.768664
0,254,2484.779417
0,350,2486.540286
0,288,2487.784607
0,218,2490.511332
0,236,2491.788326
0,239,2493.83248
0,246,2494.662764
0,235,2496.204496
0,235,2496.785147
0,217,2499.443917
0,236,2500.337638
0,264,2501.250801
0,216,2505.083307
0,198,2506.099545
0,203,2508.667617
0,244,2511.296665
0,191,2512.559475
0,221,2514.204813
0,190,2515.887568
0,230,2518.225398
0,264,2521.644613
0,205,2524.090779
0,204,2526.160471
0,212,2528.20487
0,233,2531.473431
0,289,2532.594074
0,281,2534.681715
0,253,2537.555232
0,246,2538.991254
0,213,2541.427863
0,258,2543.884885
0,244,2545.538184
0,263,2548.986045
0,236,2551.856956
0,242,2553.212045
0,296,2553.922439
0,221,2555.094187
0,279,2557.813568
0,199,2560.330434
0,283,2561.652957
0,240,2563.544864
0,254,2565.76773
0,280,2569.282448
0,226,2571.936551
0,253,2573.455171
0,278,2577.067112
0,271,2578.847897
0,382,2581.509212
0,342,2584.59838
0,259,2587.908825
0,353,2591.54857
0,257,2592.375361
0,253,2595.597169
0,283,2596.785028
0,320,2599.349645
0,327,2601.124717
0,344,2603.475945
0,324,2604.422983
0,378,2606.868383
0,352,2609.62375
0,317,2611.172346
0,334,2612.339805
0,331,2613.68127
0,325,2615.519495
0,335,2617.317364
0,277,2620.443219
0,314,2623.649538
0,312,2625.10623
0,304,2626.925598
0,323,2630.25273
0,313,2633.137875
0,303,2636.048732
0,321,2639.334135
0,316,2640.211396
0,299,2641.969419
0,322,2642.906625
0,303,2643.78775
0,318,2646.972614
0,305,2648.840138
0,303,2651.365613
0,304,2654.289938
0,314,2655.706391
0,303,2658.323484
0,300,2661.925691
0,302,2664.229362
0,306,2667.937602
0,304,2670.440696
0,307,2672.909707
0,306,2676.292721
0,297,2678.68498
0,297,2681.476398
0,301,2683.364392
0,299,2685.448356
0,300,2688.214538
0,299,2691.234866
0,286,2692.992978
0,296,2695.427903
0,297,2698.212018
0,291,2701.800288
0,303,2705.739833
0,284,2707.343997
0,311,2710.714811
0,294,2711.774933
0,292,2714.130921
0,305,2718.123695
0,296,2721.24782
0,293,2724.359906
0,292,2725.512958
0,300,2728.19611
0,296,2729.94639
0,284,2730.621933
0,300,2733.781221
0,305,2737.034022
0,272,2739.337146
0,292,2741.744066
0,297,2745.527502
0,285,2748.466368
0,284,2749.910023
0,296,2751.145955
0,279,2752.563852
0,280,2754.557158
0,282,2756.022963
0,286,2758.528728
0,277,2760.855133
0,300,2761.668645
0,308,2764.383432
0,278,2766.755232
0,301,2770.406518
0,281,2772.708727
0,282,2774.256278
0,284,2777.061339
0,275,2778.3527
0,296,2779.364797
0,289,2781.612195
0,259,2782.793843
0,278,2785.930946
0,267,2788.968842
0,294,2792.061784
0,284,2792.89934
0,284,2794.891687
0,267,2797.677225
0,283,2801.143738
0,314,2804.676404
0,288,2807.407517
0,293,2808.889992
0,289,2809.696762
0,302,2811.164044
0,295,2812.456013
0,255,2814.588635
0,298,2816.131808
0,291,2817.526166
0,291,2819.703607
0,294,2822.437578
0,294,2825.048477
0,278,2827.622358
0,284,2831.201291
0,292,2832.464186
0,281,2835.875509
0,299,2838.13511
0,294,2839.873063
0,273,2842.76582
0,278,2846.100344
0,289,2848.320648
0,275,2851.913008
0,293,2853.750501
0,270,2857.228859
0,280,2859.892014
0,294,2863.277721
0,298,2865.872135
0,280,2867.054122
0,274,2869.654173
0,281,2871.375093
0,268,2872.677639
0,275,2875.448494
0,299,2878.851535
0,281,2882.190673
0,273,2883.758859
0,281,2885.10368
0,291,2888.54125
0,290,2889.661541
0,282,2890.479817
0,277,2891.771268
0,292,2893.858863
0,275,2896.166237
0,281,2897.036658
0,285,2899.916601
0,285,2901.24728
0,318,2903.270348
0,274,2904.168131
0,270,2907.361469
0,277,2909.078462
0,281,2912.293413
0,264,2914.286221
0,274,2917.370834
0,280,2921.007328
0,281,2922.021774
0,296,2924.272748
0,268,2926.323252
0,292,2927.015389
0,279,2928.665579
0,294,2930.999279
0,266,2932.548337
0,250,2936.002876
0,284,2938.965466
0,288,2941.854172
0,275,2944.709994
0,262,2948.204963
0,260,2949.486461
0,263,2950.523957
0,255,2952.269897
0,277,2954.352154
0,276,2956.681934
0,288,2959.75236
0,288,2960.691
0,289,2962.425202
0,276,2964.232468
0,283,2967.750219
0,260,2970.214651
0,283,2971.209508
0,257,2972.340536
0,285,2974.451719
0,279,2977.947379
0,284,2979.973653
0,290,2981.257461
0,270,2984.182986
0,287,2985.731196
0,286,2987.383056
0,284,2988.402561
0,273,2991.467579
0,290,2994.289444
0,275,2995.811646
0,275,2998.508797
0,274,3001.260801
0,295,3003.061272
0,286,3006.050924
0,282,3008.110336
0,297,3010.775237
0,284,3014.182275
0,282,3017.072127
0,297,3018.082906
0,281,3018.644966
0,287,3021.503384
0,269,3024.330846
0,285,3027.935977
0,257,3030.655215
0,254,3032.894034
0,263,3034.604791
0,253,3036.991469
0,255,3039.136204
0,264,3040.705783
0,311,3042.216901
0,262,3043.450908
0,270,3046.123396
0,254,3047.438884
0,264,3050.666917
0,254,3053.382588
0,288,3054.107333
0,285,3057.632756
0,282,3059.871666
0,293,3063.686619
0,270,3064.819309
0,265,3065.529879
0,288,3067.40711
0,279,3069.192586
0,287,3072.559421
0,254,3075.225181
0,259,3076.798162
0,281,3079.609031
0,261,3081.023898
0,284,3083.573054
0,252,3085.840386
0,257,3088.457114
0,258,3091.481178
0,257,3092.214227
0,252,3094.242407
0,260,3096.292693
0,251,3097.277596
0,255,3098.197955
0,268,3101.69088
0,265,3104.784413
0,282,3107.90782
0,255,3108.955564
0,251,3112.182584
0,248,3115.693181
0,268,3119.283555
0,270,3122.797641
0,246,3123.655613
0,255,3125.201005
0,250,3126.960561
0,259,3128.363341
0,249,3131.771859
0,260,3133.105923
0,250,3134.617542
0,262,3135.516993
0,244,3137.463255
0,254,3139.430486
0,255,3140.635489
0,276,3143.568265
0,257,3147.30174
0,242,3148.580734
0,261,3149.62301
0,254,3150.943973
0,257,3153.330717
0,251,3154.921545
0,249,3157.561144
0,259,3161.066415
0,239,3162.101844
0,241,3163.548495
0,258,3164.375627
0,251,3167.465166
0,265,3171.018707
0,252,3174.280216
0,249,3177.588515
0,249,3179.682986
0,253,3181.975174
0,247,3183.955706
0,258,3187.307306
0,246,3188.936208
0,255,3190.401788
0,247,3191.839814
0,268,3194.889927
0,257,3196.503161
0,255,3198.384579
0,255,3199.819238
0,259,3202.856993
0,277,3205.483219
0,251,3206.650686
0,258,3207.907598
0,252,3209.040596
0,261,3210.279317
0,282,3214.145136
0,245,3215.781788
0,249,3216.451225
0,261,3217.213961
0,263,3218.070004
0,253,3219.749939
0,249,3221.115748
0,253,3224.58237
0,287,3226.04312
0,296,3229.643588
0,259,3230.727047
0,260,3233.989808
0,288,3236.309704
0,263,3237.073407
0,296,3238.46359
0,249,3241.847347
0,260,3244.792192
0,200,3246.423492
0,282,3247.847716
0,286,3249.579034
0,286,3252.63428
0,255,3254.289043
0,301,3256.322427
0,295,3259.717072
0,265,3263.131948
0,296,3264.262179
0,280,3265.952218
0,300,3268.690731
0,276,3269.980088
0,298,3273.234442
0,255,3276.806962
0,295,3280.254147
0,288,3282.952079
0,267,3284.558456
0,258,3287.423178
0,299,3289.84633
0,297,3290.5555
0,278,3292.714431
0,294,3295.750242
0,258,3298.572589
0,292,3300.013663
0,295,3301.528833
0,287,3302.98177
0,290,3305.650052
0,290,3306.84753
0,288,3307.857507
0,284,3311.239237
0,274,3313.713436
0,283,3317.162874
0,296,3320.464154
0,289,3322.360436
0,290,3324.922489
0,278,3328.739836
0,287,3330.564841
0,256,3332.069646
0,284,3335.304131
0,258,3337.986915
0,268,3339.324009
0,294,3340.800835
0,290,3342.40065
0,296,3344.052994
0,257,3345.097322
0,283,3346.150955
0,290,3347.812671
0,284,3349.237578
0,251,3350.590817
0,277,3354.267835
0,284,3357.786409
0,283,3358.648302
0,271,3360.305867
0,289,3362.438132
0,284,3365.548991
0,281,3367.296717
0,278,3368.426091
0,293,3372.15538
0,302,3374.922262
0,304,3377.482973
0,273,3380.503745
0,292,3382.170755
0,288,3383.786491
0,295,3387.137802
0,298,3389.376175
0,267,3391.952272
0,251,3394.304479
0,282,3396.856441
0,285,3400.583333
0,287,3404.073608
0,272,3405.562933
0,294,3407.843367
0,286,3411.476774
0,298,3412.850574
0,289,3415.98371
0,295,3419.434194
0,262,3422.35704
0,269,3424.942192
0,289,3428.670704
0,259,3430.217682
0,255,3433.552579
0,295,3434.405732
0,247,3437.342602
0,282,3439.405254
0,301,3441.965951
0,258,3444.399083
0,290,3446.16128
0,271,3448.529244
0,284,3449.356514
0,290,3452.049959
0,298,3455.013076
0,283,3457.660575
0,291,3460.597371
0,286,3461.895437
0,248,3462.483962
0,292,3465.294027
0,284,3467.036712
0,285,3470.095968
0,297,3471.379928
0,312,3474.460237
0,265,3477.341015
0,292,3479.881186
0,258,3480.573751
0,266,3483.376598
0,286,3484.668108
0,269,3487.350455
0,291,3490.226631
0,255,3491.970587
0,282,3493.124697
0,283,3494.997792
0,261,3496.290106
0,286,3497.197883
0,282,3499.739125
0,291,3503.52455
0,299,3506.239602
0,271,3508.942895
0,290,3511.186544
0,284,3513.930884
0,266,3514.637824
0,254,3516.406615
0,260,3519.845881
0,243,3520.72758
0,298,3524.39071
0,282,3525.740391
0,271,3528.258584
0,279,3530.736858
0,262,3532.926339
0,293,3536.098871
0,269,3537.13029
0,280,3540.392591
0,256,3541.461175
0,249,3542.191421
0,254,3542.833119
0,267,3545.020509
0,272,3546.346508
0,252,3547.060502
0,254,3548.37876
0,254,3549.650851
0,253,3550.83837
0,270,3554.066979
0,292,3556.365522
0,251,3558.111846
0,255,3561.712495
0,271,3563.962378
0,254,3567.475377
0,255,3570.529696
0,244,3573.881223
0,245,3576.901213
0,253,3578.042242
0,269,3578.626196
0,248,3581.134758
0,269,3582.615665
0,280,3583.404387
0,234,3585.086175
0,245,3588.974766
0,288,3592.020339
0,247,3592.671463
0,249,3593.282531
0,250,3594.465827
0,261,3596.033774
0,257,3597.877992
0,251,3599.097989
0,246,3602.258035
0,244,3602.816021
0,239,3605.091968
0,239,3607.765463
0,260,3610.393776
0,243,3613.403334
0,243,3616.504994
0,242,3618.177845
0,240,3620.743243
0,241,3623.785125
0,244,3626.203251
0,246,3629.74265
0,239,3633.212647
0,242,3635.634846
0,242,3638.13023
0,243,3638.868593
0,242,3642.326515
0,247,3643.618064
0,237,3646.887398
0,255,3648.176606
0,236,3649.369414
0,237,3652.273805
0,257,3654.818042
0,236,3657.433542
0,233,3658.78126
0,266,3660.982124
0,255,3661.990471
0,242,3664.29358
0,234,3665.07661
0,276,3668.051597
0,240,3669.304514
0,241,3672.228693
0,268,3673.955555
0,247,3675.347188
0,242,3677.647288
0,247,3679.59805
0,245,3680.332832
0,242,3683.218893
0,246,3684.184956
0,238,3684.899188
0,242,3688.25844
0,241,3691.55228
0,247,3693.535834
0,241,3696.410589
0,255,3698.502367
0,245,3699.378742
0,245,3700.336327
0,256,3701.591328
0,240,3703.041112
0,249,3705.378904
0,238,3708.362522
0,247,3710.505677
0,243,3713.492369
0,252,3716.904398
0,237,3719.312778
0,235,3720.46901
0,248,3722.044607
0,250,3724.489312
0,267,3728.445374
0,240,3729.705781
0,260,3730.461558
0,235,3733.913572
0,235,3734.567343
0,256,3736.847826
0,241,3738.796528
0,240,3740.189413
0,238,3741.677416
0,246,3742.306068
0,247,3744.401843
0,256,3747.872269
0,246,3749.227835
0,244,3751.50711
0,255,3753.886462
0,235,3754.54716
0,246,3757.757937
0,235,3761.001615
0,234,3764.003083
0,241,3764.885792
0,249,3766.155703
0,245,3769.191904
0,246,3769.891857
0,248,3770.660216
0,235,3774.128136
0,239,3777.098011
0,241,3778.2463
0,246,3780.178551
0,243,3783.424869
0,232,3785.478852
0,239,3788.598619
0,254,3792.033547
0,243,3795.438033
0,250,3796.167686
0,239,3797.921093
0,247,3799.887138
0,228,3800.521695
0,238,3801.675773
0,246,3805.163296
0,245,3806.174516
0,236,3808.963892
0,230,3811.230415
0,258,3813.722836
0,242,3816.069445
0,256,3818.693477
0,245,3820.736938
0,241,3822.048096
0,234,3822.643009
0,233,3826.115354
0,263,3826.943861
0,228,3827.741734
0,241,3829.114729
0,248,3831.78404
0,235,3834.152082
0,239,3836.92738
0,255,3838.813481
0,244,3839.706514
0,236,3841.261734
0,262,3843.593319
0,234,3846.657071
0,276,3850.155064
0,240,3852.313755
0,260,3854.935728
0,239,3855.696662
0,242,3856.969914
0,228,3859.915363
0,249,3862.340317
0,237,3863.948052
0,248,3865.553286
0,231,3868.136426
0,249,3869.206108
0,244,3871.264741
0,233,3874.646017
0,231,3876.287181
0,230,3876.882303
0,235,3880.419301
0,251,3883.472971
0,250,3886.309613
0,253,3887.296735
0,229,3890.969448
0,235,3892.162641
0,240,3893.066464
0,249,3895.017816
0,242,3896.000854
0,249,3898.677276
0,234,3900.592591
0,237,3903.132359
0,252,3905.241399
0,228,3907.618091
0,232,3910.353559
0,245,3912.864959
0,233,3913.580526
0,242,3917.000489
0,258,3918.126632
0,241,3919.842405
0,235,3922.991823
0,239,3925.57658
0,239,3928.122599
0,233,3931.376979
0,232,3932.240359
0,224,3934.2519
0,248,3937.744158
0,234,3941.200971
0,243,3942.863548
0,235,3946.047569
0,233,3948.558784
0,234,3950.851406
0,235,3954.218449
0,227,3955.226016
0,237,3955.952241
0,240,3957.99314
0,237,3959.273511
0,239,3961.419772
0,239,3962.907494
0,232,3966.220958
0,233,3969.351132
0,224,3972.372727
0,239,3975.086852
0,255,3978.488925
0,237,3980.544518
0,228,3981.890775
0,236,3985.049199
0,230,3986.186166
0,245,3989.001575
0,244,3991.023336
0,242,3994.112187
0,244,3996.1872
0,229,3997.786246
0,225,3998.544822
0,237,4002.051663
0,257,4003.823791
0,231,4005.76778
0,236,4007.312609
0,239,4008.388386
0,229,4011.23147
0,247,4014.72446
0,252,4016.099042
0,258,4019.107675
0,237,4022.243019
0,227,4024.166622
0,234,4025.221451
0,240,4028.171386
0,238,4031.526345
0,227,4035.01889
0,239,4038.191229
0,235,4040.286886
0,225,4041.342357
0,226,4044.843848
0,234,4047.834305
0,227,4049.065725
0,253,4049.650169
0,224,4052.029796
0,228,4054.495748
0,228,4057.208138
0,230,4057.82721
0,237,4058.375896
0,245,4059.085837
0,243,4062.346199
0,239,4064.798397
0,238,4067.392551
0,222,4070.594425
0,243,4072.947383
0,236,4074.047104
0,248,4074.638162
0,232,4075.735846
0,264,4076.539329
0,245,4078.974703
0,242,4082.114176
0,228,4084.261752
0,258,4085.774611
0,227,4087.17445
0,240,4088.244961
0,236,4089.387054
0,244,4091.193637
0,243,4094.641387
0,239,4096.837003
0,223,4097.934648
0,242,4099.005123
0,228,4099.931569
0,257,4102.945546
0,232,4105.952052
0,232,4107.695466
0,239,4110.76107
0,238,4112.44237
0,234,4113.781493
0,232,4116.63745
0,246,4117.307477
0,245,4120.778006
0,254,4123.70821
0,236,4126.937445
0,240,4127.893479
0,246,4130.010235
0,247,4131.604694
0,242,4132.413664
0,303,4134.47018
0,237,4137.912138
0,234,4140.621893
0,271,4143.438626
0,249,4144.011803
0,236,4145.988795
0,231,4148.202959
0,231,4149.546247
0,228,4150.722278
0,238,4153.447177
0,229,4155.441887
0,236,4157.272432
0,227,4158.786373
0,228,4160.26026
0,245,4162.526321
0,231,4163.546813
0,282,4164.269131
0,229,4167.453958
0,234,4168.04867
0,235,4169.79282
0,233,4173.009663
0,217,4174.074093
0,224,4177.355687
0,233,4179.622456
0,238,4182.801676
0,233,4183.440896
0,229,4184.020913
0,233,4187.283747
0,246,4190.269366
0,226,4191.711049
0,241,4192.680157
0,222,4194.393911
0,238,4196.894799
0,233,4199.857771
0,226,4200.967829
0,222,4202.445035
0,239,4205.069806
0,246,4207.383283
0,237,4208.077118
0,235,4208.733162
0,238,4210.870858
0,221,4214.288701
0,247,4216.896817
0,224,4219.619391
0,221,4222.253122
0,228,4224.537938
0,237,4226.684075
0,230,4229.871967
0,242,4231.176481
0,227,4233.809637
0,234,4237.277804
0,226,4237.982288
0,241,4238.611079
0,238,4239.916501
0,228,4243.050061
0,227,4246.234783
0,228,4248.15354
0,222,4250.103507
0,245,4252.397044
0,224,4253.613528
0,220,4255.453001
0,231,4258.27254
0,230,4259.61225
0,227,4261.575792
0,238,4263.417615
0,229,4265.083448
0,230,4267.518371
0,228,4270.59895
0,254,4272.368053
0,226,4273.704806
0,225,4276.732316
0,227,4279.658657
0,231,4282.704035
0,236,4285.304905
0,233,4286.846597
0,237,4287.829023
0,223,4289.450708
0,225,4291.798344
0,222,4292.515772
0,232,4295.742401
0,231,4298.295999
0,228,4300.215983
0,229,4302.591104
0,237,4304.262811
0,226,4305.929576
0,241,4308.899039
0,238,4311.652359
0,227,4314.614722
0,219,4315.386377
0,220,4317.894626
0,232,4320.140918
0,225,4321.256304
0,246,4322.946641
0,217,4325.192377
0,224,4328.104311
0,222,4330.962898
0,227,4334.276691
0,235,4335.777312
0,231,4337.104052
0,246,4340.419517
0,229,4341.572156
0,230,4343.009894
0,236,4344.251376
0,253,4346.274931
0,215,4349.488059
0,228,4350.614803
0,232,4353.915134
0,239,4355.347632
0,235,4359.03698
0,232,4359.851068
0,233,4362.038687
0,223,4362.692167
0,224,4365.625634
0,220,4367.064014
0,227,4369.838479
0,224,4370.451293
0,224,4371.212094
0,231,4374.932907
0,219,4376.297791
0,223,4377.478186
0,225,4378.415925
0,226,4379.21609
0,233,4381.564746
0,233,4383.593188
0,235,4386.088985
0,217,4389.370356
0,231,4390.845084
0,241,4391.957516
0,226,4393.404776
0,230,4396.709179
0,229,4400.197543
0,220,4401.093972
0,224,4402.794209
0,220,4405.303961
0,242,4407.536032
0,219,4409.594373
0,218,4410.457724
0,227,4412.344099
0,218,4415.151592
0,226,4416.533617
0,227,4417.475402
0,228,4418.814476
0,230,4422.299618
0,228,4424.409938
0,228,4425.665544
0,238,4426.275184
0,220,4426.898771
0,226,4430.115006
0,226,4433.142977
0,222,4433.801891
0,221,4435.366511
0,218,4436.353395
0,225,4438.26662
0,237,4439.842352
0,227,4442.414172
0,211,4445.67476
0,223,4446.876828
0,221,4449.848063
0,233,4452.251927
0,214,4453.584546
0,239,4455.889809
0,229,4458.127163
0,233,4460.416536
0,227,4462.19893
0,225,4464.798023
0,226,4466.190637
0,223,4469.08162
0,227,4472.216131
0,224,4472.864254
0,223,4476.39209
0,237,4477.081107
0,214,4480.381553
0,221,4481.424161
0,227,4482.869267
0,229,4483.633795
0,225,4485.167234
0,221,4487.653274
0,224,4488.236883
0,223,4489.235435
0,224,4491.821616
0,226,4493.526031
0,228,4495.498294
0,225,4498.23862
0,223,4500.323059
0,244,4500.96417
0,222,4503.127377
0,232,4505.770155
0,223,4507.624186
0,217,4509.693818
0,226,4512.388755
0,238,4515.339613
0,235,4515.911841
0,225,4516.641939
0,230,4518.16443
0,219,4519.255383
0,225,4522.73187
0,237,4525.946158
0,232,4527.283055
0,252,4530.583741
0,225,4533.644825
0,235,4536.952616
0,227,4538.874739
0,233,4539.949339
0,231,4542.144279
0,225,4543.316816
0,235,4546.197697
0,236,4549.036047
0,233,4551.39375
0,248,4553.061246
0,232,4555.423965
0,224,4558.729352
0,229,4561.321508
0,224,4561.921273
0,220,4564.128205
0,235,4566.45804
0,220,4567.607085
0,234,4570.573027
0,233,4572.902227
0,234,4576.062136
0,235,4576.677841
0,226,4579.593164
0,229,4580.395392
0,226,4581.749647
0,220,4584.607972
0,226,4586.946379
0,226,4590.522707
0,227,4592.939046
0,225,4595.87792
0,231,4596.957483
0,229,4597.925321
0,224,4599.982593
0,240,4601.265941
0,225,4603.974637
0,241,4605.161567
0,218,4607.805348
0,226,4611.189562
0,230,4614.597832
0,228,4615.080342
0,241,4617.496078
0,236,4620.737179
0,222,4621.81842
0,237,4624.043298
0,221,4627.319711
0,223,4631.151942
0,220,4634.772676
0,228,4637.937104
0,234,4640.788488
0,227,4641.609195
0,221,4644.6343
0,235,4646.589405
0,225,4649.561236
0,227,4650.872796
0,227,4652.677542
0,232,4653.381992
0,234,4655.044908
0,226,4656.658518
0,235,4657.250751
0,230,4659.670766
0,222,4661.724349
0,222,4663.065266
0,222,4663.59079
0,227,4667.283216
0,239,4670.754535
0,230,4671.429088
0,221,4673.646202
0,228,4676.836508
0,222,4679.762795
0,229,4682.420277
0,229,4683.647949
0,232,4686.373019
0,230,4688.379993
0,220,4691.117071
0,218,4693.894355
0,229,4695.626585
0,224,4696.522298
0,233,4699.890204
0,232,4702.268962
0,232,4705.175786
0,225,4708.115556
0,225,4710.102558
0,222,4713.270782
0,227,4714.823865
0,227,4717.45366
0,233,4720.386222
0,221,4721.389763
0,228,4722.351871
0,230,4724.271863
0,226,4725.699265
0,227,4728.466545
0,233,4731.326328
0,225,4734.055374
0,227,4736.831533
0,230,4740.138179
0,227,4743.156093
0,226,4746.116027
0,222,4749.589157
0,224,4751.309423
0,220,4752.59357
0,221,4755.07301
0,218,4758.106536
0,221,4760.284181
0,233,4763.336373
0,226,4764.267364
0,224,4764.885824
0,232,4766.079169
0,226,4768.183047
0,222,4769.952253
0,218,4771.584528
0,232,4774.620994
0,220,4777.956835
0,217,4780.055792
0,228,4783.8076
0,215,4786.676135
0,229,4789.315801
0,225,4791.900615
0,220,4793.62763
0,224,4795.76744
0,223,4797.961104
0,223,4799.254172
0,224,4800.529851
0,230,4801.446513
0,242,4803.617132
0,222,4806.293449
0,219,4807.785673
0,234,4809.287282
0,227,4812.339298
0,223,4815.101589
0,223,4817.958062
0,222,4821.049001
0,236,4823.989842
0,224,4825.543161
0,225,4827.170056
0,222,4830.543047
0,216,4833.333361
0,230,4835.54673
0,237,4836.584471
0,227,4839.032157
0,239,4840.888526
0,219,4843.591435
0,234,4844.454605
0,234,4847.196269
0,227,4848.672733
0,225,4849.539783
0,223,4851.625861
0,228,4852.903553
0,230,4854.081699
0,234,4856.121936
0,232,4858.592649
0,232,4861.710007
0,232,4862.740122
0,240,4864.493396
0,228,4865.818143
0,237,4867.115305
0,235,4868.21112
0,231,4870.767867
0,224,4873.50178
0,232,4874.547047
0,231,4875.940959
0,222,4879.201144
0,242,4881.342183
0,226,4883.759713
0,240,4886.542916
0,224,4888.463393
0,227,4890.716801
0,219,4891.990022
0,232,4895.464695
0,224,4897.105901
0,229,4898.840501
0,227,4900.882959
0,228,4901.910229
0,228,4903.479005
0,218,4905.929465
0,230,4907.262459
0,224,4910.699426
0,235,4912.083487
0,220,4913.460407
0,216,4915.05415
0,239,4918.636529
0,225,4919.797618
0,227,4921.519444
0,219,4922.866167
0,224,4924.830656
0,227,4927.687967
0,229,4928.817797
0,223,4932.266201
0,224,4934.597111
0,229,4938.131905
0,229,4941.037369
0,222,4942.062893
0,224,4944.801476
0,230,4945.959547
0,227,4947.188755
0,239,4949.090705
0,224,4950.690701
0,230,4951.491506
0,220,4953.050125
0,222,4954.424611
0,225,4957.090796
0,227,4959.158754
0,216,4961.385815
0,222,4962.589339
0,226,4964.730229
0,228,4968.020164
0,222,4969.607269
0,221,4972.079281
0,227,4974.816414
0,221,4975.801399
0,224,4978.182719
0,231,4980.855514
0,221,4982.2666
0,238,4985.256911
0,217,4987.237058
0,220,4987.841616
0,229,4990.582975
0,223,4993.299011
0,215,4994.353317
0,225,4995.495842
0,226,4996.681076
0,224,4999.30881
0,221,5001.195458
0,216,5002.309883
0,224,5003.688386
0,239,5007.111585
0,228,5010.104543
0,225,5012.852872
0,220,5015.367262
0,220,5018.284602
0,222,5021.815387
0,221,5024.413419
0,233,5025.950372
0,227,5026.58808
0,218,5027.468334
0,234,5031.046874
0,218,5034.076168
0,233,5035.399165
0,224,5036.779212
0,223,5039.619982
0,231,5040.735736
0,231,5044.209116
0,217,5045.848002
0,226,5047.601935
0,228,5049.698655
0,229,5051.046379
0,221,5053.871097
0,230,5055.350518
0,220,5056.358394
0,223,5057.491562
0,228,5060.493282
0,228,5062.863696
0,224,5065.805117
0,219,5067.81405
0,227,5070.793906
0,226,5071.689378
0,218,5073.798655
0,223,5075.190324
0,223,5078.60189
0,228,5079.91876
0,222,5082.733017
0,224,5085.55852
0,229,5088.32065
0,221,5091.390457
0,229,5093.941552
0,225,5094.621835
0,223,5097.214123
0,223,5099.283618
0,220,5100.716067
0,224,5101.807998
0,220,5103.543312
0,228,5104.379788
0,224,5107.479456
0,229,5109.04404
0,225,5111.921277
0,234,5113.122668
0,217,5114.315032
0,236,5115.336352
0,227,5118.505528
0,226,5121.47087
0,225,5121.995078
0,224,5124.720408
0,232,5126.693797
0,231,5128.025436
0,233,5131.048988
0,220,5132.626677
0,226,5135.40273
0,229,5135.989406
0,231,5137.317553
0,223,5139.559513
0,235,5141.528707
0,221,5144.266254
0,217,5147.66262
0,218,5150.085792
0,233,5151.197312
0,218,5152.672604
0,226,5153.807266
0,225,5154.800002
0,216,5158.006657
0,221,5161.373127
0,221,5164.991453
0,226,5168.251084
0,220,5171.407892
0,225,5171.976901
0,226,5174.084075
0,215,5175.362175
0,219,5176.395581
0,213,5179.245311
0,226,5180.761482
0,215,5182.175844
0,224,5184.496935
0,221,5186.496241
0,219,5188.29396
0,216,5189.246061
0,219,5192.473438
0,216,5193.61901
0,228,5196.048051
0,215,5198.532396
0,217,5200.746922
0,222,5202.574543
0,218,5203.628292
0,215,5205.211701
0,222,5207.439412
0,218,5208.744099
0,217,5212.186061
0,223,5215.640053
0,218,5216.745142
0,221,5218.281307
0,221,5220.840636
0,219,5222.808963
0,219,5226.125644
0,217,5229.123602
0,215,5231.970078
0,222,5234.551889
0,218,5237.929505
0,222,5238.797979
0,233,5240.13304
0,214,5243.526495
0,221,5245.052755
0,222,5246.608834
0,219,5249.86289
0,216,5252.348278
0,225,5254.462052
0,223,5254.964097
0,222,5256.469033
0,229,5257.140687
0,218,5258.537967
0,219,5259.912373
0,228,5262.636637
0,232,5264.415577
0,217,5267.112504
0,224,5269.970988
0,220,5271.237715
0,224,5274.459787
0,221,5275.995414
0,225,5277.617447
0,228,5281.049745
0,224,5282.554535
0,215,5283.902321
0,213,5285.124469
0,224,5285.96375
0,226,5289.163574
0,217,5291.104867
0,224,5291.69495
0,220,5293.603827
0,220,5294.494107
0,221,5296.574443
0,220,5297.171829
0,222,5300.570817
0,227,5303.354795
0,223,5306.881636
0,223,5308.350028
0,222,5309.589095
0,226,5313.166845
0,226,5316.51105
0,221,5318.595208
0,224,5320.380221
0,229,5323.238426
0,225,5324.909221
0,234,5326.789025
0,222,5327.97387
0,232,5330.395519
0,228,5333.937583
0,241,5335.066881
0,234,5335.921823
0,226,5337.202789
0,224,5338.203281
0,228,5338.945708
0,231,5339.630246
0,235,5341.313435
0,223,5342.592658
0,225,5345.999619
0,224,5348.789545
0,229,5350.850791
0,223,5351.447942
0,230,5353.654259
0,225,5357.085051
0,242,5358.415791
0,225,5360.657877
0,230,5361.342142
0,221,5364.463271
0,226,5367.185631
0,215,5369.380301
0,222,5371.695908
0,243,5375.204907
0,224,5376.727422
0,228,5380.057761
0,228,5382.597738
0,231,5385.301379
0,229,5388.758184
0,218,5389.397964
0,227,5392.566766
0,218,5394.352379
0,222,5395.506201
0,238,5396.848106
0,226,5399.713478
0,232,5402.574841
0,235,5404.693548
0,218,5406.007431
0,219,5408.183581
0,230,5408.762789
0,227,5410.239476
0,229,5412.997279
0,225,5414.934538
0,233,5416.814959
0,227,5419.284643
0,233,5421.19241
0,225,5424.632841
0,227,5426.890849
0,228,5429.858145
0,226,5431.98627
0,236,5434.868763
0,227,5437.042675
0,231,5439.042518
0,230,5439.661221
0,225,5440.259385
0,224,5442.290439
0,226,5443.367989
0,230,5444.082602
0,235,5447.474952
0,226,5448.323801
0,223,5448.89697
0,229,5452.225409
0,232,5455.558919
0,230,5456.872608
0,227,5459.630706
0,230,5463.286935
0,227,5465.699134
0,223,5466.967059
0,220,5468.925412
0,230,5470.6821
0,233,5472.361142
0,240,5473.442617
0,229,5474.024577
0,229,5477.338043
0,231,5478.650241
0,230,5482.196865
0,223,5485.626124
0,234,5488.526856
0,220,5489.615896
0,229,5493.085974
0,235,5493.706441
0,230,5495.208462
0,242,5498.784579
0,236,5502.219321
0,239,5502.8244
0,229,5505.54787
0,238,5508.485058
0,228,5511.246959
0,225,5514.466367
0,223,5515.85225
0,232,5517.83075
0,233,5519.917491
0,229,5523.041152
0,232,5524.121526
0,242,5526.28371
0,238,5529.072632
0,230,5530.051278
0,230,5532.637569
0,235,5535.648559
0,223,5537.281266
0,233,5540.419
0,233,5542.325811
0,237,5543.498522
0,231,5546.911778
0,240,5550.287066
0,239,5552.757886
0,230,5555.536265
0,236,5556.530703
0,227,5559.790511
0,233,5561.177861
0,242,5562.581748
0,234,5565.526018
0,238,5567.507646
0,239,5569.626655
0,238,5572.735295
0,241,5575.339921
0,239,5576.591168
0,235,5577.644575
0,240,5580.23271
0,234,5581.199966
0,246,5584.44049
0,234,5585.087029
0,241,5588.357233
0,238,5590.854186
0,228,5594.193346
0,251,5596.988799
0,239,5598.456784
0,240,5599.82695
0,248,5602.752424
0,245,5604.172
0,247,5605.012174
0,232,5607.797178
0,244,5609.734852
0,234,5612.757394
0,237,5616.531677
0,243,5618.617691
0,243,5619.725517
0,240,5621.353726
0,237,5624.212134
0,238,5626.903797
0,240,5627.75325
0,248,5629.956436
0,229,5632.763839
0,241,5634.829003
0,237,5637.676737
0,245,5639.254947
0,244,5642.476347
0,238,5645.302392
0,240,5647.128882
0,242,5650.445674
0,234,5652.231502
0,228,5654.782003
0,239,5657.345233
0,235,5659.411398
0,239,5662.206118
0,238,5664.970055
0,241,5666.324757
0,239,5669.542534
0,239,5671.073156
0,236,5674.290987
0,245,5676.4679
0,241,5679.477129
0,245,5682.778975
0,236,5683.575464
0,242,5684.998232
0,231,5685.885708
0,236,5687.892952
0,242,5690.273459
0,230,5693.954862
0,240,5695.198698
0,231,5697.197347
0,238,5698.649819
0,241,5700.254994
0,243,5703.747519
0,237,5704.815731
0,236,5707.525336
0,241,5708.154765
0,241,5711.626254
0,233,5713.594323
0,233,5716.182393
0,244,5717.730863
0,239,5718.917672
0,241,5719.978054
0,244,5722.561327
0,243,5725.920926
0,243,5726.543301
0,239,5728.18143
0,244,5729.291931
0,243,5732.754916
0,241,5735.91674
0,244,5738.233006
0,237,5740.579382
0,247,5742.62593
0,241,5743.786801
0,245,5746.902087
0,233,5749.953875
0,245,5753.162967
0,235,5756.343286
0,244,5757.515074
0,242,5759.115829
0,240,5760.939176
0,240,5762.015937
0,266,5764.088829
0,251,5765.70544
0,240,5766.856824
0,247,5767.959621
0,247,5770.073895
0,242,5772.060011
0,241,5775.058129
0,243,5776.635213
0,238,5779.711669
0,237,5783.413362
0,240,5784.517731
0,243,5787.816596
0,242,5789.742561
0,235,5790.870326
0,237,5791.991799
0,237,5794.029995
0,242,5794.9259
0,240,5796.903552
0,235,5797.950256
0,239,5798.444713
0,237,5800.552506
0,245,5801.658418
0,240,5804.978858
0,238,5806.178665
0,241,5808.144156
0,243,5810.616373
0,246,5811.678343
0,233,5813.286395
0,241,5814.340426
0,241,5815.721149
0,237,5817.827329
0,239,5819.141702
0,236,5820.3076
0,243,5821.980853
0,244,5823.380646
0,239,5825.859183
0,245,5826.499694
0,242,5828.205099
0,239,5829.188092
0,239,5832.381577
0,242,5834.903562
0,241,5836.004672
0,237,5838.503867
0,235,5841.296969
0,237,5843.362783
0,240,5846.109596
0,242,5847.616031
0,242,5850.098688
0,235,5852.102966
0,237,5852.96937
0,234,5856.350332
0,239,5857.261749
0,239,5859.069821
0,238,5860.377158
0,245,5863.749417
0,232,5866.450448
0,236,5867.566921
0,233,5870.403529
0,238,5871.265167
0,237,5873.609495
0,237,5875.275151
0,237,5877.215444
0,233,5879.961118
0,242,5881.548667
0,238,5882.515312
0,238,5886.124916
0,237,5887.832553
0,236,5891.37476
0,230,5892.82935
0,240,5895.446284
0,235,5897.108623
0,237,5899.98388
0,243,5901.609579
0,240,5902.43782
0,235,5906.012005
0,230,5907.614419
0,244,5910.316272
0,242,5911.20226
0,234,5914.752491
0,242,5918.25944
0,237,5919.234417
0,248,5920.448498
0,241,5923.266468
0,240,5924.255904
0,234,5924.737588
0,236,5926.121143
0,233,5927.103066
0,244,5928.837331
0,242,5930.523939
0,244,5933.798796
0,244,5935.918146
0,244,5937.594906
0,245,5939.250973
0,242,5942.531075
0,243,5945.22341
0,240,5946.43676
0,246,5948.511159
0,239,5950.505853
0,242,5953.112072
0,251,5955.653919
0,241,5958.070615
0,233,5958.653335
0,246,5961.071148
0,241,5963.045455
0,243,5965.895737
0,244,5968.584013
0,246,5971.325807
0,239,5972.48311
0,250,5974.526454
0,242,5975.712576
0,244,5977.23814
0,243,5979.314133
0,269,5982.563926
0,243,5983.89871
0,242,5984.774199
0,250,5987.599586
0,260,5989.858568
0,241,5993.34857
0,241,5994.681482
0,239,5997.871126
0,243,5999.3925
0,242,6001.036623
0,253,6002.736638
0,237,6004.06443
0,244,6005.158376
0,246,6007.665584
0,242,6008.582909
0,247,6011.415068
0,254,6013.579363
0,248,6015.25422
0,244,6016.236134
0,236,6019.504343
0,242,6021.191857
0,242,6024.470734
0,266,6026.62917
0,246,6027.976258
0,249,6030.080256
0,274,6032.826219
0,244,6033.566652
0,247,6034.855345
0,242,6037.494429
0,250,6040.071777
0,246,6042.212273
0,261,6044.595008
0,298,6046.592272
0,260,6048.946676
0,237,6052.129629
0,242,6053.312945
0,249,6057.039535
0,237,6059.32954
0,251,6062.58012
0,247,6064.617311
0,242,6066.124179
0,254,6067.574242
0,248,6070.341633
0,248,6071.408999
0,246,6072.720665
0,299,6075.104408
0,264,6078.282766
0,248,6080.68097
0,245,6082.177285
0,241,6083.399161
0,239,6085.201019
0,239,6086.594076
0,239,6087.982565
0,239,6091.16461
0,248,6093.729161
0,250,6096.184443
0,248,6099.495802
0,238,6103.352423
0,246,6106.401589
0,270,6109.365888
0,241,6110.044361
0,255,6110.9378
0,252,6112.47238
0,250,6113.405644
0,237,6115.57709
0,245,6117.100461
0,246,6120.404941
0,247,6122.931679
0,256,6124.454525
0,242,6127.812151
0,245,6130.432165
0,244,6131.060784
0,244,6132.720003
0,237,6134.964862
0,239,6138.354162
0,267,6141.242329
0,247,6142.367878
0,247,6145.777427
0,244,6148.676889
0,253,6151.074474
0,245,6154.519131
0,246,6155.874788
0,248,6157.198858
0,283,6159.166672
0,268,6162.120705
0,246,6162.765148
0,244,6165.037898
0,245,6167.631511
0,251,6170.816084
0,248,6171.435556
0,245,6174.712275
0,245,6178.10679
0,247,6179.854445
0,255,6180.903095
0,254,6182.72561
0,252,6183.93217
0,243,6186.761472
0,246,6188.416093
0,248,6189.83648
0,301,6191.227738
0,249,6192.96265
0,250,6196.111216
0,242,6198.546027
0,258,6200.563978
0,250,6203.250738
0,243,6203.86787
0,249,6205.695481
0,245,6206.75246
0,238,6208.528924
0,255,6210.182835
0,252,6213.033206
0,254,6216.170115
0,270,6218.504962
0,247,6220.949649
0,252,6224.509089
0,256,6225.453364
0,241,6227.811696
0,247,6229.295374
0,248,6232.35643
0,246,6235.126395
0,246,6238.614869
0,243,6240.08975
0,259,6241.434665
0,243,6244.232137
0,245,6246.347874
0,250,6247.151222
0,249,6249.411077
0,244,6250.44946
0,239,6251.916377
0,251,6252.861421
0,245,6253.62905
0,253,6256.564114
0,246,6259.571439
0,241,6260.798338
0,242,6261.47494
0,246,6264.979239
0,245,6267.617227
0,239,6270.930274
0,246,6272.497276
0,251,6273.624369
0,245,6276.961869
0,246,6280.024087
0,244,6282.110237
0,247,6285.252884
0,253,6285.95832
0,238,6288.035681
0,242,6290.352097
0,249,6293.038684
0,245,6295.536214
0,260,6298.902287
0,241,6302.080828
0,245,6303.164408
0,245,6304.477293
0,249,6306.702708
0,242,6307.748069
0,253,6309.112573
0,244,6311.658009
0,254,6315.150803
0,247,6316.827307
0,242,6319.160663
0,242,6320.641768
0,240,6321.753615
0,253,6324.566092
0,239,6326.258548
0,257,6330.140276
0,246,6331.403049
0,246,6333.688732
0,246,6336.976448
0,255,6339.385163
0,250,6341.634531
0,241,6343.376935
0,245,6346.883035
0,243,6349.243554
0,255,6350.132663
0,251,6351.648085
0,253,6353.269045
0,243,6356.450205
0,244,6357.421
0,254,6358.423282
0,243,6360.631222
0,250,6362.402711
0,245,6364.846686
0,250,6367.274106
0,243,6369.861964
0,258,6371.070796
0,246,6372.076048
0,244,6374.378548
0,247,6377.305812
0,246,6379.371578
0,254,6380.80379
0,263,6381.723718
0,250,6384.783365
0,250,6388.410189
0,251,6390.454299
0,247,6391.451253
0,247,6392.109845
0,238,6395.331824
0,253,6397.215127
0,247,6399.363742
0,241,6400.252755
0,243,6401.461014
0,250,6404.747916
0,270,6407.743656
0,253,6410.243228
0,258,6412.738412
0,239,6414.359506
0,243,6416.699252
0,257,6419.035042
0,253,6421.371462
0,268,6423.150971
0,245,6425.529507
0,244,6429.114302
0,252,6430.487192
0,252,6431.521003
0,260,6432.643594
0,254,6433.601585
0,244,6435.312945
0,252,6437.875752
0,264,6441.263543
0,255,6441.939182
0,269,6443.214401
0,255,6444.754102
0,253,6448.262705
0,260,6449.674159
0,251,6452.001549
0,251,6453.673949
0,251,6454.34959
0,250,6457.433434
0,254,6458.577439
0,249,6461.934988
0,250,6463.391745
0,251,6465.046562
0,249,6468.316336
0,259,6469.768918
0,253,6472.530686
0,252,6474.004964
0,264,6475.532344
0,258,6478.657082
0,250,6481.484501
0,251,6483.465497
0,238,6484.813083
0,248,6488.071012
0,261,6489.550282
0,249,6492.370088
0,245,6493.080244
0,241,6495.97885
0,246,6499.615356
0,251,6501.235872
0,246,6504.018286
0,254,6504.742676
0,252,6507.99936
0,244,6510.981297
0,253,6512.171606
0,253,6513.155713
0,250,6516.992402
0,264,6518.17697
0,243,6521.600929
0,249,6524.086609
0,246,6525.345111
0,244,6526.583554
0,236,6529.630196
0,254,6531.803203
0,279,6533.450605
0,252,6535.91319
0,240,6537.658177
0,252,6538.351027
0,252,6539.415944
0,248,6541.660482
0,254,6543.94422
0,239,6545.592573
0,247,6548.028998
0,250,6551.291952
0,249,6554.108618
0,251,6554.854011
0,254,6557.899091
0,249,6561.053852
0,274,6564.235852
0,245,6565.731624
0,249,6566.588393
0,246,6569.917821
0,248,6573.364295
0,252,6574.711132
0,247,6576.109657
0,254,6576.932929
0,253,6579.358616
0,251,6580.191581
0,246,6581.521738
0,248,6584.054129
0,253,6585.530764
0,251,6586.595282
0,261,6588.989426
0,262,6591.359926
0,248,6594.693957
0,252,6597.049815
0,247,6598.052806
0,255,6599.17311
0,237,6601.588824
0,264,6602.89964
0,253,6604.875277
0,253,6606.731507
0,244,6608.392277
0,238,6609.037643
0,259,6610.016053
0,246,6613.031807
0,249,6614.335994
0,244,6615.50812
0,251,6618.644393
0,260,6619.626146
0,249,6621.466611
0,254,6622.84367
0,257,6623.540196
0,253,6626.228965
0,248,6627.174353
0,253,6628.369653
0,261,6629.903552
0,250,6632.845026
0,259,6635.683486
0,253,6637.202345
0,247,6639.850769
0,247,6642.967678
0,252,6646.143263
0,253,6647.184224
0,247,6648.776052
0,246,6650.216981
0,252,6653.170139
0,252,6656.430753
0,253,6658.477601
0,260,6662.306333
0,254,6663.381965
0,269,6664.527285
0,251,6666.619058
0,265,6667.81114
0,253,6669.303014
0,253,6670.555897
0,270,6672.34284
0,254,6674.667222
0,268,6675.600787
0,252,6678.326511
0,254,6679.583282
0,256,6681.975086
0,250,6683.24114
0,256,6686.453949
0,255,6687.097652
0,295,6689.866154
0,250,6692.854944
0,287,6696.157899
0,268,6697.549719
0,261,6700.932383
0,272,6701.807581
0,252,6702.709096
0,293,6704.295445
0,289,6707.156531
0,292,6709.809259
0,256,6711.942899
0,250,6713.851738
0,264,6716.619404
0,294,6718.620514
0,261,6722.028516
0,283,6725.172701
0,279,6728.207653
0,269,6731.793328
0,259,6735.050406
0,259,6736.089955
0,255,6739.466604
0,298,6740.631058
0,260,6741.630015
0,309,6745.756159
0,266,6748.519845
0,252,6751.069367
0,248,6754.359715
0,251,6756.41777
0,248,6757.890632
0,271,6759.906948
0,296,6762.424288
0,252,6764.386747
0,249,6765.591317
0,257,6766.306211
0,257,6768.946746
0,249,6770.189955
0,257,6773.080182
0,256,6775.268121
0,251,6778.793171
0,269,6782.220978
0,253,6785.158727
0,262,6787.562336
0,252,6788.212148
0,250,6788.97719
0,247,6791.45302
0,247,6792.930262
0,253,6795.935209
0,248,6799.528744
0,265,6803.194287
0,248,6804.60276
0,254,6805.254565
0,248,6806.416942
0,254,6807.324997
0,248,6808.084435
0,256,6811.154068
0,248,6812.186603
0,268,6814.6673
0,268,6815.828317
0,250,6816.352882
0,268,6819.150193
0,272,6819.974214
0,255,6821.519463
0,257,6823.053048
0,269,6826.40191
0,248,6828.137858
0,261,6829.068385
0,264,6831.676853
0,253,6833.267938
0,255,6834.174023
0,256,6837.246939
0,268,6839.218759
0,287,6842.285718
0,282,6844.78015
0,266,6848.236237
0,255,6851.732363
0,261,6854.329464
0,251,6855.324689
0,267,6858.607094
0,283,6861.065733
0,254,6863.450854
0,255,6864.704564
0,245,6867.127051
0,287,6867.767827
0,261,6869.334915
0,255,6870.210776
0,260,6872.245955
0,271,6875.069172
0,257,6877.351509
0,315,6878.134813
0,255,6878.84221
0,257,6879.957589
0,272,6880.690112
0,257,6883.437647
0,265,6885.149723
0,251,6886.999598
0,260,6888.044989
0,271,6890.949096
0,263,6892.445861
0,253,6893.469895
0,253,6895.122544
0,249,6895.794456
0,257,6897.306096
0,253,6900.849745
0,362,6903.008603
0,251,6905.085768
0,253,6908.559515
0,264,6909.467605
0,250,6912.656961
0,263,6915.659686
0,284,6918.223711
0,269,6918.953841
0,188,6921.561609
0,301,6924.281353
0,271,6925.460986
0,260,6927.100595
0,261,6927.919019
0,199,6929.971964
0,290,6933.157161
0,268,6934.793172
0,302,6937.953112
0,289,6939.473438
0,204,6941.593639
0,347,6944.656178
0,207,6948.246768
0,291,6951.185513
0,276,6954.051993
0,279,6955.696548
0,278,6956.739534
0,254,6959.802165
0,270,6963.194373
0,258,6964.917848
0,258,6966.702994
0,258,6968.032679
0,266,6970.633425
0,268,6973.172448
0,278,6974.911829
0,289,6976.266012
0,274,6978.850728
0,296,6981.216884
0,279,6982.297179
0,282,6984.964417
0,278,6988.186825
0,256,6990.978599
0,271,6994.669767
0,258,6996.154648
0,256,6996.843092
0,290,7000.353302
0,327,7002.206295
0,315,7005.446245
0,256,7007.895123
0,290,7011.192551
0,301,7012.716596
0,327,7016.0918
0,285,7017.606868
0,284,7019.596191
0,268,7022.205721
0,281,7025.775349
0,268,7026.974386
0,297,7028.286178
0,278,7029.462674
0,321,7030.993419
0,324,7033.99688
0,272,7037.014227
0,263,7039.590609
0,277,7041.943246
0,266,7045.203225
0,290,7048.496207
0,304,7051.940465
0,262,7053.52336
0,301,7056.869778
0,269,7059.280859
0,334,7060.692708
0,285,7061.531447
0,315,7064.160444
0,293,7067.103651
0,283,7068.446881
0,269,7070.640356
0,320,7074.232491
0,288,7075.75973
0,261,7076.592645
0,313,7077.608129
0,267,7079.560174
0,259,7082.988808
0,264,7084.459812
0,275,7085.937344
0,291,7089.124158
0,259,7091.539043
0,276,7092.877412
0,296,7095.530952
0,325,7098.092904
0,302,7101.042467
0,294,7102.677329
0,361,7104.638902
0,184,7105.835792
0,274,7108.545231
0,182,7110.819701
0,297,7112.98193
0,279,7116.62331
0,306,7119.439751
0,275,7120.362989
0,276,7121.947118
0,289,7124.421783
0,267,7125.955907
0,324,7128.947961
0,297,7131.434736
0,279,7135.011319
0,222,7137.158505
0,265,7140.046992
0,298,7141.678592
0,316,7143.46329
0,266,7144.130211
0,311,7147.736999
0,324,7150.315118
0,357,7151.17361
0,312,7152.186362
0,212,7154.439791
0,336,7155.271978
0,329,7157.095777
0,280,7158.748756
0,275,7161.578467
0,332,7164.127335
0,290,7167.698989
0,172,7168.176857
0,277,7169.510021
0,190,7171.846927
0,263,7174.619259
0,221,7177.410052
0,269,7178.739189
0,191,7179.336003
0,175,7181.725458
0,183,7182.908603
0,197,7183.791177
0,323,7186.158158
0,303,7188.976608
0,319,7191.40693
0,317,7192.81008
0,190,7195.200716
0,275,7198.807494
0,212,7201.214886
0,370,7204.803561
0,319,7208.429443
0,188,7210.776365
0,404,7213.171441
0,265,7214.983172
0,183,7216.933661
0,184,7217.744365
0,249,7219.295172
0,277,7222.036647
0,231,7223.157586
0,283,7226.077508
0,171,7227.045762
0,177,7228.814907
0,280,7232.223587
0,203,7235.372566
0,277,7237.009853
0,261,7238.31975
0,305,7241.418732
0,185,7242.363776
0,180,7243.196151
0,222,7246.038621
0,204,7249.771485
0,330,7251.211489
0,224,7252.179543
0,178,7254.657592
0,180,7255.696632
0,210,7259.192981
0,197,7262.245905
0,271,7264.524678
0,279,7267.664902
0,172,7268.807192
0,264,7270.939597
0,202,7271.761917
0,280,7273.149719
0,294,7275.319881
0,330,7276.475549
0,278,7279.2146
0,226,7282.331575
0,191,7286.023711
0,179,7288.773394
0,181,7291.802387
0,187,7293.867862
0,191,7296.205566
0,182,7299.198615
0,294,7300.371982
0,288,7301.008779
0,174,7301.807411
0,286,7304.76463
0,191,7307.198008
0,298,7310.829107
0,185,7312.305569
0,181,7313.882428
0,202,7316.817506
0,278,7320.162955
0,282,7321.670046
0,286,7325.192742
0,198,7328.391791
0,213,7329.704387
0,281,7332.258538
0,257,7335.040691
0,209,7337.293281
0,325,7339.98235
0,288,7341.202787
0,292,7344.228417
0,295,7345.574872
0,188,7348.476075
0,203,7351.334267
0,201,7353.158848
0,201,7356.309058
0,190,7358.163485
0,209,7361.149102
0,182,7362.051083
0,226,7364.426183
0,229,7366.549756
0,235,7367.753368
0,196,7370.095977
0,201,7371.715949
0,197,7373.270823
0,185,7374.670169
0,228,7375.93703
0,179,7378.980306
0,210,7379.528701
0,184,7380.830682
0,189,7383.278052
0,200,7385.836813
0,190,7387.239569
0,232,7388.912435
0,263,7391.884919
0,316,7395.598108
0,191,7398.905777
0,312,7401.155434
0,218,7402.585064
0,230,7406.430502
0,211,7408.961758
0,201,7409.591658
0,207,7411.697009
0,196,7414.950154
0,272,7418.308967
0,195,7421.698866
0,268,7425.226746
0,212,7427.532315
0,205,7429.812852
0,212,7431.970873
0,203,7434.580913
0,218,7435.403717
0,231,7437.17047
0,222,7438.825041
0,260,7442.007041
0,257,7444.103101
0,187,7445.237757
0,206,7448.273217
0,294,7449.92033
0,210,7451.323362
0,309,7453.649581
0,251,7456.519392
0,216,7457.154857
0,276,7458.953933
0,275,7459.854821
0,269,7461.216471
0,199,7463.895397
0,321,7466.672827
0,265,7468.043388
0,223,7468.941192
0,265,7472.144012
0,214,7473.383335
0,264,7476.655198
0,202,7477.453113
0,293,7480.697426
0,313,7483.970621
0,206,7487.156576
0,220,7490.229614
0,323,7491.068443
0,267,7494.067156
0,302,7496.808279
0,209,7500.129678
0,278,7502.055166
0,305,7505.480073
0,347,7507.916469
0,371,7509.945726
0,299,7510.802498
0,287,7513.636871
0,292,7516.35894
0,309,7519.103209
0,337,7521.638034
0,300,7523.783773
0,208,7526.08765
0,311,7528.377218
0,295,7531.279379
0,202,7532.774143
0,293,7535.42252
0,285,7539.026344
0,260,7540.663367
0,329,7541.875304
0,268,7543.930975
0,341,7545.75337
0,305,7548.439607
0,266,7549.404979
0,296,7551.80375
0,284,7553.117781
0,256,7554.882658
0,269,7555.905404
0,245,7558.863972
0,274,7559.562183
0,264,7561.185675
0,259,7564.354454
0,274,7565.387441
0,285,7568.367024
0,260,7571.036092
0,260,7572.613931
0,303,7573.655024
0,267,7576.624405
0,334,7580.024742
0,334,7582.28269
0,254,7583.29665
0,325,7584.769152
0,332,7586.722265
0,268,7589.380304
0,327,7592.596843
0,319,7593.996067
0,326,7597.639942
0,294,7599.001494
0,298,7601.652435
0,314,7604.417765
0,285,7607.930537
0,319,7611.554435
0,325,7612.762969
0,273,7614.131687
0,345,7616.147883
0,311,7617.525776
0,334,7620.612924
0,256,7624.015602
0,323,7625.45695
0,277,7626.219671
0,288,7626.978914
0,307,7630.346332
0,290,7632.705256
0,277,7634.043016
0,338,7637.735613
0,336,7639.497761
0,321,7641.106136
0,268,7642.327882
0,291,7644.305718
0,308,7645.067192
0,326,7647.887443
0,317,7651.8533
0,371,7653.010257
0,264,7653.745677
0,312,7656.406299
0,214,7658.462673
0,308,7661.089334
0,320,7663.960451
0,269,7666.052097
0,286,7667.500119
0,273,7671.054717
0,208,7674.153663
0,278,7677.626214
0,260,7679.974498
0,317,7681.873568
0,215,7684.351476
0,356,7685.543061
0,320,7689.413116
0,275,7690.23331
0,366,7693.692091
0,342,7695.825106
0,284,7697.93505
0,200,7701.57786
0,217,7702.595545
0,230,7703.424204
0,245,7706.275977
0,199,7706.946834
0,247,7710.266671
0,226,7712.812958
0,211,7716.279883
0,193,7718.447907
0,269,7720.842941
0,284,7723.052796
0,231,7725.245896
0,279,7728.659425
0,215,7732.010415
0,193,7735.201685
0,286,7738.036549
0,304,7740.811133
0,196,7743.489759
0,311,7744.361335
0,214,7745.426852
0,208,7746.760589
0,362,7750.194157
0,210,7750.874304
0,235,7753.881845
0,328,7755.598255
0,222,7756.892048
0,292,7758.518804
0,220,7759.287208
0,214,7762.136813
0,211,7763.791743
0,343,7767.003951
0,295,7770.22476
0,194,7772.731919
0,205,7776.199386
0,211,7779.824213
0,203,7780.561062
0,213,7782.862002
0,238,7785.626776
0,210,7786.083247
0,348,7788.342664
0,322,7791.092004
0,200,7793.8417
0,206,7795.266645
0,249,7795.926192
0,192,7796.523903
0,207,7798.634781
0,236,7801.926652
0,231,7804.967499
0,209,7806.124105
0,230,7808.116773
0,202,7811.212974
0,272,7814.160626
0,318,7815.630638
0,300,7818.882381
0,199,7821.959777
0,257,7824.357399
0,277,7825.13688
0,341,7828.669567
0,289,7831.484076
0,216,7832.706713
0,268,7835.943487
0,206,7836.516705
0,222,7837.416556
0,324,7838.645589
0,283,7840.377649
0,234,7843.033118
0,266,7844.56882
0,374,7847.248242
0,311,7849.688584
0,348,7851.329578
0,320,7852.798292
0,217,7854.762451
0,320,7857.901683
0,259,7859.453568
0,309,7863.00279
0,325,7866.172504
0,308,7868.042082
0,196,7868.570243
0,290,7872.039035
0,231,7873.571597
0,295,7875.035219
0,281,7877.563004
0,270,7878.676938
0,311,7881.81221
0,321,7884.330305
0,307,7886.081141
0,217,7887.408987
0,212,7888.750175
0,287,7891.196827
0,217,7893.804166
0,202,7895.16522
0,283,7897.571386
0,331,7901.30604
0,285,7904.758161
0,282,7906.10352
0,299,7909.64855
0,348,7911.226182
0,283,7914.70636
0,304,7915.453051
0,275,7918.949098
0,285,7920.33868
0,330,7921.280385
0,203,7924.152321
0,400,7927.76947
0,201,7929.682445
0,348,7932.295542
0,354,7934.639432
0,263,7938.0391
0,306,7939.348439
0,336,7942.726077
0,329,7944.473654
0,213,7946.988006
0,195,7948.642572
0,302,7951.730033
0,274,7953.846485
0,348,7955.204621
0,316,7957.108858
0,277,7958.386766
0,295,7960.125447
0,349,7961.322116
0,314,7962.150522
0,324,7965.602728
0,327,7968.152025
0,204,7971.576729
0,226,7973.506383
0,327,7975.738716
0,330,7977.572439
0,222,7980.49273
0,308,7983.759663
0,272,7986.421379
0,320,7988.126488
0,310,7989.045615
0,362,7991.771499
0,352,7994.978662
0,208,7995.953318
0,349,7999.603987
0,275,8002.302278
0,324,8005.554133
0,379,8006.76879
0,219,8010.001257
0,348,8010.916465
0,298,8014.158235
0,347,8015.671455
0,291,8018.224988
0,276,8020.658451
0,263,8022.791325
0,331,8025.733828
0,342,8028.141849
0,259,8028.987094
0,276,8029.831232
0,331,8032.758156
0,270,8033.52523
0,225,8034.120438
0,272,8034.999995
0,214,8037.875547
0,247,8038.929218
0,291,8041.771515
0,221,8044.064057
0,304,8047.601635
0,266,8049.279844
0,220,8050.01182
0,203,8052.84937
0,215,8054.46888
0,211,8057.79722
0,292,8060.348507
0,310,8063.455358
0,314,8064.843511
0,311,8068.123442
0,279,8070.577458
0,339,8071.550137
0,220,8072.966982
0,226,8074.867125
0,231,8078.444582
0,315,8081.72147
0,326,8083.08831
0,219,8085.819449
0,334,8087.158921
0,199,8088.290584
0,339,8089.959455
0,339,8091.624849
0,199,8093.041534
0,299,8094.590156
0,211,8097.035661
0,233,8098.173694
0,340,8101.651231
0,228,8104.993683
0,309,8108.678146
0,376,8110.510206
0,343,8113.35049
0,312,8115.596464
0,288,8116.759762
0,328,8119.486962
0,342,8122.698614
0,315,8124.470542
0,314,8125.802392
0,337,8127.175376
0,341,8130.263006
0,345,8132.858404
0,338,8136.594638
0,356,8140.387067
0,341,8144.256337
0,337,8145.66566
0,344,8149.41191
0,202,8149.970635
0,340,8153.520307
0,347,8157.345391
0,349,8159.555388
0,336,8162.593894
0,408,8166.322441
0,345,8169.978304
0,327,8172.051009
0,337,8175.033807
0,343,8176.890932
0,220,8179.882879
0,348,8181.045828
0,356,8184.220356
0,362,8187.6017
0,379,8191.168983
0,366,8192.094773
0,396,8195.251058
0,351,8197.932656
0,383,8199.769276
0,374,8202.922989
0,380,8204.809705
0,360,8206.311422
0,386,8208.020598
0,376,8210.34505
0,363,8211.66057
0,383,8213.248024
0,465,8217.464638
0,395,8220.986285
0,367,8223.899503
0,394,8224.720771
0,361,8226.567065
0,378,8230.814976
0,356,8234.249366
0,395,8238.019906
0,427,8240.377262
0,461,8242.112711
0,363,8243.401238
0,374,8245.748363
0,393,8246.942917
0,272,8248.398294
0,231,8249.216735
0,362,8250.665263
0,216,8251.890929
0,354,8255.504295
0,492,8259.265268
0,373,8262.453778
0,407,8263.557254
0,398,8266.184937
0,274,8269.742318
0,337,8272.362601
0,247,8273.397186
0,360,8274.785248
0,368,8275.701547
0,300,8278.17214
0,274,8280.829309
0,311,8284.641483
0,298,8287.921841
0,337,8291.24136
0,252,8292.871415
0,331,8295.114432
0,372,8296.238544
0,288,8298.987472
0,302,8302.001202
0,240,8304.682137
0,268,8307.597627
0,314,8309.426237
0,277,8312.674
0,233,8315.747242
0,320,8317.901863
0,268,8321.206166
0,220,8323.929069
0,238,8324.828624
0,252,8326.284153
0,272,8328.487895
0,358,8330.012603
0,275,8332.253849
0,316,8334.401946
0,323,8336.488453
0,249,8338.628399
0,218,8341.154551
0,388,8343.301524
0,258,8344.387563
0,251,8347.705523
0,294,8351.112484
0,274,8353.019319
0,334,8354.382246
0,305,8358.027846
0,356,8361.656341
0,300,8364.552221
0,254,8366.78298
0,243,8368.644992
