#{"t_start": 1566409524.3288224, "env_id": null}
r,l,t
415.440625,2058,9.879267
898.492578,4087,28.742623
865.204492,4096,48.549146
65.117578,390,51.849708
99.168164,618,55.793981
92.363281,597,59.910369
180.455078,1012,65.866767
61.954492,355,69.163021
79.762695,431,72.855172
50.799805,306,75.823401
213.361328,1135,82.23194
1319.067773,5840,108.870193
150.889063,972,115.378036
113.60957,632,119.740509
67.707812,371,122.606538
283.18418,1420,130.151134
813.991602,4353,151.173693
386.742383,1802,160.629258
49.819922,257,165.021546
328.636328,1702,173.882062
441.730078,2383,186.733268
1269.795117,6144,213.971324
1883.404883,8197,250.551828
1487.382617,6139,277.850775
1041.793555,4099,296.780818
2317.850195,8189,332.849008
568.218555,2052,344.034662
1464.958984,4127,363.223369
673.326367,2052,373.783766
753.23457,2009,384.544585
777.692383,2134,395.828666
705.311719,1962,405.530104
7125.071875,14336,467.857107
780.391797,2087,479.557368
2422.67793,4599,501.349514
3442.223437,6627,542.607477
1731.424805,3813,561.66022
331.862891,1312,569.952567
667.265625,2052,579.917214
798.40918,2157,591.257488
1754.654883,6038,619.995697
1992.909766,4494,641.160219
725.085352,1667,651.633579
943.6875,2018,662.141728
2309.544922,4160,682.906256
1162.488086,2386,696.720023
3191.45625,5760,723.849934
2223.783203,4081,743.357704
5860.324414,10237,788.418829
962.513672,2116,800.528322
4890.792187,8665,839.142999
596.533984,1551,848.392039
1329.193945,2816,863.403826
1430.865234,2783,878.052766
122.688086,501,883.597626
498.703906,1265,890.377206
284.512109,785,897.069569
658.174805,1452,905.442115
208.514062,594,910.874067
961.478516,1921,920.362967
61.952734,287,924.97111
540.311328,1209,932.159647
470.783594,1086,940.067982
305.864062,800,945.916357
231.395508,630,951.09255
121.18125,464,956.64488
323.091797,803,961.757244
853.122461,1757,972.309895
207.121875,595,977.914212
196.992773,587,982.090321
100.694141,392,986.450602
299.446094,811,992.294948
218.64707,625,997.655356
249.670117,735,1004.111811
849.430859,1675,1013.612312
228.296094,636,1017.920461
226.557031,615,1023.500777
234.007031,631,1029.289088
30.858789,131,1032.393387
103.645508,374,1036.405508
99.201758,346,1039.56975
230.816406,625,1044.162017
294.203516,755,1050.386353
245.961914,653,1055.218565
93.560352,338,1059.826815
466.565625,1042,1066.747406
1020.382617,1883,1077.431993
1136.251367,2170,1100.509099
884.177148,1695,1110.289975
188.402734,591,1115.994724
901.039258,1719,1125.166894
99.503516,387,1130.291009
781.054297,1516,1138.467611
61.592773,236,1142.581151
589.977344,1187,1148.63625
369.984766,872,1156.184688
625.771094,1229,1164.341109
373.238086,895,1171.265527
972.305078,1829,1180.062105
773.360547,1586,1189.674665
222.136719,594,1195.447485
651.052148,1303,1202.743362
556.910156,1191,1210.939925
671.056055,1317,1219.380411
194.473047,559,1224.752616
715.443164,1368,1233.425205
134.125586,425,1238.950111
528.400977,1090,1245.033916
562.79043,1193,1253.650458
103.908008,336,1258.422608
285.330078,673,1263.038931
403.905469,868,1269.620143
707.580078,1385,1276.575883
256.711328,647,1282.652707
458.813867,934,1288.9205
369.541992,826,1295.22893
58.698633,236,1299.65334
472.626367,954,1304.977473
428.154102,899,1310.87785
47.967383,180,1314.290601
506.292383,991,1322.086534
629.892383,1220,1330.559088
441.98457,917,1337.671606
329.045117,746,1343.443881
295.095508,730,1349.928335
322.508008,736,1356.14068
328.961719,763,1361.901111
301.263477,721,1368.99791
309.297461,676,1374.877795
341.245117,773,1381.331104
351.025781,739,1386.878524
327.652734,710,1392.010882
365.207227,772,1398.683356
372.037305,781,1404.875576
303.110937,684,1409.259903
463.311523,896,1416.868338
382.188281,800,1422.644753
256.291406,589,1428.017663
348.71875,778,1434.277516
336.380078,724,1440.009752
352.619141,763,1446.550205
346.879297,735,1452.542691
423.935352,870,1458.574912
110.03125,339,1464.127223
366.248047,765,1469.575629
369.854492,752,1475.616019
201.309375,510,1480.358014
390.235156,812,1487.076878
394.015625,807,1492.573249
134.079492,436,1497.701639
321.540039,705,1502.957741
377.876953,761,1509.022814
243.499023,575,1514.015714
384.092187,774,1520.450773
351.025977,753,1525.239068
226.591016,549,1530.368115
427.925977,871,1537.067791
394.838477,844,1543.432227
91.192188,305,1548.496524
388.103711,767,1554.028884
354.5,727,1560.289309
233.304297,554,1565.88768
389.290625,760,1572.434571
520.78457,958,1578.646436
157.734375,422,1583.763292
1098.385937,1956,1594.719338
231.307227,539,1599.75168
387.689648,775,1606.000114
291.411328,635,1612.208494
24.44043,99,1615.64381
1311.368945,2267,1627.257603
371.0875,770,1633.113765
348.787305,697,1638.218117
161.181641,420,1642.9784
403.975781,796,1647.470716
462.812305,895,1653.259139
104.844531,332,1658.09967
214.927148,517,1661.967621
305.941992,638,1667.795913
453.380859,860,1674.560914
301.09707,638,1679.772798
222.46582,519,1685.493067
242.838477,535,1690.513383
449.56875,876,1697.477807
379.214844,743,1703.534225
241.77832,541,1708.306446
132.97168,349,1712.806717
370.885742,724,1717.799064
245.815234,534,1722.955371
434.62207,896,1730.183926
244.261328,549,1735.352268
268.637305,561,1740.232584
355.629883,743,1747.192985
237.031055,538,1752.553238
295.127734,605,1758.257702
246.225781,535,1762.602129
133.833984,354,1767.466143
295.758398,625,1771.834597
265.457031,566,1776.431448
249.222461,539,1781.783301
118.767969,318,1786.576981
259.609375,544,1791.383739
272.751562,560,1796.632195
275.746289,565,1801.408327
195.034375,469,1806.009302
261.911133,558,1810.808911
254.776953,544,1815.509323
287.769727,577,1820.433586
117.596875,321,1824.498409
287.52168,579,1829.186146
238.737305,542,1833.542461
286.593555,598,1838.998818
99.500781,287,1843.756557
295.793164,604,1849.543412
314.533789,615,1855.231789
263.997266,554,1861.216169
104.61582,299,1865.336413
277.24707,571,1870.752778
260.229492,547,1875.893052
248.768359,546,1880.557468
198.034961,469,1896.258321
264.258594,565,1901.342699
286.135352,584,1907.295091
279.701172,593,1911.927331
98.235547,293,1916.767612
259.631836,553,1921.491991
260.608984,570,1926.312299
255.388867,550,1932.008591
95.017188,279,1936.110376
244.991992,529,1941.177186
2101.035742,3608,1959.06673
288.874609,606,1964.62669
256.024023,550,1969.16701
255.491602,550,1973.863311
109.697266,309,1977.863849
230.362305,530,1982.971851
268.877734,556,1987.884164
276.575781,569,1993.356555
354.996094,675,1999.333
385.687109,719,2005.585397
274.123633,575,2011.173762
401.009766,756,2016.558135
282.402148,596,2022.278378
274.479883,566,2027.906775
358.581055,823,2034.051188
252.929102,547,2037.939407
299.077148,618,2042.855714
367.361719,727,2049.500159
271.31875,561,2054.656424
280.994531,607,2059.140778
297.507031,615,2065.017138
63.783594,192,2068.499977
1183.205469,2085,2080.030334
278.160742,570,2084.842414
956.566016,1700,2095.311123
302.489062,615,2100.795361
279.241211,563,2106.355827
347.785352,694,2111.496178
283.56582,576,2116.228417
288.463672,594,2121.488689
548.742969,972,2129.15722
1075.592188,1879,2139.914338
288.060352,577,2145.810295
334.214258,640,2151.322653
302.372852,628,2157.215037
310.954297,652,2163.603511
300.774609,603,2168.45581
1812.267188,3103,2184.317016
3632.167187,6077,2212.032207
346.144531,688,2217.774934
349.391602,703,2223.939334
311.133398,621,2229.655676
7.444531,36,2233.038343
1314.304687,2375,2244.620895
294.285937,605,2249.712908
284.270898,571,2254.921288
305.72207,630,2260.177634
1370.49707,2354,2272.138619
2185.600195,3741,2292.144844
1353.011133,2332,2305.059928
369.549414,684,2311.551857
320.86875,628,2317.827969
174.805664,416,2323.283763
2411.615039,4106,2344.025062
348.624805,693,2349.332622
3230.286328,5441,2375.647358
582.491797,1080,2383.609446
358.196289,704,2389.933626
93.726953,264,2395.145046
374.542383,727,2401.729895
769.562695,1342,2410.371072
1013.494727,1820,2419.966524
69.980078,207,2424.922911
1305.950977,2326,2438.346988
2283.367773,3858,2457.372642
1165.554492,2063,2469.06
335.574609,661,2475.059851
268.183203,607,2480.644085
367.21875,725,2487.158239
1215.318945,2129,2498.536777
1139.659375,1981,2510.721239
1340.240234,2365,2522.666768
987.761719,1749,2533.750346
327.557813,719,2538.809935
728.798437,1315,2547.118264
321.080078,708,2553.182471
334.904883,716,2559.470637
264.600586,606,2564.779138
321.104883,706,2571.515013
410.340625,813,2578.347281
1290.22793,2421,2602.244323
3849.093555,6535,2633.413834
369.359375,769,2639.253531
582.760547,1089,2647.82585
1146.275391,2022,2659.6474
2402.088672,4109,2679.855805
4878.069336,8194,2717.52728
1183.456445,2031,2729.490083
1180.20332,2080,2740.361762
415.50918,807,2746.701928
4299.621875,7354,2781.168034
1900.871289,3220,2797.508168
444.301562,872,2805.196426
1193.910156,2057,2816.670102
2432.542969,4163,2838.050151
288.032617,601,2844.045986
768.778711,1376,2852.910785
319.591797,673,2859.11069
767.408008,1381,2868.411191
1185.260352,2047,2880.783933
290.769336,606,2886.223983
831.038867,1446,2895.840536
4857.126953,8172,2933.659098
1167.222461,2040,2945.154562
2378.210547,4121,2965.903982
1176.605078,2053,2977.72855
282.556055,593,2984.120625
960.298047,1664,2994.23716
248.199414,533,2999.321303
261.057031,551,3003.897583
373.434961,733,3009.734425
274.702148,567,3014.322041
284.739258,574,3019.122333
254.621289,544,3023.774541
145.17168,355,3027.956425
3791.719531,6303,3056.296596
1232.862891,2113,3068.068917
2609.841016,4131,3088.590048
1048.126172,1789,3099.677086
244.21543,535,3103.986624
906.65332,1539,3112.607102
349.638281,718,3118.711281
779.252539,1341,3126.648055
367.633789,740,3132.071975
278.880078,595,3137.216321
281.84668,576,3142.128484
23.322461,100,3144.831078
282.145312,571,3149.924941
2502.929102,4073,3169.070186
922.77832,1555,3189.191072
1194.931641,1993,3200.208344
241.818164,528,3204.467694
521.632031,965,3210.872133
258.312695,555,3216.58906
620.589258,1159,3224.472816
442.668164,889,3230.493289
916.689648,1661,3239.005685
159.392969,402,3243.533913
1201.0125,2052,3254.567654
692.009766,1316,3263.094936
379.891797,735,3269.679238
1205.097461,2026,3280.566917
282.85957,610,3286.412033
246.558008,538,3291.0804
313.41875,650,3296.788601
88.35625,250,3301.296152
1226.023047,2090,3312.558725
311.879297,644,3318.689818
275.976953,560,3324.298124
210.299805,460,3328.602343
142.889648,342,3333.56599
312.967188,644,3338.358941
913.982422,1512,3348.167573
308.074023,634,3353.711667
318.89668,646,3359.348062
250.373047,552,3364.408287
1284.270117,2156,3376.345733
315.683789,640,3381.633161
406.536914,782,3387.25357
260.014648,555,3392.41776
15.779102,71,3395.700119
255.044727,539,3399.910231
1102.319336,1875,3410.904075
507.125977,989,3417.807247
242.89668,531,3422.935499
48.238672,167,3427.3878
235.974023,529,3431.043863
896.871094,1567,3439.780533
240.774219,534,3445.360645
246.405078,536,3450.477054
517.336328,925,3458.114417
1236.391406,2048,3469.537339
2531.769922,4131,3489.4074
581.387305,1088,3497.663742
3171.162305,5041,3521.813466
2680.770508,4082,3540.542579
1258.244141,2094,3551.534831
1649.868555,2626,3565.843619
981.748437,1676,3576.404081
1091.11582,1805,3586.973028
725.971875,1303,3594.533144
453.937891,924,3601.665456
1162.257031,1983,3612.586112
2534.969727,4029,3632.567542
1161.070508,2004,3644.175991
1187.697852,2030,3654.993886
1226.769727,2048,3666.39472
1210.681055,2065,3677.449927
2459.597656,4079,3696.725742
1423.951172,2331,3709.227723
1164.175,1986,3721.26034
1138.041406,1827,3732.12009
1330.93125,2075,3744.250751
2616.593945,4139,3764.960841
1485.786523,2407,3777.691604
5280.297656,7792,3813.362497
1171.505664,2019,3835.574331
1285.913086,2049,3847.255584
1285.416602,2047,3858.089824
3972.642383,6169,3886.093049
1019.546094,1795,3896.52632
88.512305,258,3901.45851
423.750195,879,3906.478803
603.057617,1167,3914.539492
1340.102344,2248,3926.264093
447.184766,916,3932.996356
671.569531,1262,3941.656946
1694.010352,2733,3955.409789
535.282617,1009,3963.438253
971.000391,1686,3972.57472
144.636719,360,3977.670929
369.306445,772,3984.031358
340.966016,717,3989.943703
330.936328,747,3995.784048
1124.767187,1858,4006.848614
2688.25293,4096,4026.75284
1269.688477,2048,4038.526584
1214.787891,2060,4049.97945
566.157617,1045,4056.347615
1963.610937,3077,4072.372691
523.470312,976,4079.268921
2262.097656,3589,4097.922246
3809.289258,5659,4124.771969
1259.331055,2071,4136.032279
1279.335742,2087,4147.273015
1228.669922,2007,4158.213565
2707.969141,4133,4178.719047
2689.486133,4019,4198.696328
1312.904297,2054,4210.753699
2532.692187,4145,4230.89007
2750.461719,4038,4251.104452
7035.209375,10244,4297.073519
4177.188867,6143,4325.851973
4226.881836,6197,4353.493177
1249.004102,1994,4375.325739
1253.65,2065,4386.990848
1263.501562,2029,4398.300437
2707.816992,4096,4419.20915
1487.638086,2359,4431.872035
1088.158789,1754,4442.204431
1378.987891,2178,4454.492973
440.553711,849,4460.009091
440.613086,847,4466.325337
7085.342383,10448,4513.840357
1349.032812,2045,4525.224713
4265.433789,6144,4555.164726
5795.144922,8192,4593.895986
1342.826367,2074,4606.036859
9966.02207,14310,4668.501418
1335.570117,2054,4679.367412
1321.610547,2098,4691.556977
1488.894922,2382,4704.360446
2505.804492,3731,4722.547233
1290.383398,2023,4732.848355
9012.33418,12739,4788.12142
982.193945,1597,4798.338125
1317.667383,2062,4810.257673
1283.476562,2034,4821.862081
2763.677539,4096,4842.665972
1328.893555,2086,4854.71588
2798.476953,4059,4873.957026
2096.480664,3155,4900.28222
1624.960937,2570,4913.390885
183.070703,428,4918.483175
1362.404492,2169,4930.799754
1201.465234,1917,4941.943549
8412.243164,12299,4996.456371
1344.352734,2063,5007.387784
1269.978125,2027,5018.220518
1129.782031,1827,5028.912799
1288.118359,2124,5040.817573
46.44043,148,5044.81375
7012.844336,10243,5090.181068
2748.016992,4085,5110.379314
2724.542773,4096,5130.89934
2714.713477,4130,5150.955471
2706.67793,4062,5170.249536
1400.028711,2120,5182.478175
2767.401758,4094,5202.630402
7213.113672,10203,5248.44132
4221.227539,6186,5277.19453
5806.99375,8133,5314.349704
4419.091602,6139,5342.538645
5786.312891,8194,5380.092617
1317.407227,2041,5401.669146
2819.532031,4090,5422.465955
1325.154883,2054,5433.967656
1329.462695,2042,5446.205326
1316.925391,2048,5456.052269
2871.311328,4128,5476.257348
1511.327734,2310,5488.325826
4072.192969,5850,5515.935692
7386.180078,10240,5561.918718
4420.925781,6302,5590.319918
4210.198047,6059,5618.42134
1233.866016,1976,5629.469603
1300.575781,2047,5641.227241
4523.939062,6662,5671.880393
2467.812695,3678,5690.413174
1667.680469,2498,5703.085859
560.856836,1023,5709.694085
242.518555,534,5715.258353
510.496484,916,5722.118804
1136.550781,1802,5731.971398
393.786914,765,5737.74765
277.504883,595,5742.719908
1193.707812,1939,5753.408587
71.150781,229,5758.18469
391.26543,767,5764.465129
475.53418,938,5770.525522
883.408789,1642,5780.554165
1263.25625,2182,5792.582807
927.655078,1596,5802.331316
419.860937,801,5807.567596
28.441602,105,5809.898296
1010.803711,1688,5819.888388
178.693945,436,5825.400529
1194.815039,1995,5836.309337
753.291211,1362,5843.733684
341.562695,716,5849.437946
1373.221484,2073,5861.32675
797.891602,1436,5869.931184
404.77207,846,5875.91964
1075.199414,1840,5886.360069
921.585742,1650,5895.784593
2524.822266,3977,5915.449946
238.186523,531,5920.62999
1279.744141,2087,5932.494879
1176.922266,1891,5953.52904
2698.674414,4119,5973.783159
2743.888086,4077,5994.222632
1355.938672,2050,6006.271172
1309.673242,2042,6017.039162
1315.646094,2048,6027.558849
518.644922,925,6034.156426
1527.156445,2402,6047.125266
391.101367,769,6052.904044
1625.530078,2563,6066.350425
2333.759961,3581,6084.578954
517.289453,979,6090.783591
1067.357031,1759,6101.272345
668.598047,1165,6109.032768
111.125391,283,6112.592836
479.254492,865,6118.429148
608.533398,1093,6125.846912
748.480664,1285,6133.214107
397.590234,763,6139.654463
701.18457,1238,6147.046844
424.536914,810,6152.805552
1290.313867,2053,6164.19646
2729.927539,4099,6185.110483
1314.005078,2047,6195.958556
2646.730664,3953,6214.462981
42.207031,136,6218.858772
1351.975,2057,6230.827937
627.342969,1117,6237.748073
565.641602,978,6245.952457
109.947266,277,6249.524616
1146.803516,1795,6260.254453
1320.039258,2067,6271.718017
112.524805,284,6275.262106
654.839258,1133,6283.030696
106.275,278,6287.650752
92.464062,254,6291.603846
1447.142578,2179,6303.2159
1230.30625,1917,6314.391505
112.364062,288,6318.984637
420.197266,860,6325.657081
236.937305,526,6330.553237
1648.553906,2422,6343.962902
460.170703,885,6350.258435
718.701172,1236,6358.778923
1409.122656,2165,6371.543772
108.741406,276,6376.603906
1841.064258,2836,6390.128858
4074.670312,5711,6416.350288
106.482227,273,6420.361931
3559.005469,5067,6444.727841
4292.63418,6127,6473.567745
2792.028516,4099,6494.165848
477.28125,905,6501.00184
101.439453,269,6504.993855
3453.721484,4967,6528.556479
2829.71543,4103,6558.861037
1451.775195,2205,6571.397187
1302.502539,1916,6582.581837
1315.943945,2016,6593.265116
4332.984961,6217,6621.807973
4269.035352,6074,6650.177614
2711.225586,4159,6669.286217
1360.860156,2129,6680.990615
1287.679102,1917,6692.299698
1270.494141,2035,6704.260061
4261.330078,6141,6732.479151
101.076367,272,6736.049083
1093.753711,1790,6746.481898
1371.209961,2034,6758.205728
1335.829297,2082,6769.179608
388.805664,768,6775.223185
105.396289,280,6779.551315
553.026172,1024,6786.127694
1266.308984,2011,6797.757539
1291.480469,2113,6809.745134
1242.547266,1962,6821.372656
991.526953,1656,6830.85812
943.243555,1668,6840.634526
378.08418,786,6847.490958
2418.093945,4130,6866.688164
1133.89082,2005,6877.881291
4031.785352,6184,6906.06638
1275.663672,2003,6917.654931
1385.929102,2065,6929.599266
2803.438672,4121,6950.176471
4136.88457,6117,6978.838254
2617.141992,4131,6997.692693
4015.261523,6100,7025.172784
1333.986133,2059,7035.605872
4130.04707,6127,7063.378742
1254.516992,2055,7085.236343
1278.926953,2041,7096.070097
1353.555078,2065,7107.912578
2728.090039,4079,7127.336687
1303.458984,2048,7138.981228
1349.377344,2048,7150.983695
1331.220703,2048,7162.968741
1377.512891,2049,7175.716284
1289.854687,2047,7186.592246
1327.646484,2053,7198.309375
1374.792773,2092,7210.323019
2779.1125,4047,7228.706495
1292.213086,2048,7239.498425
2880.881055,4096,7258.631883
1319.67832,2048,7268.997473
2775.262695,4096,7288.784127
1351.333008,2048,7300.226648
1332.415625,2131,7311.139429
1243.775781,1988,7322.335978
1318.689648,2025,7333.141336
1310.280664,2107,7345.33722
2868.038477,4037,7365.968445
1398.393164,2141,7376.898948
219.966992,503,7381.826993
2329.72168,3522,7400.28428
4224.826953,6122,7428.337355
2809.748242,4195,7449.503036
4285.817383,6090,7477.584723
2841.939062,4051,7497.000413
1407.109375,2048,7508.824489
4334.574219,6150,7537.640254
1340.730078,2055,7549.724588
1434.400781,2113,7560.356903
7397.838086,10164,7604.17987
2646.230078,4110,7635.277233
1188.964258,2047,7647.254025
1247.690039,2047,7658.422589
1269.32168,2034,7670.391857
4347.742383,6174,7698.940789
4230.007227,6137,7727.282465
94.690039,264,7730.421986
2541.644531,3813,7749.151523
1367.930664,2055,7760.332028
229.271289,531,7764.756539
974.837109,1506,7774.471148
1407.934375,2070,7785.042177
1338.063281,2026,7795.965093
2899.876953,4116,7815.880728
7244.98418,10220,7860.49464
2818.47793,4102,7879.778923
1372.785547,2143,7891.711086
5706.844922,8187,7928.9136
1299.244141,1952,7940.242733
2769.883008,4096,7960.280628
1365.645117,2048,7971.933043
4502.793555,6247,7999.753279
2765.255469,3993,8019.036024
112.233008,304,8022.358092
4164.066992,5844,8050.260312
4284.175781,6243,8079.745717
2848.969727,3993,8099.464627
1352.231836,2083,8112.539198
2778.87207,4119,8143.653094
1275.170117,2020,8155.218677
2827.834766,4066,8173.692218
4264.479102,6144,8201.285525
2630.924023,4096,8220.734961
1309.836719,2048,8232.499879
2748.364062,4096,8251.281315
1271.09668,2048,8263.119209
1304.266016,2063,8273.964221
4141.946094,6129,8302.174821
1441.958594,2103,8313.646332
1295.848438,2056,8325.286974
1309.580859,1991,8336.555791
2829.271094,4090,8355.957921
212.430078,521,8359.380741
603.550781,1110,8366.501158
194.839844,486,8370.489286
210.35957,509,8375.809592
907.023047,1476,8385.434505
91.495898,270,8389.694395
1112.545508,1783,8398.951179
1333.121484,2037,8409.996183
1006.580078,1652,8419.700128
158.481445,396,8424.426224
89.862891,254,8428.872433
1238.034766,1989,8439.09322
194.581836,475,8443.937338
440.291016,867,8450.445799
97.980664,277,8453.657902
75.727148,234,8457.557176
97.497266,266,8461.698278
216.164258,517,8466.866578
195.171094,479,8471.65484
203.354883,502,8476.755158
162.333984,413,8482.131327
1193.563477,1919,8493.1864
200.603516,492,8498.328274
978.656445,1556,8508.214626
537.470117,908,8515.061172
448.961133,825,8520.645458
155.806641,407,8524.925678
198.764063,492,8529.74192
211.242773,495,8534.562223
214.386914,503,8539.558545
204.758984,466,8544.623603
209.731836,502,8548.930969
203.588086,493,8553.743219
206.976953,493,8558.631529
271.504297,589,8564.279858
287.482227,620,8568.936102
831.663867,1399,8577.559158
1118.559961,1798,8586.697138
109.483789,301,8590.461244
97.770508,266,8593.321344
1130.001758,1781,8603.726073
652.505664,1134,8610.518351
477.233398,864,8616.939937
1361.104102,2048,8627.17973
902.881055,1476,8635.079716
1687.406836,2641,8648.717837
524.734766,929,8655.712836
432.099805,844,8662.385201
84.191602,254,8665.967157
98.554297,271,8670.097613
213.302344,509,8674.653816
209.403711,498,8679.050061
104.537109,287,8682.73826
213.336719,483,8688.029644
99.644727,278,8691.302646
47.365039,170,8693.682855
216.5375,535,8697.855108
654.213672,1084,8705.831673
1222.511719,1925,8715.824153
26.998242,112,8719.400349
352.42793,681,8724.460503
225.689844,536,8729.484802
471.228711,879,8736.657248
1293.72207,2101,8748.897993
854.224805,1401,8767.650994
290.382031,624,8773.8832
2643.917383,4055,8793.168541
502.48125,870,8798.880578
682.444531,1142,8806.197532
541.350977,897,8812.741408
685.575,1148,8819.258276
479.752344,846,8824.662057
2124.148437,3256,8841.463273
1275.119141,2036,8851.608238
226.931055,512,8855.339684
1121.556055,1864,8866.069621
1074.117773,1720,8876.735194
1277.237891,2050,8887.685627
323.774609,597,8892.789734
879.760352,1454,8901.270434
2618.888281,4091,8921.87033
1415.033984,2212,8933.448083
1161.410742,1884,8943.329772
1121.433984,1664,8953.221108
162.833984,384,8957.458493
1046.997266,1675,8966.493902
198.666406,487,8971.042034
1221.239258,1843,8980.778756
44.482031,159,8982.978693
1285.198047,1984,8993.967583
500.838672,898,9000.143775
213.932422,502,9004.303854
1799.192969,2651,9018.552827
8.779492,41,9022.431064
1420.792383,2048,9032.776872
778.682813,1284,9040.769926
103.864453,281,9044.621976
1078.525586,1763,9055.146827
1073.606445,1734,9065.047364
631.99082,1082,9071.855841
1038.080078,1613,9080.804228
207.904297,475,9085.340292
546.384766,988,9092.016645
341.243555,631,9098.20097
1665.929102,2446,9110.994196
568.310352,1001,9118.306099
601.495508,1058,9125.890556
686.000195,1121,9132.738911
506.570508,907,9138.624193
534.706836,933,9145.339646
883.114844,1543,9154.229118
665.65918,1121,9161.592505
231.748633,499,9166.349816
2762.641602,4096,9185.194473
1101.632227,1629,9194.930454
1375.491016,2126,9206.091106
159.198633,382,9211.415227
1270.739453,1883,9220.775906
1470.317188,2187,9233.700707
876.524023,1405,9241.973073
415.047656,818,9247.621224
1230.792188,1858,9258.935471
100.071094,269,9262.214042
691.30332,1180,9270.386503
1764.031641,2647,9284.959877
1404.226172,2082,9295.908055
2576.535547,4062,9315.226553
1267.792773,2048,9326.645545
1274.352148,2048,9338.102532
2861.012109,4109,9358.683872
1354.108594,2066,9381.048821
1292.2875,2064,9392.085283
1230.232227,2001,9403.974494
1288.736133,2048,9414.376704
1238.507617,2048,9425.754084
2580.326758,4131,9445.557243
2572.832617,4061,9465.610504
1248.362891,2048,9476.683186
1285.091406,2107,9487.746626
732.616016,1189,9495.430903
436.298047,800,9501.324535
1274.983984,2051,9511.752247
583.414063,1025,9518.212141
585.733398,1048,9526.213469
2710.951758,4070,9545.601927
2517.883203,4105,9566.095323
1329.356641,2037,9578.63489
2790.769531,4096,9598.6262
2354.528906,3570,9616.777842
246.243164,559,9621.653877
975.010156,1527,9630.130474
219.70293,499,9633.971006
4240.850195,6133,9661.840639
3127.789648,4422,9683.341644
1070.313672,1725,9692.849975
1375.613477,2074,9703.750505
1284.238477,2058,9714.123163
444.471289,825,9720.275272
760.406445,1184,9727.715153
899.43457,1207,9734.76417
1921.968164,2889,9749.471986
1303.504102,2075,9761.201738
1304.12168,2021,9772.313457
3021.245898,4108,9792.024548
2630.338672,3828,9809.948478
1595.167578,2327,9822.118575
2862.711914,4082,9841.515059
1299.716211,2039,9852.79173
639.02793,996,9858.486952
623.138281,1052,9865.187053
1431.678125,2079,9876.168094
1458.154492,2017,9886.808603
1431.492383,2059,9898.937876
369.577539,665,9915.17008
869.65293,1372,9924.435855
1244.644336,1826,9934.655299
1578.558789,2271,9946.840195
1452.345703,2134,9957.784659
1374.303711,1966,9969.20934
1350.391992,2043,9980.10418
2838.169531,4096,10000.641857
526.079883,825,10007.343158
776.720898,1236,10015.879855
688.872461,1093,10022.400127
613.543164,1030,10030.176544
1356.630469,1960,10041.407908
1384.84082,2048,10052.176252
2932.674805,4096,10071.654623
1391.641992,2048,10082.536568
1453.308594,2048,10093.432649
1390.021289,2086,10105.528706
1379.584766,2029,10116.297416
779.229883,1171,10123.421644
531.441016,880,10129.569911
799.228125,1224,10136.778389
476.466406,818,10142.558908
1448.444141,2084,10153.435423
1303.824609,1996,10165.129288
1428.502734,2080,10176.296671
1316.602344,2027,10186.57348
1409.734375,2063,10197.165836
1325.995898,2051,10208.098449
2903.89082,4107,10227.652193
1313.25957,2008,10238.619768
100.017773,274,10243.140177
1184.589063,1795,10253.289661
1311.600586,2030,10264.145555
1366.811719,2084,10275.423369
1310.065625,2009,10286.189838
1341.856836,2061,10297.883563
1438.358008,2035,10308.206656
1394.889258,2060,10318.477259
1370.694727,2057,10329.294263
1428.210156,2047,10341.213799
1440.856055,2048,10352.146893
1063.977539,1528,10361.206915
236.610742,500,10365.865349
479.754102,795,10370.435268
813.714648,1260,10377.555898
659.996875,1064,10385.148113
2080.453125,3034,10400.373341
2839.056445,4087,10420.894832
1343.144727,2080,10433.046949
1364.671289,2039,10443.311529
1330.777734,2090,10454.54401
1373.175,1988,10465.28892
1419.387891,2052,10487.786219
734.299023,1174,10495.246174
429.044727,710,10501.402502
48.624023,155,10504.526152
1398.908594,2063,10515.995393
1413.799609,2064,10526.92391
1397.663086,2041,10537.834264
1369.576367,2048,10549.61304
1428.42207,2024,10560.549279
1446.13125,2048,10571.084549
913.25332,1377,10579.518485
381.92168,672,10584.895271
1365.464844,2047,10596.17107
1400.574023,1998,10606.976104
12.686914,50,10609.92537
1466.930664,2052,10620.072868
1411.420313,2044,10631.664001
1381.435742,2051,10643.073925
4331.960156,6144,10672.155942
1445.083008,2045,10683.990061
1378.155078,2053,10695.221728
1520.511328,2376,10707.273333
1168.086328,1715,10717.12919
2872.772266,4096,10737.22342
1360.830664,2122,10748.371487
1272.37207,1974,10759.270951
1339.220313,2048,10770.220566
1449.060156,2048,10782.050195
6001.657812,8192,10819.810609
329.885742,609,10824.427335
923.215625,1439,10833.289416
1480.221094,2048,10844.383057
1444.058789,2048,10855.823779
1459.680273,2048,10867.38307
1395.870117,2084,10878.850527
1331.955469,2016,10889.63913
1446.697266,2044,10901.403591
1403.32793,2054,10913.324422
1370.193359,2042,10924.647189
1411.426367,2048,10936.103577
1396.991797,2079,10947.574002
1391.810742,2017,10959.499558
3010.887109,4096,10979.751894
1409.028125,2048,10991.143693
1420.776953,2126,11002.432973
1348.441406,2011,11014.081619
1405.313672,2007,11025.026437
1416.983789,2055,11047.915632
1386.69707,2041,11059.762797
2863.267383,4096,11079.168276
2845.975,4096,11099.668777
1424.683594,2048,11110.334743
1456.485937,2048,11122.649552
1346.720313,2048,11134.550373
1358.35957,2048,11146.568355
1412.059766,2048,11157.077218
2685.380469,4096,11177.516377
1287.873242,2048,11189.587439
1305.700781,2052,11201.239828
1342.859375,2123,11213.236395
2737.555859,4017,11231.988976
1314.581445,2048,11243.03757
1388.755664,2062,11254.898906
1337.291406,2034,11265.953226
2787.245703,4101,11285.136555
1374.86543,2043,11296.995133
2833.907422,4098,11316.138164
1347.35,2060,11326.926572
1426.090625,2052,11338.063245
2930.202344,4111,11358.688411
1427.771484,2015,11369.748345
1378.435938,2048,11381.634106
1418.82832,2060,11393.122753
2665.987305,4106,11413.103387
903.817383,1346,11421.695649
1817.505469,2728,11435.527559
1438.165625,2234,11447.145042
1278.664453,1862,11458.087323
1367.584375,2098,11468.28619
949.796484,1458,11476.34661
1716.337891,2588,11489.619116
1361.076953,2048,11502.441885
1396.117187,2048,11512.61186
612.721875,1006,11519.292867
633.507617,1042,11526.148951
1350.170313,2048,11538.090482
1337.220313,2073,11550.030614
1357.170898,2023,11560.714727
2824.396094,3999,11579.456402
24.411133,98,11594.196899
2762.108203,4095,11613.994502
1316.168164,2048,11625.849933
1423.282812,2106,11637.792561
1287.180273,1998,11649.184583
2725.022852,4088,11668.495111
1315.277148,2048,11679.277197
1416.157812,2048,11690.186868
1309.233398,2059,11702.191152
1371.407812,2037,11712.975268
1440.108594,2078,11725.408237
1329.804492,2018,11735.829073
1334.225977,2124,11748.177468
945.388086,1397,11756.593856
321.713281,578,11762.266079
975.286719,1449,11770.302606
321.198828,596,11776.040904
549.480078,892,11782.999301
642.913086,1017,11789.779638
1425.179102,2187,11801.418397
1288.712695,1912,11812.464973
1460.941602,2175,11824.529583
1.887695,9,11828.37564
1467.669336,2122,11838.926366
1298.444531,1977,11849.527048
2949.215234,4128,11870.198075
1788.623047,2565,11883.100906
718.266992,1098,11890.765173
608.879492,1012,11897.261518
355.371289,605,11902.853831
419.333398,704,11908.64213
39.423437,126,11912.42226
1352.638086,2073,11924.403037
1296.507031,2027,11935.616081
1420.408008,2124,11947.780336
1278.495703,1967,11958.631779
1308.10332,2048,11968.267716
1315.543164,2048,11979.680208
1334.705664,2048,11990.53396
579.573828,925,11997.687072
687.712891,1130,12005.631634
1441.723633,2049,12017.544566
1312.156445,2041,12028.352899
2844.469141,4095,12047.690918
1466.010156,2048,12059.854759
1417.859766,2048,12071.77034
2659.386523,3702,12089.140236
178.175977,394,12094.379233
1418.964258,2048,12105.145315
2950.281055,4158,12124.790364
1011.451562,1580,12133.082572
194.187695,411,12138.106916
2832.125,4144,12158.736241
1411.545508,2000,12179.977259
640.380664,1067,12187.49339
620.042187,976,12195.026389
1364.716406,2048,12206.590597
587.994727,1003,12213.518872
701.062109,1166,12222.26331
1255.781836,1927,12232.31825
1427.811133,2067,12242.804908
3412.576172,4963,12265.670011
399.886328,716,12270.817963
193.138086,446,12274.49362
532.121094,917,12282.030637
701.478906,1131,12289.050311
1358.075,2048,12300.182768
499.153906,842,12307.023946
783.969336,1274,12315.892526
628.411328,982,12322.740821
637.943164,998,12330.258678
522.618359,867,12336.469601
482.560742,789,12342.485862
204.620898,436,12347.018095
1203.19707,1825,12356.534849
66.474609,203,12360.631575
449.577539,758,12366.111224
551.336914,908,12371.211447
509.733789,842,12377.231857
581.299609,926,12382.632126
627.783008,1001,12390.372582
410.983203,672,12395.868837
626.532813,1013,12402.52217
663.519922,1064,12410.173678
1992.45,3081,12426.108211
571.98457,918,12432.03084
2145.437305,3129,12448.183779
1392.543164,2029,12458.80846
4.112891,19,12462.643589
1439.715234,2048,12472.840677
397.578516,666,12478.141286
918.211133,1382,12486.277545
1406.63457,2048,12498.648075
660.406445,1020,12504.770813
682.825195,1028,12511.940784
1409.421484,2048,12524.847605
1379.217773,2048,12536.689794
805.896094,1222,12545.517085
490.480859,789,12550.925369
8.890625,37,12554.403781
1380.063086,2048,12564.510626
1476.711914,2048,12575.095804
1371.161719,2075,12585.836478
1336.549023,2059,12596.447969
1398.731055,2060,12607.216624
1343.541992,2017,12617.813393
1395.317578,2036,12628.861932
1009.264258,1482,12638.15826
309.917383,562,12644.090442
432.817578,705,12648.934835
679.002734,992,12656.163136
1622.945312,2396,12669.814778
935.270703,1394,12679.272449
1884.589063,2723,12694.266258
1246.824219,1811,12704.685881
76.830273,216,12708.721119
2924.558594,4096,12729.15505
1433.424023,2048,12740.602962
1398.35957,2048,12751.58524
487.23418,798,12757.096795
814.482812,1250,12765.806211
1385.156055,2048,12777.721026
1370.104297,2048,12798.60366
1434.139258,2048,12811.515668
1412.547266,2061,12822.433159
1444.010547,2035,12833.255276
363.157227,636,12838.105179
980.732813,1491,12846.901689
1320.106641,1969,12858.151087
1492.124219,2106,12870.383175
442.6,742,12875.439252
3915.208984,5359,12899.849932
974.879687,1431,12908.081157
322.28457,602,12914.212138
830.606641,1250,12921.961858
1999.217578,2846,12937.013242
2942.181641,4104,12957.624806
1369.171289,1975,12968.048468
27.596289,98,12970.676426
1398.847266,2059,12980.64525
1389.119727,2004,12991.351187
696.60957,1111,12997.861957
668.489844,1089,13005.486437
1348.164062,1901,13016.748094
1380.02207,2043,13028.410311
1444.640234,2059,13040.040829
1417.687305,2037,13051.938122
1340.462891,2074,13063.645764
1309.867969,2022,13075.276087
1324.560547,2052,13086.779184
1384.806445,2115,13098.815784
2730.631055,4025,13119.053373
624.019727,994,13126.285098
676.108008,1054,13134.118885
1328.640625,2048,13145.839277
1359.984766,2048,13155.791417
2936.729688,4096,13175.182278
4405.060547,6208,13204.409893
2836.47168,4037,13224.32705
1402.295312,2043,13235.623226
1381.003711,2048,13246.506692
1455.873828,2081,13258.244478
525.886914,876,13264.03258
752.484766,1175,13272.581229
1434.757227,2063,13283.549844
1255.840039,1813,13293.078326
62.418359,184,13296.897602
1435.810937,2048,13307.948986
923.039062,1405,13317.403628
380.896094,674,13323.712591
1445.058789,2030,13334.136993
1353.958203,2035,13344.992321
448.62793,718,13361.538045
897.479687,1330,13369.390258
363.447266,635,13375.21069
910.205078,1413,13383.986667
1416.52793,2048,13395.872276
1386.481055,2048,13407.09148
1329.28457,2048,13417.956285
1360.806055,2063,13429.74656
1314.55918,2033,13440.286588
1353.217383,2068,13450.304247
561.699609,903,13455.687208
699.321875,1137,13463.875885
541.772461,837,13469.455964
799.919141,1199,13477.998632
1454.532227,2050,13488.709218
1348.916211,2086,13499.574287
333.196094,591,13504.265898
627.69707,989,13510.42217
211.564844,428,13515.429996
1383.391406,2048,13526.545606
1204.044922,1718,13536.887731
148.259766,349,13540.784344
1117.732227,1635,13551.040544
189.421094,394,13556.317345
1474.670898,2115,13568.43357
2570.703906,4037,13589.179272
2499.932617,3475,13606.539764
339.761133,613,13612.245629
429.428711,727,13618.628169
852.144141,1351,13626.104733
1436.390625,2018,13637.82299
1242.151563,1833,13648.021879
79.147656,219,13651.306021
2882.209961,4092,13670.897266
558.992773,886,13677.73945
729.553125,1162,13684.8135
1165.070703,1726,13693.628412
136.882617,322,13698.560526
960.210937,1408,13707.237059
398.556641,694,13713.697407
719.688867,1113,13721.00584
465.594727,750,13725.774073
560.388281,932,13733.222511
605.480469,906,13739.222777
143.397461,341,13744.481856
659.779492,1009,13752.063546
702.106641,1050,13760.104081
294.374414,510,13764.920269
334.649414,596,13770.284469
566.542773,931,13776.748097
1124.516016,1603,13785.673412
1252.15957,1882,13796.990127
347.4125,626,13801.638301
917.025977,1342,13810.338732
389.044141,691,13815.258051
1385.35293,2048,13827.523177
1231.464062,1779,13838.020334
119.094727,297,13842.972948
328.242383,600,13847.792846
994.455273,1479,13857.033395
360.132422,622,13861.777517
664.178125,1045,13869.029986
953.315234,1434,13878.614674
2688.390039,3913,13898.391899
607.316797,942,13905.987962
63.829492,181,13910.032279
1345.839648,2044,13920.394312
623.533594,947,13927.481144
478.516406,771,13933.585526
142.227734,336,13938.697926
1912.410937,2982,13953.706869
723.1,1174,13962.707198
270.267773,494,13967.743326
971.354102,1533,13977.704001
1356.356055,2020,13989.129011
1377.433203,2033,14010.441956
930.09082,1380,14018.35822
390.991406,666,14023.132215
673.935742,996,14030.426893
663.163281,1028,14036.663244
5.205859,24,14040.696082
331.833984,566,14045.043659
501.311719,804,14050.511971
398.596875,678,14055.760554
449.639844,740,14061.548529
669.466406,1005,14068.925021
128.88457,303,14072.704632
1119.800781,1617,14082.669834
214.307422,432,14086.985962
1353.974805,2047,14098.517341
804.916992,1210,14105.715076
527.102539,839,14111.487346
796.563281,1199,14119.567828
467.413281,763,14126.064117
20.683984,85,14130.228357
629.047461,943,14137.136892
742.780273,1171,14145.161197
933.763086,1351,14153.497721
361.175781,631,14159.302173
1214.427734,1828,14169.402671
83.632031,220,14173.658776
439.224609,729,14179.987105
869.276953,1336,14188.887728
465.633398,759,14194.259896
697.001172,1049,14201.648327
83.74043,225,14204.748482
1084.692969,1579,14214.185031
232.410742,467,14219.553077
482.041797,769,14226.009704
383.631641,646,14231.897905
327.445898,585,14237.430207
37.040234,138,14240.666851
1807.825,2588,14252.947326
908.43125,1418,14261.950843
451.817383,736,14266.507836
2187.346094,3370,14283.825462
1339.60625,2038,14294.50129
375.098047,637,14299.201622
772.415039,1153,14306.730134
100.323633,258,14309.862066
679.753906,1049,14317.34278
615.66875,999,14323.999722
1403.004297,2050,14335.735921
1328.140234,2053,14347.808992
1683.886523,2483,14360.045208
1182.273047,1610,14370.537859
363.591406,590,14375.381932
608.558008,901,14382.642294
1427.496484,2034,14394.143061
930.863672,1410,14403.139475
378.700391,625,14408.567642
305.342188,580,14414.242658
324.099414,538,14419.628302
980.882617,1510,14427.7747
335.198828,586,14433.025114
348.241211,593,14437.157285
1716.745312,2460,14451.206212
240.021875,457,14456.278624
1334.082031,2048,14466.85515
1328.606641,2049,14477.731641
668.055078,993,14484.831901
651.369141,1054,14492.370169
413.56875,666,14497.940573
369.123047,614,14502.912886
993.917773,1476,14511.993505
665.484766,990,14519.597799
199.385547,442,14525.722653
1021.010742,1500,14534.522737
243.400781,481,14539.762985
1350.011133,2023,14551.800135
2946.705469,4297,14571.905059
517.291602,845,14578.217091
895.607422,1385,14587.029562
2574.486719,3713,14605.548295
440.328125,733,14611.382757
889.700586,1315,14619.990716
821.35918,1297,14628.523762
405.511133,751,14633.689837
800.106445,1289,14641.620513
415.389453,759,14648.463072
545.207031,916,14655.629153
719.916016,1141,14663.977863
1329.926758,2039,14686.006153
1366.615234,2048,14696.976469
420.253125,709,14701.999525
488.262305,813,14708.02792
287.421094,535,14714.140707
1279.799023,1929,14724.048873
1000.462695,1550,14732.749303
321.578906,608,14738.762207
1335.488867,2048,14750.615978
1385.316016,2021,14761.720009
6.134766,27,14764.356851
763.063281,1204,14770.835302
519.582813,950,14777.831699
560.746289,889,14784.228025
674.088672,1053,14791.563448
487.11543,813,14798.084692
785.386133,1253,14806.233371
2776.718359,4078,14826.511092
1345.237305,2048,14837.392465
1364.611133,2048,14848.187462
1364.801562,2048,14860.050211
1400.302344,2157,14871.736794
1267.550391,1939,14882.234518
1308.502148,2049,14893.66993
1320.213477,2061,14905.402812
1323.967773,2034,14917.683743
335.051172,600,14923.691311
932.530273,1448,14932.437881
1344.614258,2112,14944.621769
591.841602,998,14951.756863
589.955859,986,14959.003
2727.815625,4099,14978.379063
1333.17207,2045,14989.622783
447.621094,779,14994.727268
530.453906,902,15000.35947
163.466602,367,15004.723933
2767.952734,4110,15024.601235
1294.930664,2034,15035.057028
1359.483789,2092,15046.886214
1333.544922,2054,15057.258714
428.56543,728,15063.678955
3544.040625,5367,15089.448757
509.959375,841,15095.352603
775.846875,1225,15103.510044
527.18125,855,15109.421374
871.965625,1359,15118.757962
3178.026367,4469,15140.567373
1004.079687,1491,15149.679587
959.052344,1481,15159.15613
324.950586,629,15163.700291
1318.057813,1985,15175.433185
519.614648,852,15181.649266
738.359766,1196,15189.949072
538.180859,867,15194.669975
2249.04043,3229,15211.314589
1396.75293,2048,15222.883568
1369.180078,2048,15234.261088
321.65332,595,15240.180411
927.814648,1453,15249.050849
1378.319141,2075,15261.249653
319.460352,584,15276.410419
2460.843555,3530,15294.659639
839.179687,1322,15302.127829
376.856055,688,15307.788295
1404.339844,1978,15318.240782
21.186328,88,15321.288743
1383.921289,2023,15332.373193
1353.872852,1932,15343.374081
127.387695,313,15347.042101
612.562695,988,15353.366576
415.867969,719,15359.194867
44.475781,144,15362.667367
388.790039,690,15368.387343
886.146875,1358,15376.521992
412.55957,710,15381.904134
901.145117,1352,15391.397047
1381.339648,2042,15402.065645
696.80332,1050,15409.161654
630.142969,998,15416.378148
324.969922,591,15422.186391
388.641992,690,15427.21864
472.198633,804,15433.107573
1393.25293,2008,15443.771659
335.457422,586,15448.287689
954.919141,1460,15458.572468
984.473633,1444,15466.036665
321.823047,607,15472.181257
306.591211,575,15477.905354
972.711914,1467,15486.362679
1473.483789,2195,15497.854698
1347.232227,1901,15508.321052
1388.610742,2048,15520.536576
2880.145898,4096,15540.568575
1489.279102,2151,15551.877429
323.842578,576,15556.105546
2422.373633,3417,15572.653804
1064.819141,1544,15581.350946
281.961719,553,15586.963161
1341.866406,2003,15597.900052
1383.570898,2044,15608.427393
1397.288086,2104,15620.205139
476.160742,761,15626.057368
826.741797,1252,15633.374689
2842.459375,4075,15652.739092
1054.542969,1510,15660.495253
325.827344,587,15665.115541
1386.872461,2105,15675.964246
458.727539,752,15680.868268
348.896094,596,15685.552569
320.004102,594,15691.091529
1719.635938,2520,15704.977776
337.271875,587,15709.533891
654.771484,994,15716.234829
961.218164,1383,15725.734794
334.233008,594,15729.915006
16.298633,66,15733.719071
659.897461,1034,15740.495576
330.91582,589,15744.455742
1257.371875,1831,15754.4444
337.470117,587,15759.85262
12.841992,55,15762.783087
1008.669727,1483,15771.285275
299.819141,565,15776.618462
900.699414,1338,15785.306097
868.106445,1517,15793.374543
819.114648,1241,15801.817374
1367.742578,1950,15811.443642
26.158594,98,15815.306124
435.655078,736,15820.575934
414.745898,728,15825.072193
1896.072656,2632,15838.652903
329.918555,592,15844.457236
315.833398,589,15848.477405
577.555859,957,15854.978326
586.425,956,15861.134197
627.142578,1009,15867.855414
2850.563477,4095,15887.728181
862.129297,1339,15906.424622
345.615625,592,15911.25682
123.1125,305,15915.661042
1282.308594,1854,15926.170407
2697.169531,4107,15945.895538
2824.181836,4274,15965.946137
507.286133,807,15971.460126
665.109961,1052,15978.409307
429.873633,741,15984.308892
846.772656,1307,15992.240175
276.24668,493,15998.045593
1013.403516,1555,16007.739665
1566.6,2236,16019.802956
1330.235547,1884,16029.408547
1719.576562,2479,16043.428723
1114.953906,1593,16052.96177
1533.469922,2236,16064.001396
1354.665039,1896,16074.550901
1428.391016,2012,16086.189984
460.667383,713,16090.702624
577.563672,909,16097.243121
225.733789,448,16101.15524
796.338672,1190,16107.3836
541.151953,844,16113.832268
1150.331445,1692,16123.064565
153.985742,348,16128.13806
455.774023,748,16133.977044
2382.953711,3348,16150.556081
1426.425781,2048,16162.712895
1438.828516,2048,16174.377227
1111.820898,1630,16182.935836
1011.473437,1417,16192.196306
703.697461,1059,16199.572858
1027.038867,1459,16207.065051
350.083398,610,16212.673434
2887.894531,4122,16233.282741
1393.479883,1991,16244.202127
2134.223437,3049,16259.812166
696.883789,1057,16267.212985
1395.137695,2038,16278.641235
1397.155469,1979,16288.665652
16.898242,69,16292.085906
798.953516,1234,16299.446088
519.312109,875,16305.454427
1379.861328,1987,16316.313211
1390.238867,2048,16327.00313
1449.921484,2048,16337.747691
256.910547,473,16342.404406
1100.305664,1575,16351.124965
4358.788477,6144,16379.91066
1447.898438,2106,16392.363297
1613.368555,2314,16404.063988
1183.002539,1724,16412.959578
1456.847461,2056,16424.453251
1461.504883,2052,16435.141812
2915.035352,4084,16454.767074
1169.535156,1684,16463.327145
166.465039,364,16467.875358
369.772461,631,16484.072152
615.645313,940,16489.868457
249.877344,477,16493.934433
586.344922,918,16500.417155
2233.010742,3178,16516.212679
1357.281641,2048,16526.960711
1079.67207,1534,16536.563259
1690.210156,2410,16549.587929
53.005859,155,16553.056064
1348.064258,1874,16564.392708
59.110156,171,16568.410968
1368.175977,2048,16579.881251
1387.398633,2107,16592.318252
1377.960742,1989,16603.751922
1494.702539,2048,16614.995924
1494.775,2050,16625.856078
1240.164258,1772,16635.78055
114.737109,274,16640.000756
637.929492,999,16646.393133
520.232227,802,16652.029431
96.757422,247,16656.242657
1046.787891,1476,16665.370261
333.278125,573,16670.522508
1014.340625,1473,16679.263071
315.663672,588,16684.967399
1445.577539,2034,16696.304422
687.405859,1017,16702.980314
672.923242,1072,16709.952781
1096.602148,1549,16717.633239
245.421875,480,16722.789514
1513.795703,2222,16735.926312
1287.337695,1852,16746.437551
1450.15,2102,16757.999622
1318.512305,2004,16768.692588
2909.581836,4111,16788.189489
616.264844,937,16795.069619
273.978516,488,16798.765832
364.308398,612,16804.322257
1431.308203,2034,16814.869727
361.838281,589,16820.31899
2463.875977,3507,16837.064671
1364.070312,1857,16846.740649
768.732812,1224,16854.044972
435.424609,746,16859.789267
128.556445,329,16863.177425
1400.370703,2008,16874.226194
855.800781,1242,16881.558478
494.336133,794,16887.955142
522.48125,806,16893.883142
825.22832,1247,16901.847832
562.867969,849,16908.096034
442.854883,735,16912.672238
311.017188,607,16917.896544
292.998437,515,16923.296841
460.099023,744,16927.957114
394.590234,633,16932.580798
391.708594,631,16937.85765
895.558789,1417,16945.660971
1307.645313,2048,16958.334208
1306.142578,2048,16969.673394
1295.955664,2048,16981.140557
1327.100586,2048,16991.876298
1333.258984,2051,17002.549452
1327.524219,2045,17013.67587
537.547656,847,17019.162208
741.928516,1201,17026.047882
1343.708398,2048,17038.215949
2791.668359,4131,17057.344809
1393.79043,2013,17069.454558
793.347852,1209,17075.929498
532.341797,839,17082.623505
1299.44707,1817,17103.771131
1483.081445,2279,17115.829354
1360.597461,2071,17128.384542
1392.828125,2025,17140.227189
345.218164,618,17145.233291
979.519336,1454,17153.865969
355.655078,615,17159.394108
964.959375,1409,17168.132472
383.902344,642,17173.462869
1017.202148,1452,17181.971537
539.026367,866,17187.815732
407.035352,651,17192.683899
1702.05332,2541,17206.48118
2777.947852,4088,17225.339202
1478.92793,2110,17236.939297
397.696289,646,17241.786741
2384.46582,3388,17258.529209
1338.27832,2048,17270.153091
1476.962695,2053,17281.47758
1325.657812,2043,17292.872706
1325.434961,2048,17304.33423
2689.426172,4096,17324.516211
1397.777734,2058,17336.744844
2781.578516,4086,17356.709908
590.301953,919,17363.297461
1355.301172,2041,17374.146239
756.294727,1136,17381.431976
1355.689844,2055,17392.752205
1336.656055,2063,17404.800478
473.757031,815,17410.048045
865.663672,1280,17418.13723
1392.808008,1979,17428.647929
1333.984766,2055,17441.218105
1485.785937,2041,17452.628501
1399.496875,2048,17463.640736
1420.016406,2054,17473.696038
1425.233789,2046,17485.528486
1407.856641,2121,17497.113082
1327.742578,2089,17508.709691
1271.07832,1936,17519.718473
1437.920898,2042,17530.137478
1794.651562,2682,17543.167691
920.208984,1414,17551.910429
3007.082813,4232,17571.765337
1275.157813,1929,17581.770015
351.453125,605,17586.937811
944.144531,1426,17595.291023
1402.762695,2048,17605.551579
1396.199414,2048,17617.323065
1329.816992,2060,17628.004421
378.526953,629,17633.172384
394.633008,644,17638.24071
458.924023,769,17644.553376
1421.175,2042,17656.323855
1389.002344,2048,17678.398315
1326.314844,2048,17689.89625
512.933203,856,17695.34787
749.608789,1192,17703.434597
1506.938281,2048,17714.233626
825.841406,1207,17721.997422
579.466602,934,17729.537848
2705.813281,4003,17749.437845
369.944531,619,17755.047195
932.876367,1429,17764.124609
1360.04375,2075,17775.141611
1350.101367,2051,17786.905241
1438.785742,2137,17799.245794
1379.257227,2105,17810.546366
1252.818555,1872,17820.757981
1360.500586,2048,17832.57051
1346.019531,2053,17844.132504
1414.056055,2043,17856.142246
801.626562,1154,17862.40118
552.983008,894,17869.329048
1810.295312,2691,17882.790464
912.100781,1405,17892.172672
2835.222266,4103,17912.760486
340.762109,589,17918.224216
938.170508,1452,17927.338062
1340.4375,2048,17938.125968
1306.954883,2054,17948.754354
1325.520117,2042,17960.508565
1418.457422,2048,17971.956811
1400.978516,2048,17982.248174
665.301953,1071,17989.156114
591.477148,977,17996.383942
1336.487695,2048,18008.321942
409.352148,713,18013.441573
563.142969,884,18019.329771
222.928125,451,18024.360554
563.175781,854,18029.882435
768.910156,1194,18037.912371
1462.080664,2060,18048.175741
1440.560547,2036,18059.421586
561.590234,885,18065.94034
483.013672,785,18071.788645
178.348047,378,18075.928817
1450.318555,2062,18087.662075
1421.475195,2037,18099.654356
759.085547,1140,18106.698691
556.318555,905,18114.1673
503.241016,808,18121.463459
377.863477,627,18126.94379
366.326953,613,18132.762871
1428.720703,2048,18144.545746
1227.09707,1763,18154.913413
121.849805,285,18159.8395
526.879297,850,18166.742022
2234.178125,3265,18183.503169
1320.150977,2029,18194.609602
494.756641,818,18200.127846
630.774609,976,18207.000197
98.408398,254,18211.276789
1699.919531,2421,18225.369309
776.386719,1158,18232.929662
278.92793,517,18239.435222
2117.483398,3362,18255.92713
442.972656,745,21842.099555
1289.564453,2053,21853.692743
1652.016406,2503,21877.977713
1019.262305,1582,21887.406254
274.344922,491,21891.322159
1059.206055,1557,21901.219072
1308.55,2043,21912.646024
1225.380664,1752,21921.48404
128.559961,296,21925.347356
282.62832,513,21930.164386
1049.267773,1536,21938.396928
1309.07793,2047,21949.577423
1320.565039,2048,21962.233027
1347.76582,2048,21973.378678
1378.276563,2048,21984.248389
1346.85625,2048,21995.914769
1385.855859,2048,22007.479537
1148.865625,1688,22016.973351
1677.546289,2408,22030.37114
2830.951758,4040,22050.019427
48.891602,146,22053.383085
1379.528125,1958,22063.534362
473.336328,775,22070.000068
855.028906,1273,22078.301147
1376.960547,2057,22090.60551
2881.975195,4087,22110.19884
1429.419727,2048,22121.257997
497.791406,778,22126.455307
866.531445,1270,22136.006696
1045.345117,1510,22145.692371
287.167578,538,22151.816592
1386.425,2048,22163.995239
1323.421875,1896,22174.590019
49.620508,152,22178.667041
1134.825781,1678,22188.43473
170.6375,370,22193.414612
1412.584961,2048,22204.673602
1407.311914,2048,22216.07714
1452.905664,2048,22228.012666
1469.300781,2048,22238.25856
1442.885938,2048,22249.730208
1373.755859,2054,22261.906971
3281.171094,4843,22285.352307
483.430469,774,22291.624272
1660.057813,2578,22304.929472
1313.188672,2039,22315.724091
2876.268945,4096,22334.574306
1427.448047,2048,22347.766705
1436.399023,2064,22359.052664
1393.273242,2032,22370.966092
1415.508984,2048,22382.418128
1403.590039,2048,22392.973967
1408.833594,2048,22403.85957
1446.495703,2050,22413.751219
1469.104102,2046,22424.804657
1348.089258,2048,22436.396611
1302.478906,2048,22459.268413
500.649414,792,22465.709859
814.453906,1256,22472.822603
1331.555078,2048,22484.822993
1422.141406,2048,22496.686605
1439.437695,2068,22508.821123
1425.97793,2029,22519.425172
1386.620313,2114,22531.449754
2871.584375,4029,22551.710519
1397.277734,2048,22562.399477
1418.005078,2048,22574.089276
1412.083008,2049,22585.344571
459.820508,756,22591.264838
2323.256641,3339,22607.855207
1419.294141,2048,22618.750555
1416.398438,2048,22630.81552
2509.194727,3597,22649.800303
262.550195,499,22655.148801
428.303125,730,22660.548579
955.465039,1390,22668.181082
1093.008008,1553,22676.717618
218.524219,423,22681.702082
1424.998828,2048,22692.47129
1415.195117,2048,22704.511989
1447.595508,2048,22715.407585
1501.716211,2053,22727.476686
374.09043,632,22732.720651
996.201172,1411,22741.62484
369.877344,620,22747.489354
939.465039,1428,22756.430019
1420.535937,2048,22767.778961
1441.167187,2048,22779.22634
456.12168,701,22784.939518
879.472656,1347,22794.70931
1322.110742,2048,22806.180869
1362.373828,2048,22818.47066
543.239844,834,22823.837674
756.42832,1214,22832.203809
1404.956445,2051,22844.146968
1440.526562,2045,22854.513885
1448.705078,2074,22865.465403
1402.491211,2026,22876.941015
1140.037305,1630,22886.673379
201.694531,414,22892.250369
1416.925781,2048,22902.902749
464.937305,761,22909.202588
890.690234,1304,22917.135433
1427.136328,2133,22928.275799
1364.418555,1952,22939.876634
563.087109,881,22946.448682
1248.926367,1771,22956.885382
1024.591602,1483,22966.181823
1414.962109,2003,22976.911941
1422.088281,2063,22988.79945
1394.101562,2033,22999.388459
1451.749023,2048,23010.201511
1475.919141,2048,23021.098077
1400.963281,2052,23031.565716
1407.235156,2057,23053.963142
1475.592187,2048,23064.519539
2567.728516,3561,23081.776597
281.366406,540,23086.677099
1416.84707,2049,23097.04535
1435.570508,2033,23108.314066
1448.954492,2045,23118.650475
1484.758203,2047,23129.486005
1471.266797,2054,23140.716353
1159.77207,1622,23149.392139
216.151367,420,23154.082437
1446.956055,2054,23165.953255
1476.835742,2098,23177.8978
1392.930469,1992,23189.255921
1358.388281,2048,23199.714735
1401.435547,2048,23212.29746
1512.131641,2048,23223.891495
1427.394727,2056,23234.189283
559.369531,880,23240.313216
2360.303711,3255,23257.006372
1347.694141,2003,23267.710956
1459.979688,2069,23279.903638
701.826563,1018,23286.587947
671.822266,1007,23293.844335
2448.195117,3296,23309.713388
495.439063,808,23315.709588
1456.754102,2040,23327.91684
1426.766406,2048,23339.493824
1461.883008,2048,23350.617977
1530.872852,2106,23361.264041
2450.746094,3370,23377.501066
396.776953,668,23383.067732
1479.054883,2048,23394.153757
1406.469727,2048,23405.713187
1458.786328,2048,23417.208205
1507.648633,2063,23429.139954
1482.823633,2033,23439.633668
947.764648,1372,23446.992872
402.44082,676,23452.717041
1452.162891,2087,23464.958015
945.997852,1378,23472.854217
1888.390234,2679,23487.205197
1452.323828,2055,23499.12414
1490.970703,2044,23510.636356
535.814453,852,23516.748644
788.128906,1193,23524.544598
1479.456641,2048,23535.430596
3073.220898,4096,23554.527858
1486.617578,2048,23566.041396
1484.618945,2106,23578.388223
1453.800781,1995,23588.920888
1372.614844,1932,23599.445354
33.897266,111,23613.136417
3024.337305,4155,23633.223426
1415.722461,1996,23644.280096
2896.543164,4089,23663.06319
6710.942383,9158,23703.487712
735.356641,1085,23710.88355
1437.28457,2045,23721.258827
1496.479102,2066,23732.080774
1434.002539,2030,23743.886929
3047.145508,4096,23763.251578
1508.103516,2048,23774.487032
1437.940234,2048,23785.244365
1462.206445,2088,23797.620501
2810.173438,4064,23817.018473
1387.619141,2040,23828.681221
1417.197266,2048,23839.976066
1514.916992,2080,23851.067377
3012.72793,4075,23871.225435
1473.334766,2042,23881.829201
1475.298633,2043,23893.239549
1447.992187,2048,23904.849453
1523.522266,2202,23916.815303
1332.413867,1894,23928.814127
1421.92793,2048,23940.500031
1478.531641,2048,23951.195497
1456.948437,2048,23962.856137
1468.402734,2048,23974.4624
1429.810352,2048,23984.654487
1467.258203,2048,23996.259623
1452.64375,2051,24007.088066
1519.186914,2183,24018.396585
1406.920508,1910,24029.091514
1506.226758,2049,24040.361811
1400.743359,2050,24051.782522
3131.661719,4093,24070.904708
1444.038477,2048,24083.046682
1600.809961,2170,24094.54891
1376.842773,1926,24105.564583
1437.239844,2048,24116.330867
1487.89082,2048,24128.427475
1504.732031,2063,24140.043683
1463.124414,2134,24161.625757
1384.775391,1947,24171.720631
1424.323438,2103,24183.34578
1486.145508,2003,24194.122572
1513.719336,2053,24204.919339
1531.839844,2206,24216.323642
1308.746094,1876,24227.012179
1496.181836,2208,24238.452848
4509.503711,5990,24266.419953
1495.610547,2051,24277.731611
1456.08125,2038,24289.076295
1351.31582,2048,24300.656628
1462.171289,2048,24311.192329
1463.941992,2048,24322.791562
1455.126172,2048,24333.890731
1511.550781,2064,24345.29114
1447.558203,2032,24357.066186
1465.418555,2048,24368.463666
1481.063086,2186,24380.732647
1407.845117,1910,24390.833223
1521.133984,2048,24402.878476
2976.591406,4096,24423.442619
1370.301758,2049,24434.211652
1447.233398,2181,24445.104242
1264.961328,1914,24455.525877
1314.074609,2055,24466.533607
1550.526758,2041,24477.314254
2666.613281,4096,24496.773093
1398.36875,2048,24507.96673
1260.212305,2048,24519.303665
1473.324414,2048,24531.627018
1342.732422,2067,24543.369661
2872.201758,4077,24562.629029
1501.824609,2051,24574.151394
4541.647852,6141,24602.09641
1453.430078,2048,24614.333076
1535.901172,2079,24624.875396
4300.232617,6113,24653.55163
1513.385352,2100,24664.584393
3014.843164,4092,24685.003556
1479.044141,2012,24706.89082
1524.148242,2157,24718.695436
2915.102734,3975,24738.771851
1490.236133,2048,24750.984459
2964.04375,4103,24769.518702
2900.791016,4091,24788.575403
1477.089453,2070,24799.519946
1229.848633,2024,24811.016099
2538.655469,4096,24831.511524
1459.246094,2048,24843.3299
1262.345117,2048,24854.221714
447.4625,749,24859.555089
876.855078,1299,24868.453764
1471.106836,2070,24878.900301
4171.317578,6122,24907.17785
1462.619727,2049,24919.210855
1166.559961,1642,24927.923091
199.948438,415,24933.419357
1555.81582,2109,24944.028
1394.294336,1977,24955.337507
2822.76543,4101,24975.478129
1204.211914,2062,24987.022742
1215.05332,2029,24998.132678
971.979883,1398,25006.771353
1961.977148,2944,25021.576393
1079.782617,1823,25031.936926
1498.610352,2085,25042.785501
1158.456641,1990,25053.108857
1433.619531,2063,25064.978892
1448.829883,2033,25077.337816
900.706445,1332,25085.735813
431.082031,716,25091.129831
1433.389063,2056,25101.525562
572.101758,895,25107.633047
762.675977,1145,25114.820914
1548.526172,2058,25126.830284
1457.679687,2051,25138.126908
1205.531445,2035,25148.512574
1391.955078,2048,25160.029683
1276.456445,2048,25170.483158
1266.360742,2048,25182.653024
1437.685156,2048,25194.594329
1440.645508,2048,25205.793749
1471.79375,2093,25216.767272
855.563672,1260,25225.143591
464.449219,743,25230.165865
1225.858984,1700,25240.324502
201.40957,444,25244.797278
529.679102,816,25261.029539
382.658594,634,25265.677845
266.253711,502,25270.451042
1526.595312,2142,25282.914913
1297.847461,1888,25293.679419
93.675391,258,25298.095665
269.471484,485,25303.04786
947.345703,1371,25310.62009
268.300781,488,25314.500483
1144.188867,1708,25323.185061
2829.768359,4180,25343.57046
1299.645898,1819,25352.958755
427.000195,742,25359.519015
970.632422,1463,25368.219583
467.299805,718,25374.375916
2293.058203,3342,25390.237579
4042.483984,5515,25415.550597
344.650586,654,25420.682427
592.086133,942,25427.658872
648.213477,957,25435.111817
666.730273,991,25442.19561
706.110937,1057,25449.019542
287.773242,500,25453.656296
542.748047,896,25460.24864
397.985938,655,25466.476909
512.151758,802,25471.17326
1419.439648,2052,25481.505959
670.317578,1065,25488.66226
112.477539,304,25492.514385
1316.631836,1923,25503.863355
262.96543,485,25507.611179
991.724609,1558,25515.791225
1519.555078,2048,25527.626093
559.918359,959,25535.71329
410.788672,659,25541.565136
219.77168,430,25546.832663
1505.698828,2048,25558.724467
2531.855078,4096,25577.581002
1560.402344,2242,25589.623939
267.533398,486,25594.988044
637.119336,957,25600.400558
203.897266,411,25605.82624
779.336719,1132,25613.061226
614.591602,1038,25619.637467
636.238672,968,25626.465967
459.982227,710,25631.406084
1320.125977,1861,25641.382805
273.088086,554,25646.238961
641.000391,954,25652.927369
608.408398,981,25659.248004
725.852539,1193,25666.080153
295.214062,504,25670.316323
235.354102,513,25674.612456
507.058594,796,25680.628883
709.20918,1084,25687.097832
620.66582,903,25693.669624
759.622656,1145,25700.678816
1399.255859,2052,25711.97495
1560.638867,2176,25723.464396
1184.541602,1943,25734.516193
1648.232812,2256,25747.276747
1102.555859,1535,25756.297149
665.662891,1043,25763.229557
821.678906,1403,25771.793944
409.875977,725,25776.814284
770.630664,1203,25784.230304
552.58457,848,25790.526928
1499.992969,2181,25801.735759
698.72832,1137,25808.800173
1064.384375,1596,25817.30856
179.700977,382,25822.036065
1076.835352,1538,25830.737232
275.333398,496,25834.841412
2557.98457,4110,25854.177155
1321.534961,2048,25865.519971
1359.970312,2048,25886.436092
1385.704883,2111,25897.129034
1268.843555,2102,25907.577557
1373.021094,2035,25917.934186
3877.036133,6040,25945.524638
1261.284961,2092,25957.416319
1448.027148,2004,25969.181871
1191.305469,2048,25981.013315
591.518555,907,25987.569937
804.938281,1248,25994.698317
435.462891,723,26000.15861
1857.274805,2552,26012.691559
3438.859961,4810,26034.895628
1451.058984,2048,26045.564131
1479.691602,2156,26057.729951
12994.874805,18476,26138.395606
1413.891797,1896,26149.829888
1522.49707,2185,26162.007753
1374.30957,1911,26172.778481
1458.87168,2059,26183.368969
549.804688,835,26189.673133
268.301367,484,26193.541238
513.908203,864,26199.001653
1319.521094,1902,26209.845918
1106.651563,1603,26219.426797
223.790625,445,26224.346467
3084.129687,4218,26245.172493
1350.925195,1926,26256.079503
1454.272266,2048,26266.061801
623.677734,977,26271.81765
763.721289,1217,26279.574221
1313.523242,1902,26289.965454
4687.355469,6296,26318.640733
1442.330664,2023,26330.054131
623.423633,1002,26336.577282
555.919141,919,26342.912718
1490.631836,2166,26353.86631
1414.17793,2035,26364.802898
1514.133789,2220,26376.667886
1268.120312,1771,26385.872425
1473.279102,2048,26397.582712
1467.416406,2171,26418.826002
1208.222656,1723,26428.662521
1549.556055,2253,26440.143224
1539.257422,2194,26451.007765
2901.234375,3953,26470.501741
1198.858203,1654,26479.15321
1716.540039,2471,26491.958768
2376.370898,3347,26507.487048
499.877539,769,26513.083069
1329.153516,1993,26524.196833
432.386523,680,26528.335875
997.344336,1376,26535.788741
1443.892773,2040,26546.044791
1428.470312,2060,26558.337862
3029.087695,4084,26577.165978
1444.78418,2048,26588.196568
342.494922,617,26592.279449
2427.941406,3479,26609.862995
1454.441992,2048,26620.535193
1616.983789,2196,26631.741767
1864.964844,2547,26645.106592
929.248828,1401,26652.825432
2199.743555,3008,26667.767874
750.216406,1088,26674.715981
995.637891,1415,26682.852441
1943.372461,2784,26696.489329
333.43125,621,26701.125467
1022.237305,1530,26709.946033
540.524609,828,26715.958273
430.779883,740,26720.498461
807.633594,1127,26727.706983
2456.403516,3396,26743.816066
1372.232422,1898,26754.672799
1437.739844,2045,26765.190805
1425.055859,2048,26776.437624
748.273047,1070,26782.390033
636.189453,978,26788.822444
670.27832,959,26795.326636
736.117969,1089,26801.843762
364.49043,618,26805.699214
1636.716992,2538,26818.784149
627.599219,940,26824.540466
1435.327734,2048,26836.559156
1548.325,2193,26848.581762
1325.76582,1977,26859.898409
1379.92793,1978,26871.947112
1500.362695,2198,26882.779698
2108.042383,2797,26897.416519
333.283789,618,26901.276423
307.494141,545,26906.112721
436.475391,748,26910.900943
895.305664,1282,26918.900813
1181.725781,1642,26927.98194
208.245703,409,26931.782096
1494.58457,2045,26942.217683
1537.236523,2056,26952.555532
1098.793164,1633,26972.168203
270.685156,543,26976.612334
1218.920313,1913,26987.545034
1019.864648,1480,26995.12954
1664.844922,2265,27005.922105
1513.720313,2073,27016.210636
148.750586,325,27019.51777
1504.142969,2105,27030.856664
1417.419141,1991,27042.099934
426.324414,748,27049.024261
748.944727,1172,27056.38467
53.484766,164,27059.384676
393.84375,709,27064.473061
925.000586,1303,27072.570139
2208.571289,3008,27087.102455
740.169531,1088,27093.190146
3041.270117,4201,27112.015862
4187.488477,5965,27139.18951
1560.927148,2122,27150.460644
1515.343945,2048,27161.638063
1525.07832,2048,27171.964936
423.354297,673,27176.322998
1056.978125,1507,27184.40749
1436.247656,2036,27195.388188
1452.501562,2071,27206.800779
3135.118555,4087,27226.755932
2818.553711,4055,27246.743164
1770.408398,2478,27259.263657
1152.412109,1652,27267.612025
670.769531,979,27274.100335
320.026758,534,27277.904387
207.109961,408,27281.837587
282.474219,498,27285.432882
1084.710742,1667,27294.3174
2486.360742,3502,27311.258463
327.960156,595,27315.698515
489.679492,802,27321.56683
1502.182422,2234,27333.1796
613.865039,942,27339.169677
373.307617,582,27344.65607
979.011328,1466,27353.062288
553.684961,826,27357.948851
717.773242,1057,27363.689135
1704.517187,2262,27375.2539
741.616016,1173,27381.686121
551.060742,826,27387.41808
1040.791211,1533,27395.602985
383.18418,676,27401.879161
800.423633,1179,27409.423538
438.435938,708,27415.299365
1443.25,2048,27427.089719
4100.428516,5531,27453.438362
288.989844,502,27457.762144
86.41875,257,27461.318313
761.229102,1143,27468.406791
559.202539,899,27475.067133
1078.384961,1457,27483.427648
253.383594,453,27487.54785
412.520703,668,27492.840019
1174.165039,1782,27502.164744
1241.737891,1807,27511.537226
1383.23418,2007,27522.749839
1313.96543,2031,27544.90699
1439.435742,2064,27555.83166
2776.458789,4086,27575.517031
1364.034375,1943,27586.229373
1362.179297,2042,27597.118158
1401.7875,2048,27608.511684
1029.114453,1495,27617.547049
320.31543,553,27621.93835
1286.096484,1717,27632.427772
1678.28125,2271,27644.864445
33.912891,108,27647.71033
1577.567383,2192,27660.133231
1249.561914,1748,27670.293746
470.176953,805,27675.957967
2509.961914,3332,27692.307079
700.591406,1131,27699.571285
2087.884766,3080,27714.317206
3060.323438,4203,27734.021449
996.468359,1513,27743.521793
278.85293,545,27747.949927
717.8625,1107,27754.52227
522.800977,824,27760.809532
1477.254297,2048,27773.118401
951.838867,1374,27782.44789
277.851758,495,27786.556009
63.447266,179,27789.175626
1454.208008,2048,27799.307497
1202.067188,1717,27809.445313
146.919922,331,27813.872571
555.958984,845,27821.845972
857.976562,1361,27829.326421
1767.990039,2570,27842.327229
1954.278906,2908,27858.252159
281.121094,515,27862.832546
2789.769336,4191,27883.013632
282.949414,497,27887.509542
985.336719,1451,27896.798125
1468.399609,2155,27908.682876
443.363867,768,27914.131004
845.258594,1183,27921.595673
1399.131055,2036,27932.250652
1386.285742,2048,27944.000019
2817.941797,4096,27963.353302
1394.475195,2048,27973.965347
1486.729492,2205,27984.639135
1299.873047,1891,27995.435276
547.846094,823,28000.167664
796.005469,1225,28007.426745
1473.800391,2167,28018.540815
1394.588672,2024,28030.005461
687.589062,1012,28036.545761
642.676758,941,28042.970336
1489.233984,2048,28055.229801
1422.909375,2048,28066.526779
1490.182422,2150,28077.692114
1375.95293,1946,28088.35715
2739.977148,3703,28107.165939
1755.18457,2441,28130.250537
1509.056836,2129,28140.975501
1534.905469,2123,28151.928229
2755.466602,3772,28170.617326
765.934766,1121,28177.529395
846.095703,1324,28185.317903
1022.024219,1428,28193.470341
1736.429492,2442,28205.99524
1486.035547,2156,28216.751748
1364.217969,1941,28226.752326
3005.98418,4092,28246.05431
4532.743945,6308,28275.807356
1432.704102,2002,28287.463574
1413.775977,1937,28298.796302
1584.815234,2159,28310.040824
1122.39082,1583,28319.889363
1128.833203,1587,28329.51375
467.591797,808,28336.517611
295.859375,506,28340.962328
2515.92207,3590,28358.819208
2642.663867,4212,28378.664936
1716.71543,2599,28391.649311
845.983594,1381,28399.659575
717.885352,1077,28406.749934
2239.753906,3166,28421.926991
1602.595898,2421,28434.307623
1137.325195,1655,28443.00089
1350.412109,1931,28452.952681
1291.285937,2038,28463.969809
3016.522461,4096,28484.034585
1555.84043,2123,28496.311016
1237.997461,1844,28505.53949
59.339453,176,28508.519449
1347.011719,2001,28519.729
2898.650781,4223,28541.037659
927.819531,1310,28549.285858
1832.083203,2757,28563.562772
923.964258,1389,28572.483058
362.929492,651,28577.587317
1397.175,1958,28587.912207
1490.343359,2048,28599.767985
1442.207617,2048,28611.524741
1442.765625,2033,28621.70187
1460.634766,2063,28632.930333
1493.652344,2059,28644.727438
1500.638086,2181,28656.767893
1431.137109,1965,28678.468935
739.784375,1147,28685.189221
564.451367,990,28691.453551
1350.638867,1898,28702.32685
1522.057422,2048,28712.739305
1302.612695,2064,28724.835586
2808.112695,4080,28744.860597
1588.676953,2163,28756.633257
2870.324414,4086,28776.442699
1305.642773,1899,28787.174945
11.091406,44,28789.51292
1334.383008,2167,28800.704894
1516.145117,2071,28811.976317
1399.375781,1906,28822.532242
1308.654297,2048,28834.138147
1563.102344,2222,28846.495449
1733.650195,2427,28859.658922
1036.048242,1495,28868.162954
1277.203906,1813,28878.647963
89.599609,235,28882.171905
382.910156,630,28886.700258
2500.832031,3466,28903.603465
4444.135742,6151,28932.491586
2874.624023,4089,28951.399976
2577.90957,3430,28968.121033
397.262305,666,28973.342948
1545.562305,2194,28985.897981
1290.599414,1748,28995.926499
1622.644336,2202,29007.537429
1574.136914,2103,29019.49191
1437.283008,1993,29029.838911
3001.200391,4230,29050.801827
2929.433008,3966,29070.491325
1488.280273,2167,29081.167369
4363.764844,6021,29108.946129
1452.469141,2048,29119.14476
1438.543164,2048,29129.625081
1477.914258,2052,29141.318853
1422.799609,2055,29151.611547
1438.055078,2037,29162.637515
1489.763672,2048,29173.310218
1513.973633,2052,29184.369258
1216.308008,1682,29193.213616
611.376367,1059,29199.317925
960.569922,1472,29218.643011
1453.07168,2082,29230.204011
520.484766,883,29236.843946
598.653711,915,29243.248312
25.846289,95,29246.219319
691.886328,1127,29253.164821
595.760156,921,29259.766188
323.708398,607,29263.853434
2614.766797,3639,29281.686798
2819.147266,3947,29301.311856
1477.382422,2047,29312.042875
1534.668555,2173,29323.674056
1434.633984,1923,29334.828226
1488.700977,2171,29345.254079
1958.132031,2983,29359.999006
577.769922,990,29366.569554
1271.603516,2104,29377.364005
1279.1,2130,29388.640491
4469.042187,6605,29418.858649
2398.591016,3497,29435.955671
1290.234375,2048,29446.558897
1269.063477,2048,29457.637653
1428.724609,2048,29468.147183
2748.00957,4096,29488.108136
392.789453,705,29494.530229
2156.5875,3391,29511.599388
1270.531641,2048,29523.044396
1396.908398,2048,29533.416234
1319.585156,2092,29543.917267
1413.604687,2004,29554.490422
6031.375977,8298,29590.836208
783.800977,1231,29598.156121
415.888672,711,29603.80359
3138.741211,4238,29624.745861
534.887695,849,29630.865852
446.0375,759,29636.006125
163.039258,362,29640.918414
777.145312,1162,29648.122869
543.110352,822,29654.594523
1508.076562,2176,29666.208009
1450.561523,1978,29676.936526
1406.994922,1990,29688.207155
1452.071094,2050,29699.413897
1551.383398,2048,29709.97843
1412.472656,2046,29721.362509
1487.151367,2048,29731.79456
969.473242,1405,29740.512023
2015.643945,2814,29754.756947
306.775391,595,29769.969537
909.411133,1331,29778.150061
900.780859,1300,29786.274477
490.880859,780,29791.634754
1507.348242,2015,29801.79536
1554.436523,2201,29814.908256
427.114844,672,29819.832336
862.016406,1223,29827.253149
2352.178711,3304,29844.057921
494.875781,792,29850.78231
403.654687,648,29856.550315
982.779297,1402,29864.178876
1482.921289,2046,29876.263103
1317.546094,1809,29884.868021
1726.213672,2287,29896.507796
3168.808008,4096,29916.03532
1569.34668,2048,29926.974364
3162.766797,4100,29947.319968
1513.212109,2044,29958.680614
1454.903711,2048,29969.054272
2400.921094,3349,29985.6178
467.520898,799,29991.690607
3102.821875,4050,30010.743463
1516.919922,2042,30021.926434
2501.877148,3515,30038.468714
1917.644336,2631,30052.137473
1582.52832,2046,30063.635364
3025.659961,4223,30084.627349
2965.216992,3969,30104.577646
3154.325195,4236,30125.849565
1354.96875,1908,30136.989888
4403.404492,6268,30166.724007
1457.423633,2047,30177.680201
1050.988281,1448,30185.824724
1364.161328,1992,30196.52132
339.680664,650,30201.361445
1441.010156,1931,30212.00085
1509.641992,2093,30223.866847
3071.417773,4040,30242.623984
1566.824023,2197,30254.224462
622.705273,970,30260.844776
593.817188,940,30267.371802
1921.583008,2592,30280.138011
1032.7125,1504,30288.47915
1546.305664,2048,30298.827359
1484.517383,2048,30320.583857
1187.735547,1659,30330.008606
252.655273,539,30334.360764
522.233008,813,30340.149074
781.326172,1204,30346.753517
2269.064258,3004,30361.706513
643.227344,995,30368.32343
895.434375,1251,30375.755206
1996.963086,2901,30389.96403
3183.737891,4167,30409.225288
2090.132031,2839,30424.08202
1160.421875,1932,30434.630526
2434.705664,3290,30450.191909
799.516992,1180,30456.727549
1998.59375,2864,30470.220466
2791.253906,4130,30490.040172
3527.455078,5049,30513.703232
781.347266,1225,30520.747148
1449.254687,1977,30531.595893
1302.334766,1989,30542.390504
561.742383,876,30547.820545
540.099219,822,30553.128831
238.199805,456,30557.545021
906.118945,1309,30565.241546
413.368359,761,30570.46983
1258.214062,2045,30581.834651
2115.216992,2928,30595.95545
301.057617,520,30599.875393
280.957812,523,30604.256102
441.170312,690,30610.355967
848.055859,1225,30616.98438
598.783789,966,30623.012739
659.854297,983,30629.985064
92.030078,232,30633.449863
818.157813,1194,30641.381732
1397.128125,2073,30651.786503
521.307422,829,30658.637569
570.652734,921,30664.171057
1368.776758,1943,30674.555654
857.75293,1232,30682.020695
1571.125781,2086,30693.557415
323.932227,537,30697.860826
1017.90293,1473,30705.934005
530.397852,779,30711.5096
489.041406,802,30716.613885
563.5125,952,30723.734293
2504.689453,3322,30740.459455
1197.236719,1731,30749.863936
360.569727,611,30755.464227
844.404102,1254,30762.31239
367.272852,580,30766.452611
75.703125,209,30769.301382
1951.449805,2758,30783.613738
931.676172,1338,30791.137657
612.558984,981,30798.850418
588.958203,943,30805.010761
1549.071094,2287,30818.012866
1178.435352,1664,30827.316107
1328.913086,2048,30837.772724
1002.438086,1476,30845.769069
553.041016,841,30851.350067
272.64375,515,30855.373507
812.896875,1153,30863.225997
174.622461,380,30868.515867
1516.335547,2048,30879.776346
574.79668,908,30895.443822
744.351562,1140,30903.744709
1368.018945,1887,30912.928843
70.565625,202,30916.097082
896.736523,1390,30923.633382
352.667969,617,30929.406683
1490.789648,2116,30941.18643
1237.667773,1784,30950.3149
75.549805,196,30953.771458
975.13125,1369,30962.167509
401.785938,679,30968.161491
1442.490039,2048,30980.149129
1367.719336,2183,30993.16121
1238.13125,2047,31004.133711
1038.595117,1454,31012.206116
250.342188,460,31017.52853
1291.565234,2048,31029.314367
2584.390234,4096,31049.544047
1061.170508,1558,31057.652543
610.112305,1109,31065.268855
846.980859,1238,31072.917284
495.010547,830,31079.505567
600.726172,887,31085.917835
299.34707,521,31090.202019
1129.201758,1577,31099.414682
1350.274023,2119,31110.331305
687.437305,1065,31116.711549
302.951758,532,31121.731794
304.220313,527,31125.975902
131.540039,325,31129.367442
330.2875,600,31135.15647
353.706641,617,31139.240689
532.722461,831,31145.943978
284.566016,509,31151.517319
317.481836,591,31155.513593
558.077539,913,31161.285887
379.923437,685,31167.094153
324.318555,601,31172.330434
544.775781,963,31178.198769
473.348047,848,31183.91906
300.320703,583,31188.071333
237.634375,451,31193.43463
512.282031,884,31199.56387
297.051367,516,31203.932021
351.628711,616,31208.044287
405.937109,659,31213.788606
275.721289,505,31217.71677
279.048047,507,31221.432997
204.417383,409,31225.587561
311.074023,528,31230.245411
284.760742,512,31234.513632
385.681836,643,31238.813888
164.908789,365,31243.51792
299.22207,519,31248.742396
335.703711,609,31254.602816
346.979883,612,31258.68699
124.14375,308,31261.953456
281.668945,505,31267.451446
291.914063,517,31271.647676
368.195703,630,31275.671837
234.313672,532,31280.032108
337.611133,608,31284.40834
628.542773,949,31289.956677
174.275781,435,31293.916856
1294.91543,1968,31304.255684
264.967187,499,31308.789644
480.519727,732,31314.58197
301.797461,531,31320.162248
114.149023,286,31323.360754
293.160938,516,31328.378682
348.174609,560,31333.094942
599.338086,975,31340.535571
362.504883,576,31345.087532
360.296094,632,31351.003991
362.527539,628,31355.276118
366.324805,669,31360.016414
712.785937,1081,31366.04469
336.516406,587,31371.041022
1468.072852,1968,31381.106394
1519.60957,2064,31392.402382
1346.016797,2032,31403.964842
306.635937,534,31409.086936
1019.494922,1545,31417.367602
572.270898,908,31422.719785
345.467773,617,31427.291989
1815.748047,2613,31440.112877
351.611133,563,31445.513029
739.528906,1093,31451.937342
135.283398,319,31455.230239
307.169727,524,31460.829761
347.978516,632,31465.105932
559.767578,965,31471.627167
432.500586,691,31476.882638
406.530469,619,31481.774904
392.777539,652,31486.279119
344.260352,636,31490.955408
373.182031,585,31496.267595
413.726367,670,31500.959919
91.450586,247,31504.456017
624.63457,879,31509.964422
754.831055,1084,31516.360792
1.465039,8,31518.961109
828.620898,1176,31525.281339
611.627344,1018,31531.513613
369.883203,582,31536.273803
570.769336,923,31542.246099
466.05293,769,31547.890477
1098.860547,1676,31558.466877
4457.875586,6285,31586.565062
320.322852,538,31602.949388
537.518164,832,31607.997619
285.916602,537,31612.038216
701.614063,1093,31618.522239
1546.286719,2255,31630.0231
539.895117,890,31636.36328
314.427344,534,31641.111457
363.742188,637,31645.295628
283.318164,505,31649.275865
91.065234,230,31652.477913
560.644336,824,31658.0804
343.190039,626,31662.480673
304.731641,535,31666.520803
829.255469,1289,31675.949409
502.321289,832,31681.257936
398.620703,658,31685.693829
525.617578,895,31690.970109
270.919531,485,31695.604688
1736.924609,2443,31709.527331
313.355859,589,31713.699374
322.778906,597,31718.951633
952.026172,1443,31727.004197
715.835156,1072,31733.881055
1038.809766,1516,31742.901086
314.445312,583,31747.273132
1004.720508,1533,31755.233729
246.509961,464,31759.688319
1537.33125,2059,31770.026747
275.273437,496,31774.630578
1121.220312,1722,31783.487333
1058.548047,1458,31791.927679
263.946094,556,31795.936332
1285.725391,1901,31806.55305
386.791602,652,31811.008624
1006.42793,1450,31819.305108
401.812305,655,31823.637246
829.887891,1403,31831.533817
2653.745703,3618,31848.9349
217.000391,418,31853.63108
1140.991406,1569,31862.087451
310.963281,596,31866.675623
1423.573828,1927,31877.63777
815.929492,1173,31883.980564
572.288477,875,31890.308512
871.586133,1211,31896.90929
532.025195,806,31901.965487
2417.686523,3386,31918.35469
2955.976953,4319,31939.279953
3348.067187,4723,31961.621076
1276.207813,2024,31972.345447
729.657422,1108,31978.733716
1016.689648,1466,31986.962295
970.230273,1437,31995.183468
3086.105469,4189,32015.844083
1321.514062,1955,32026.340057
1494.049414,2088,32037.313048
2983.220703,4062,32056.947068
2995.331055,4090,32076.583572
420.56543,677,32081.547222
3081.421875,4360,32102.004731
615.736328,952,32108.004687
50.017969,155,32110.860797
568.185156,856,32116.537193
743.854492,1106,32123.64966
463.97168,702,32128.709792
738.31875,1086,32134.914227
150.385352,346,32138.211293
360.900977,573,32143.162561
319.855273,537,32148.222801
661.686719,938,32154.578567
1297.942773,1776,32165.271887
370.025977,632,32170.736167
745.666406,1127,32176.880434
328.11582,545,32180.94071
3.223633,16,32194.20396
1467.623047,2061,32204.694654
1423.739063,2035,32215.448879
1523.875781,2048,32227.011307
1447.662695,1923,32236.39985
39.967383,125,32239.192357
1305.606836,1919,32249.036521
146.419336,335,32252.876543
1289.282617,1842,32263.120956
1525.780273,2210,32277.170105
993.257227,1382,32284.8024
267.067188,508,32289.402748
602.545898,934,32295.190918
401.029883,642,32300.855196
241.578516,468,32305.352828
1405.590625,2048,32317.869525
1449.748047,2205,32329.284829
429.054297,738,32335.009036
817.92168,1268,32342.99029
950.195117,1322,32351.133993
405.454687,709,32356.106203
1145.555078,1668,32365.426813
144.831641,323,32369.655499
2489.583398,3627,32386.404072
1549.159375,2566,32399.100668
407.55918,655,32403.564693
895.692383,1303,32410.914303
3346.73125,4532,32432.400774
