#{"t_start": 1566933263.1237855, "env_id": null}
r,l,t
0,293,1.285417
0,671,2.68441
0,298,3.321379
0,822,5.775546
0,548,7.017374
0,231,7.540704
0,448,8.705463
0,246,9.224316
0,290,9.792236
0,235,10.35009
0,376,11.596842
0,285,12.203209
0,197,12.584301
0,363,13.435661
0,231,14.168411
0,211,14.615708
0,257,15.238007
0,246,16.1642
0,210,16.607101
0,179,16.995928
0,198,17.485906
0,159,17.937208
0,216,18.517984
0,218,19.139171
0,269,19.769245
0,177,20.22617
0,223,20.721442
0,183,21.527718
0,183,21.914921
0,165,22.282025
0,241,22.889928
0,178,23.264791
0,173,23.659519
0,174,24.09718
0,180,24.441961
0,207,24.841831
0,178,25.211503
0,170,25.638896
0,208,26.482965
0,193,26.880361
0,208,27.336256
0,241,27.854802
0,205,28.310353
0,311,28.952672
0,212,29.380051
0,226,29.833011
0,162,30.158937
0,304,31.219845
0,325,31.841783
0,349,32.591024
0,362,33.574293
0,339,34.494505
0,504,35.668033
0,344,36.8704
0,323,37.58696
0,416,38.453708
0,324,39.157087
0,273,39.802257
0,535,41.475202
0,329,42.194897
0,435,43.050865
0,463,44.387479
0,337,45.133201
0,416,46.517932
0,313,47.215993
0,327,47.861905
0,335,48.714071
0,304,49.428463
0,341,50.251282
0,391,51.514851
0,341,52.330537
0,336,53.045725
0,323,53.773188
0,334,54.449875
0,313,55.251659
0,440,56.489991
0,459,57.429931
0,464,58.426546
0,433,59.461713
0,383,60.367116
0,455,61.931194
0,475,63.071035
0,450,64.271645
0,423,65.320125
0,487,66.432993
0,470,67.938667
0,552,69.05042
0,487,70.09411
0,472,71.0072
0,458,72.314395
0,672,73.865031
0,589,75.040289
0,464,76.39824
0,509,77.631969
0,493,78.741989
0,492,79.795255
0,521,81.338245
0,587,82.672556
0,467,83.613275
0,479,84.719945
0,552,86.335642
0,590,87.599854
0,545,88.707244
0,553,89.944814
0,553,91.436296
0,556,92.784031
0,575,94.128525
0,575,95.28239
0,576,96.853377
0,493,97.929816
0,562,99.225316
0,478,100.241587
0,670,102.089756
0,615,103.456796
0,591,104.591163
0,579,106.232749
0,551,107.391921
0,710,108.973117
0,588,110.63583
0,557,111.912097
0,564,113.289219
0,583,114.723945
0,691,116.717117
0,634,118.033032
0,660,119.426503
0,663,121.325827
0,657,122.729218
0,675,124.104769
0,582,125.712349
0,644,127.445614
0,590,128.786967
0,592,130.534008
0,605,131.898849
0,596,133.292753
0,569,134.545489
0,557,136.154302
0,484,137.254373
0,591,138.655529
0,566,139.890211
0,588,141.524698
0,641,142.889668
0,726,144.393883
0,739,146.393954
0,653,147.775257
0,610,149.058147
0,578,150.871437
0,626,152.263596
0,568,153.480874
0,757,155.456448
0,628,156.876542
0,579,158.173797
0,761,160.165127
0,765,161.916681
0,738,163.448928
0,694,165.332591
0,893,167.338125
0,578,168.579735
0,566,170.147774
0,570,171.423588
0,558,172.591967
0,750,174.750695
0,572,176.027908
0,745,177.630487
0,721,179.670753
0,747,181.480792
0,739,183.025328
0,858,185.160872
0,688,186.730659
0,633,188.035228
0,687,190.016826
0,594,191.253846
0,735,192.840357
0,760,194.889936
0,587,196.224393
0,753,197.773127
0,748,199.691075
0,581,201.141762
0,740,202.992196
0,646,204.793192
0,641,206.107475
0,594,207.439759
0,638,209.200338
0,682,210.645721
0,719,212.100289
0,630,213.863012
0,668,215.280649
0,601,216.616791
0,761,218.588977
0,858,220.554767
0,775,222.315573
0,765,224.34076
0,727,225.841152
0,685,227.320988
0,706,229.294699
0,891,231.234613
0,697,233.216513
0,738,234.817055
0,682,236.160336
0,681,238.220694
0,691,239.909521
0,760,241.705535
0,725,243.504957
0,737,245.229367
0,692,246.711711
0,754,248.666696
0,749,250.178915
0,757,251.748786
0,744,253.739349
0,746,255.590491
0,691,257.67849
0,699,259.167246
0,765,260.773434
0,705,262.539552
0,698,264.055854
0,791,265.93725
0,727,267.994828
0,724,269.529214
0,907,271.370958
0,688,273.398402
0,715,274.778357
0,860,277.041448
0,795,279.049124
0,722,280.65828
0,891,283.132347
0,715,284.588784
0,722,285.982705
0,800,288.062982
0,714,289.572618
0,726,291.475696
0,712,292.88663
0,862,294.647259
0,744,296.719899
0,712,298.135193
0,708,299.609057
0,601,301.296295
0,718,303.063518
0,747,304.632976
0,687,306.495738
0,708,307.943964
0,710,309.371723
0,702,311.473003
0,691,312.929212
0,770,314.516686
0,742,316.64754
0,684,318.075461
0,685,319.429455
0,689,321.240267
0,765,322.845996
0,772,324.894329
0,688,326.534503
0,755,328.149013
0,756,330.147597
0,695,331.57964
0,745,333.192965
0,767,335.122107
0,697,336.617518
0,706,338.232851
0,711,340.024137
0,704,341.671976
0,780,343.368909
0,701,345.202033
0,627,346.602775
0,808,348.713296
0,698,350.111804
0,682,351.453963
0,783,353.591869
0,791,355.454333
0,624,356.906303
0,773,358.871635
0,789,360.557476
0,793,362.18804
0,795,364.19679
0,784,365.829905
0,623,367.647286
0,822,369.410115
0,629,370.762539
0,792,372.932642
0,613,374.324415
0,779,375.997584
0,617,377.893037
0,776,379.585722
0,611,380.873816
0,626,382.743235
0,779,384.357669
0,619,385.600059
0,709,387.667603
0,761,389.29505
0,771,391.237945
0,604,393.015069
0,763,394.634347
0,775,396.278759
0,617,397.983547
0,602,399.259237
0,706,400.898582
0,695,402.827612
0,600,404.349362
0,679,405.69028
0,680,407.457811
0,591,408.75076
0,651,410.161963
0,668,411.854221
0,691,413.248247
0,610,414.555578
0,606,415.883962
0,775,417.817601
0,790,419.517627
0,715,421.463614
0,713,422.917792
0,600,424.258477
0,720,426.17627
0,778,427.747252
0,809,429.418711
0,702,431.515429
0,617,432.831482
0,756,434.3529
0,784,436.433964
0,618,437.862306
0,702,439.453096
0,756,441.489411
0,606,442.768767
0,617,444.098514
0,623,445.820523
0,621,447.292744
0,610,448.664392
0,663,450.673645
0,604,451.972455
0,732,453.49937
0,774,455.665704
0,733,457.343054
0,732,459.022401
0,597,460.677178
0,776,462.50185
0,702,464.1946
0,609,465.963011
0,768,467.754735
0,707,469.312959
0,701,471.159103
0,704,472.64302
0,703,474.113548
0,711,476.000357
0,764,477.681271
0,767,479.890956
0,804,481.882459
0,764,483.55924
0,620,485.230248
0,714,486.811119
0,822,488.565549
0,706,490.727766
0,758,492.314324
0,773,493.906762
0,706,495.899689
0,771,497.662245
0,754,499.849434
0,698,501.333369
0,621,502.744256
0,696,504.148381
0,661,505.903729
0,664,507.28574
0,613,508.621737
0,658,510.391114
0,599,511.615802
0,751,513.186486
0,599,514.812533
0,608,516.175698
0,586,517.452014
0,599,519.119249
0,598,520.501101
0,638,521.88214
0,596,523.133475
0,589,524.666691
0,595,526.068591
0,608,527.407919
0,606,529.129678
0,692,530.807807
0,600,532.187534
0,646,534.056012
0,636,535.610911
0,585,536.801627
0,651,538.500832
0,589,540.015382
0,583,541.582557
0,595,542.870579
0,645,544.563474
0,585,545.859754
0,648,547.186813
0,650,548.907178
0,584,550.088914
0,587,551.356239
0,639,552.90786
0,598,554.603597
0,675,556.032744
0,681,557.606505
0,600,559.250044
0,619,560.618717
0,766,562.15835
0,813,564.543558
0,777,566.142368
0,619,567.389716
0,662,569.146485
0,677,570.488894
0,697,572.193189
0,591,574.056262
0,747,575.668694
0,589,576.838384
0,770,579.002026
0,745,580.517018
0,742,582.531112
0,592,583.856616
0,755,585.624719
0,686,587.470863
0,756,589.086725
0,761,590.994229
0,776,593.017079
0,608,594.216268
0,622,595.455134
0,588,597.210222
0,784,599.135402
0,771,601.117377
0,707,603.046869
0,864,604.919204
0,783,606.666571
0,869,608.832334
0,757,610.41708
0,1005,613.013941
0,736,614.553908
0,820,616.364958
0,903,618.824213
0,918,620.843637
0,922,623.269285
0,865,624.990096
0,941,627.392313
0,742,628.988819
0,823,630.679556
0,824,632.706903
0,828,634.523805
0,891,636.827813
0,891,638.952267
0,888,641.100574
0,901,642.951322
0,823,644.816438
0,868,647.118607
0,843,649.040844
0,899,651.601877
0,880,653.602048
0,895,655.862832
0,893,657.937102
0,876,659.812436
0,798,661.886893
0,783,663.539312
0,775,665.573049
0,731,667.058596
0,746,668.696007
0,744,670.640203
0,814,672.402857
0,803,674.314604
0,800,676.436096
0,731,677.953982
0,720,679.782915
0,832,681.603428
0,736,683.141813
0,810,685.514797
0,766,687.021462
0,717,688.821777
0,766,690.795006
0,778,692.622338
0,791,694.664923
0,778,696.349174
0,726,697.884875
0,799,700.026595
0,709,701.511553
0,709,703.135771
0,783,705.320327
0,727,706.867925
0,780,708.89232
0,762,710.742152
0,687,712.180129
0,792,714.298548
0,766,716.123424
0,723,717.739803
0,791,719.888977
0,700,721.561697
0,628,723.011678
0,793,725.072012
0,702,726.542163
0,701,727.981073
0,697,729.864387
0,606,731.223833
0,782,732.787313
0,616,734.719116
0,717,736.243788
0,714,737.692374
0,596,739.480793
0,781,741.019238
0,625,742.509232
0,659,744.393944
0,691,745.821509
0,609,747.292531
0,608,749.073637
0,661,750.419811
0,610,751.62013
0,609,753.277445
0,597,754.538137
0,600,755.872664
0,604,757.134018
0,602,758.839239
0,645,760.240261
0,607,761.53029
0,599,763.125574
0,678,764.639565
0,588,765.903294
0,597,767.591861
0,614,768.947594
0,671,770.305488
0,660,772.224013
0,646,773.756542
0,609,775.108859
0,653,776.528799
0,644,778.249903
0,663,779.76025
0,653,781.172479
0,647,782.968094
0,674,784.495885
0,655,785.914958
0,595,787.419049
0,687,788.888445
0,648,790.330484
0,598,791.951656
0,597,793.270939
0,656,794.641139
0,650,796.626531
0,694,798.197032
0,658,799.626615
0,635,801.287154
0,705,802.773437
0,612,804.171538
0,610,805.4696
0,658,807.299623
0,609,808.54725
0,671,810.30593
0,683,812.281427
0,599,813.592722
0,659,815.16447
0,602,816.808025
0,662,818.310727
0,597,819.673573
0,619,821.326878
0,672,822.893464
0,613,824.275746
0,651,826.070874
0,664,827.49387
0,709,829.106581
0,624,830.531789
0,684,832.279187
0,715,833.85831
0,617,835.107959
0,655,836.966742
0,627,838.324394
0,600,839.77982
0,606,841.402085
0,665,842.830802
0,678,844.269954
0,691,846.106154
0,695,847.523494
0,604,848.894705
0,667,850.670594
0,690,852.245495
0,609,853.495297
0,610,855.214031
0,668,856.65605
0,623,858.007126
0,674,859.95995
0,698,861.399741
0,684,862.775496
0,601,864.619268
0,612,865.896357
0,672,867.284975
0,592,868.58466
0,672,870.534121
0,621,871.881073
0,672,873.338576
0,609,875.077152
0,666,876.559444
0,619,877.908713
0,601,879.458133
0,601,880.744469
0,707,882.154942
0,629,883.95399
0,673,885.369692
0,669,886.790147
0,651,888.764468
0,601,890.288684
0,607,891.563321
0,681,893.008468
0,701,895.037346
0,612,896.321107
0,617,897.725788
0,698,899.716912
0,625,901.307383
0,698,902.809352
0,622,904.666671
0,683,906.124534
0,625,907.441522
0,682,909.280404
0,691,910.820284
0,720,912.499561
0,633,914.295776
0,679,915.932406
0,623,917.254442
0,629,918.977402
0,699,920.574564
0,630,921.951653
0,813,924.248136
0,618,925.644775
0,704,927.031015
0,623,928.69443
0,695,930.357487
0,615,931.659286
0,648,933.349239
0,636,934.649554
0,621,935.883916
0,710,937.765789
0,794,939.658647
0,720,941.113843
0,736,942.975432
0,646,944.317417
0,643,945.675111
0,784,947.845412
0,645,949.352638
0,710,950.950614
0,791,953.04679
0,720,954.498564
0,814,956.189665
0,726,958.216975
0,647,959.68387
0,641,961.040216
0,657,962.967603
0,744,964.632514
0,728,966.20798
0,824,968.370043
0,634,969.743693
0,632,971.126952
0,701,972.993888
0,742,974.723049
0,801,976.949001
0,651,978.301031
0,795,979.972901
0,626,981.843685
0,719,983.584116
0,622,985.119818
0,711,987.13683
0,635,988.521831
0,829,990.335874
0,824,992.527194
0,639,994.045325
0,716,995.480482
0,741,997.676156
0,739,999.375904
0,641,1000.71204
0,627,1002.603225
0,685,1004.028266
0,715,1005.556522
0,613,1007.325329
0,699,1009.013673
0,693,1010.477466
0,630,1012.156018
0,648,1013.596817
0,821,1015.241894
0,826,1017.550386
0,642,1018.806236
0,628,1020.224822
0,645,1021.988347
0,713,1023.495481
0,651,1024.926506
0,824,1027.239105
0,726,1028.787994
0,652,1030.345597
0,623,1032.122391
0,622,1033.449014
0,637,1034.890874
0,732,1037.092263
0,638,1038.455599
0,824,1040.177991
0,654,1041.953424
0,633,1043.219196
0,845,1045.031363
0,855,1047.240683
0,623,1048.613772
0,824,1050.80705
0,635,1052.203281
0,895,1054.07146
0,705,1056.056203
0,732,1057.751126
0,636,1059.205782
0,713,1061.27875
0,826,1063.014908
0,740,1064.563779
0,635,1066.299113
0,818,1068.079519
0,832,1070.170408
0,840,1072.065958
0,624,1073.428483
0,828,1075.724223
0,661,1077.301803
0,818,1079.074016
0,835,1081.326778
0,623,1082.673393
0,613,1084.000449
0,621,1085.621183
0,649,1087.022258
0,631,1088.287571
0,621,1090.247183
0,827,1091.985518
0,852,1093.876847
0,840,1096.017524
0,636,1097.371266
0,830,1099.759015
0,725,1101.372684
0,606,1102.639904
0,724,1104.516481
0,615,1105.826323
0,614,1107.11085
0,821,1109.269363
0,611,1110.960146
0,611,1112.163638
0,600,1113.968986
0,604,1115.329925
0,729,1116.913863
0,610,1118.361164
0,719,1120.439605
0,607,1121.693817
0,517,1122.777735
0,823,1125.273795
0,604,1126.663522
0,624,1128.059605
0,626,1129.803437
0,728,1131.328505
0,633,1132.749578
0,820,1134.851207
0,717,1136.45005
0,816,1138.078939
0,603,1139.639797
0,694,1141.251115
0,613,1142.555995
0,620,1144.538761
0,727,1146.084041
0,607,1147.385592
0,621,1149.088467
0,605,1150.400136
0,702,1151.849977
0,615,1153.562329
0,624,1155.102342
0,606,1156.459053
0,696,1158.39452
0,616,1159.807412
0,702,1161.359946
0,530,1162.497165
0,697,1164.441186
0,615,1165.749579
0,523,1166.817033
0,522,1168.271099
0,500,1169.330428
0,609,1170.804569
0,711,1172.289033
0,684,1174.291374
0,511,1175.424474
0,692,1176.891333
0,728,1179.112319
0,695,1180.499298
0,523,1181.681561
0,685,1183.600278
0,701,1185.333048
0,510,1186.551372
0,521,1188.007956
0,603,1189.255343
0,692,1190.869567
0,517,1192.008924
0,515,1193.494067
0,574,1194.635868
0,678,1196.273441
0,672,1198.130798
0,697,1199.690321
0,602,1200.943764
0,521,1202.751972
0,704,1204.302146
0,703,1205.752856
0,527,1207.134525
0,674,1208.941299
0,516,1209.92371
0,725,1211.513265
0,679,1213.499548
0,520,1214.572957
0,523,1215.651385
0,610,1217.388528
0,609,1218.685112
0,699,1220.423919
0,608,1221.824721
0,613,1223.445988
0,513,1224.676244
0,619,1225.963657
0,701,1227.981452
0,710,1229.58642
0,726,1231.255341
0,704,1233.127338
0,599,1234.383414
0,620,1235.610811
0,711,1237.48678
0,519,1238.602465
0,606,1239.86113
0,690,1241.805797
0,691,1243.399787
0,611,1244.703859
0,694,1246.482219
0,607,1247.81912
0,514,1248.852113
0,694,1250.404765
0,701,1252.296477
0,523,1253.635949
0,523,1254.8543
0,612,1256.774634
0,728,1258.546571
0,727,1260.088889
0,737,1262.076826
0,722,1263.671698
0,725,1265.354868
0,714,1267.42727
0,533,1268.5857
0,624,1269.971279
0,724,1272.093966
0,507,1273.165277
0,536,1274.264801
0,722,1275.872191
0,615,1277.5937
0,752,1279.315892
0,713,1280.955883
0,694,1282.897731
0,524,1283.977941
0,707,1285.40239
0,611,1287.112458
0,518,1288.147899
0,700,1289.601799
0,612,1291.392262
0,706,1292.978407
0,618,1294.238349
0,706,1296.167355
0,715,1297.666916
0,508,1298.680631
0,503,1299.652305
0,612,1301.41416
0,614,1302.579607
0,504,1303.575281
0,517,1305.043286
0,514,1306.165009
0,508,1307.140205
0,522,1308.242693
0,699,1310.165214
0,528,1311.385478
0,711,1313.024426
0,525,1314.040723
0,717,1316.167712
0,532,1317.294899
0,504,1318.323438
0,707,1320.229383
0,517,1321.316395
0,519,1322.421204
0,749,1324.336733
0,630,1325.904167
0,522,1327.163011
0,698,1328.696947
0,613,1330.303694
0,516,1331.410545
0,518,1332.49688
0,622,1334.225447
0,705,1335.739899
0,626,1337.174031
0,605,1339.051824
0,533,1340.139433
0,495,1341.169962
0,516,1342.412064
0,592,1344.060804
0,517,1345.318237
0,524,1346.489042
0,705,1347.855223
0,520,1349.268546
0,507,1350.283574
0,521,1351.612334
0,500,1352.568902
0,504,1354.070102
0,570,1355.30041
0,559,1356.446548
0,585,1357.637231
0,507,1359.150004
0,509,1360.539273
0,497,1361.498093
0,593,1363.411124
0,589,1364.697412
0,509,1365.851367
0,511,1366.908446
0,515,1368.35727
0,511,1369.37525
0,521,1370.606033
0,517,1371.673161
0,620,1373.366205
0,618,1374.717805
0,508,1375.78519
0,506,1376.787239
0,507,1378.18355
0,508,1379.281243
0,514,1380.342065
0,596,1381.698406
0,510,1383.062868
0,498,1384.274165
0,508,1385.526896
0,499,1386.634348
0,506,1388.174802
0,502,1389.351166
0,511,1390.388293
0,586,1391.546842
0,505,1392.94366
0,496,1393.986683
0,592,1395.296412
0,496,1396.654528
0,603,1398.467902
0,503,1399.556925
0,593,1400.815566
0,609,1402.595324
0,501,1403.825772
0,495,1404.880485
0,596,1406.31632
0,600,1407.932617
0,495,1408.887312
0,504,1410.044533
0,506,1411.133504
0,497,1412.527938
0,517,1413.865365
0,520,1414.822407
0,511,1415.906312
0,601,1417.633523
0,595,1419.046075
0,516,1420.205039
0,590,1422.035956
0,587,1423.393634
0,610,1424.634068
0,508,1425.713082
0,511,1427.144842
0,572,1428.496019
0,507,1429.651445
0,507,1430.901108
0,589,1432.665786
0,591,1433.923054
0,511,1434.996114
0,502,1436.101467
0,604,1437.81715
0,639,1439.210793
0,509,1440.244032
0,597,1441.927333
0,512,1443.176516
0,500,1444.197331
0,597,1445.534327
0,509,1447.064871
0,579,1448.512356
0,513,1449.536958
0,512,1450.711807
0,510,1452.083949
0,621,1453.433853
0,609,1454.783632
0,584,1456.479803
0,506,1457.516968
0,604,1458.820481
0,588,1460.024491
0,505,1461.486242
0,624,1462.988336
0,598,1464.365158
0,512,1465.516898
0,568,1467.134893
0,698,1468.831525
0,513,1470.112135
0,590,1471.687011
0,514,1472.743386
0,515,1473.900393
0,603,1475.39314
0,589,1477.252626
0,611,1478.4691
0,608,1479.774187
0,514,1481.209114
0,710,1482.767443
0,513,1483.811589
0,627,1485.347057
0,585,1487.153143
0,526,1488.408378
0,511,1489.417003
0,512,1490.961322
0,511,1492.216362
0,499,1493.145982
0,566,1494.421754
0,502,1495.900075
0,505,1497.031903
0,615,1498.435663
0,500,1499.495755
0,611,1501.158401
0,509,1502.326359
0,698,1503.914975
0,606,1505.702723
0,646,1507.107983
0,705,1508.577269
0,682,1510.387702
0,517,1511.571306
0,523,1512.660587
0,523,1513.811152
0,712,1515.735166
0,510,1516.844131
0,697,1518.37291
0,518,1519.582512
0,724,1521.617264
0,529,1522.748172
0,709,1524.221237
0,589,1525.774568
0,504,1526.788574
0,610,1528.027589
0,600,1529.807257
0,624,1531.177348
0,617,1532.569638
0,509,1533.79531
0,519,1535.216463
0,526,1536.303346
0,530,1537.403795
0,515,1538.675453
0,582,1540.274214
0,613,1541.706145
0,717,1543.191219
0,614,1545.176102
0,599,1546.607357
0,607,1547.849854
0,721,1549.77291
0,506,1550.82716
0,629,1552.223219
0,724,1553.909806
0,487,1555.257236
0,512,1556.365732
0,511,1557.418995
0,609,1559.298887
0,611,1560.767816
0,642,1562.196444
0,619,1563.645051
0,497,1565.158929
0,504,1566.290071
0,505,1567.405686
0,628,1568.857741
0,610,1570.538179
0,615,1571.826558
0,512,1572.867254
0,615,1574.668784
0,509,1575.855525
0,635,1577.251217
0,647,1579.158509
0,617,1580.626007
0,646,1582.268764
0,496,1583.347028
0,512,1584.826625
0,632,1586.341769
0,609,1587.871934
0,632,1589.795708
0,716,1591.38273
0,493,1592.679187
0,651,1594.143835
0,627,1595.884856
0,503,1597.002152
0,730,1598.779006
0,508,1600.141834
0,721,1601.753934
0,720,1603.282043
0,737,1605.303226
0,486,1606.281336
0,498,1607.522482
0,477,1608.506174
0,504,1610.04316
0,489,1611.096956
0,726,1612.930423
0,749,1615.067456
0,624,1616.40787
0,394,1617.310765
0,631,1618.706437
0,399,1620.02409
0,393,1620.819251
0,387,1621.752686
0,379,1622.612031
0,769,1624.670374
0,481,1625.675813
0,615,1626.985204
0,504,1628.031322
0,387,1628.969975
0,751,1630.91588
0,410,1631.790092
0,593,1633.276648
0,392,1634.66907
0,600,1635.977952
0,621,1637.323498
0,638,1638.647596
0,394,1639.89332
0,416,1640.804806
0,654,1642.224677
0,620,1643.462191
0,616,1645.152437
0,385,1646.012171
0,610,1647.428483
0,604,1649.170189
0,597,1650.576934
0,639,1651.848985
0,650,1653.18934
0,403,1654.544915
0,617,1655.977949
0,491,1657.210363
0,401,1658.006687
0,653,1660.172755
0,496,1661.21723
0,637,1662.564697
0,397,1663.403573
0,494,1664.862225
0,621,1666.228785
0,494,1667.184355
0,591,1668.842939
0,583,1670.219897
0,594,1671.430783
0,623,1672.709087
0,500,1674.112278
0,574,1675.523676
0,586,1677.003906
0,418,1678.000038
0,398,1679.239689
0,421,1680.081992
0,565,1681.313288
0,614,1682.589595
0,610,1684.388924
0,629,1685.75669
0,576,1687.101477
0,575,1688.989243
0,616,1690.447114
0,496,1691.399085
0,382,1692.193311
0,414,1693.447413
0,601,1694.805313
0,586,1696.098831
0,603,1697.37308
0,489,1698.756519
0,585,1700.163815
0,579,1701.372408
0,589,1702.742804
0,397,1703.92889
0,591,1705.367626
0,415,1706.227203
0,578,1707.478426
0,416,1708.653635
0,594,1709.992746
0,423,1710.865453
0,600,1712.052648
0,602,1713.830738
0,491,1714.892093
0,388,1715.627472
0,574,1717.09982
0,584,1718.821877
0,592,1720.139324
0,586,1721.513768
0,510,1722.966101
0,617,1724.333773
0,391,1725.213604
0,585,1726.538418
0,497,1727.946968
0,583,1729.393293
0,398,1730.471046
0,396,1731.250232
0,397,1732.210656
0,588,1733.994877
0,608,1735.330827
0,581,1736.516829
0,404,1737.712528
0,608,1739.023845
0,389,1739.777363
0,599,1741.096302
0,488,1742.521395
0,388,1743.275435
0,614,1744.664061
0,393,1745.560071
0,566,1746.783861
0,598,1748.44776
0,403,1749.531948
0,595,1750.85934
0,581,1752.43114
0,495,1753.407733
0,398,1754.152089
0,630,1755.745988
0,573,1757.440769
0,581,1758.739131
0,617,1760.019252
0,403,1760.847549
0,414,1762.060194
0,585,1763.481221
0,604,1764.825882
0,427,1765.751678
0,390,1767.07089
0,408,1768.073272
0,594,1769.543967
0,581,1770.725057
0,415,1772.014839
0,590,1773.297366
0,613,1774.491345
0,400,1775.297689
0,489,1776.868809
0,587,1778.123795
0,595,1779.568375
0,598,1780.925112
0,503,1782.48051
0,387,1783.605729
0,486,1784.599776
0,391,1785.411083
0,508,1786.88195
0,398,1787.680835
0,578,1788.93675
0,592,1790.11682
0,403,1791.074311
0,405,1792.529436
0,385,1793.371555
0,592,1794.821927
0,389,1795.604736
0,392,1796.857584
0,388,1798.137854
0,498,1799.099926
0,374,1799.836706
0,467,1800.863461
0,499,1802.386157
0,567,1803.515425
0,404,1804.341974
0,489,1805.495512
0,411,1806.823824
0,410,1807.617517
0,517,1808.7507
0,589,1810.045377
0,377,1810.845782
0,410,1812.049506
0,388,1812.927969
0,405,1813.731416
0,600,1814.924831
0,498,1816.379679
0,524,1817.513497
0,489,1818.592883
0,386,1819.4416
0,491,1820.63453
0,568,1822.37082
0,388,1823.234903
0,485,1824.366568
0,501,1825.47687
0,392,1826.753733
0,473,1827.759065
0,386,1828.539964
0,479,1829.628223
0,406,1830.576025
0,388,1831.853953
0,573,1833.165174
0,578,1834.366453
0,395,1835.204667
0,523,1836.746852
0,378,1837.701243
0,464,1838.645185
0,491,1839.691751
0,374,1840.846435
0,495,1842.044681
0,505,1843.164804
0,380,1844.071248
0,479,1845.105697
0,461,1846.464883
0,502,1847.52294
0,383,1848.447894
0,582,1849.833091
0,480,1851.179487
0,476,1852.289745
0,391,1853.069404
0,471,1854.120417
0,480,1855.240602
0,484,1856.601725
0,393,1857.650178
0,493,1858.799795
0,470,1859.811961
0,495,1861.362475
0,472,1862.37498
0,485,1863.516427
0,382,1864.26045
0,484,1865.867066
0,473,1866.886931
0,489,1867.849163
0,386,1868.627768
0,386,1869.448308
0,402,1870.801041
0,469,1871.856739
0,493,1872.90814
0,410,1873.891251
0,399,1874.661171
0,491,1876.032951
0,413,1876.90595
0,489,1878.071298
0,484,1879.032811
0,495,1880.720424
0,489,1881.895262
0,578,1883.206247
0,587,1884.692407
0,581,1886.32002
0,602,1887.855092
0,573,1889.222699
0,495,1890.22228
0,420,1891.628119
0,501,1892.751462
0,499,1893.766079
0,497,1894.800568
0,499,1896.196238
0,500,1897.301151
0,513,1898.478472
0,578,1899.813595
0,513,1901.311158
0,597,1902.808719
0,503,1903.882217
0,505,1904.995415
0,587,1906.748191
0,571,1907.926454
0,504,1909.083674
0,496,1910.449825
0,424,1911.38507
0,493,1912.466087
0,500,1913.485767
0,592,1915.147933
0,403,1915.950636
0,592,1917.289174
0,587,1918.60237
0,584,1920.402691
0,409,1921.317767
0,409,1922.270885
0,568,1923.469122
0,398,1924.260433
0,495,1926.049481
0,582,1927.305302
0,595,1928.596275
0,514,1930.021307
0,493,1931.091404
0,501,1932.161003
0,507,1933.241796
0,511,1934.468203
0,605,1936.203257
0,504,1937.321488
0,490,1938.451402
0,505,1940.03658
0,594,1941.413458
0,507,1942.503269
0,504,1943.547787
0,578,1945.210294
0,426,1946.144067
0,506,1947.28225
0,406,1948.128818
0,515,1949.451233
0,496,1950.853994
0,402,1951.789501
0,579,1952.998844
0,592,1954.565377
0,493,1955.730192
0,420,1956.548584
0,610,1957.797386
0,498,1958.94118
0,497,1960.379189
0,575,1961.769313
0,590,1963.074799
0,490,1964.422425
0,588,1965.764894
0,576,1966.92848
0,594,1968.110645
0,562,1969.723073
0,599,1971.094359
0,606,1972.488737
0,573,1974.156691
0,499,1975.220474
0,585,1976.4851
0,565,1977.827644
0,504,1979.222545
0,601,1980.47114
0,487,1981.42162
0,594,1982.608973
0,511,1984.093046
0,495,1985.177599
0,481,1986.233817
0,609,1987.447744
0,582,1989.007174
0,595,1990.271012
0,502,1991.323047
0,507,1992.866905
0,615,1994.273936
0,594,1995.552617
0,503,1996.622408
0,601,1998.213068
0,491,1999.24616
0,510,2000.496446
0,510,2001.609344
0,486,2003.061755
0,498,2004.182264
0,607,2005.533108
0,576,2006.723869
0,575,2008.474393
0,493,2009.594285
0,602,2011.151367
0,583,2013.018961
0,580,2014.39267
0,494,2015.702404
0,585,2017.053182
0,502,2018.663649
0,494,2019.704144
0,573,2020.958952
0,495,2021.962379
0,499,2023.453408
0,602,2024.772632
0,501,2025.773958
0,624,2027.042504
0,510,2028.56064
0,587,2029.965617
0,584,2031.230775
0,494,2032.18955
0,488,2033.895462
0,570,2035.07274
0,584,2036.225103
0,588,2037.914878
0,493,2039.051768
0,486,2040.064265
0,497,2041.159714
0,504,2042.534185
0,578,2043.832798
0,591,2045.193482
0,492,2046.163167
0,584,2047.825183
0,558,2049.172496
0,499,2050.238119
0,492,2051.277831
0,486,2052.693502
0,583,2054.09106
0,499,2055.329132
0,568,2056.75473
0,495,2058.198222
0,496,2059.399274
0,491,2060.502115
0,576,2061.903079
0,412,2063.150393
0,578,2064.445487
0,488,2065.472406
0,608,2067.00482
0,599,2068.573873
0,506,2069.616507
0,500,2070.613694
0,491,2071.872011
0,509,2073.375497
0,600,2074.682833
0,504,2075.64943
0,596,2077.37135
0,496,2078.415552
0,419,2079.262212
0,424,2080.322567
0,582,2082.231677
0,497,2083.375446
0,411,2084.264812
0,501,2085.340322
0,490,2086.363078
0,496,2087.846041
0,584,2089.150272
0,589,2090.463897
0,501,2091.521477
0,507,2093.025889
0,503,2094.189306
0,602,2095.450956
0,587,2097.050503
0,508,2098.380471
0,505,2099.415504
0,580,2100.980273
0,512,2102.475825
0,609,2103.712661
0,497,2104.86395
0,499,2106.026078
0,595,2107.638804
0,511,2108.897772
0,614,2110.158881
0,515,2111.263191
0,615,2113.019357
0,606,2114.290857
0,596,2115.633178
0,511,2117.113885
0,613,2118.453496
0,618,2119.878722
0,524,2121.015337
0,605,2122.701061
0,517,2123.769285
0,603,2125.101269
0,519,2126.673183
0,506,2127.84078
0,514,2129.246077
0,517,2130.386267
0,607,2132.022409
0,622,2133.34011
0,522,2134.487409
0,610,2135.671117
0,628,2137.41655
0,525,2138.411077
0,519,2139.555883
0,635,2141.339877
0,622,2142.633207
0,612,2143.886179
0,520,2144.923834
0,531,2146.623609
0,624,2147.961463
0,531,2149.190775
0,527,2150.620371
0,608,2152.032923
0,517,2153.166852
0,613,2154.455651
0,613,2156.107186
0,618,2157.477998
0,596,2158.985104
0,616,2160.668421
0,528,2161.888783
0,622,2163.185867
0,518,2164.308912
0,522,2165.752656
0,520,2166.786982
0,616,2168.168604
0,516,2169.378888
0,606,2170.968003
0,512,2172.475572
0,512,2173.577415
0,629,2175.29843
0,518,2176.454685
0,612,2177.785449
0,513,2178.826545
0,611,2180.475241
0,522,2181.603335
0,519,2182.751303
0,625,2184.169531
0,412,2185.392787
0,613,2186.687898
0,515,2187.809036
0,503,2188.834755
0,524,2190.453444
0,612,2191.839074
0,522,2193.037751
0,620,2194.841835
0,615,2196.106805
0,601,2197.492878
0,527,2198.588821
0,524,2200.197114
0,610,2201.665934
0,611,2202.935264
0,626,2204.645628
0,617,2206.190527
0,518,2207.305537
0,517,2208.281771
0,523,2209.731809
0,530,2211.023178
0,620,2212.297805
0,618,2214.09884
0,629,2215.591429
0,610,2217.158421
0,522,2218.607856
0,609,2221.200835
0,639,2223.26501
0,528,2224.600174
0,596,2226.345314
0,535,2227.604515
0,522,2228.718546
0,617,2230.005094
0,644,2231.955592
0,586,2233.256814
0,533,2234.444892
0,526,2235.56787
0,520,2237.194867
0,523,2238.355565
0,508,2239.469826
0,599,2241.159766
0,513,2242.257414
0,596,2243.703121
0,519,2244.900263
0,530,2246.49071
0,525,2247.623603
0,595,2248.987798
0,521,2250.109177
0,619,2252.064665
0,571,2253.471665
0,540,2254.570695
0,630,2256.388477
0,601,2257.770739
0,611,2259.136175
0,638,2260.495392
0,543,2262.04669
0,531,2263.249153
0,557,2264.473959
0,627,2266.439428
0,551,2267.569899
0,535,2268.745678
0,527,2270.018982
0,639,2271.909517
0,656,2273.331328
0,630,2274.554985
0,643,2276.295693
0,656,2277.805865
0,543,2279.015681
0,632,2280.572917
0,635,2282.411907
0,636,2283.756226
0,637,2285.074148
0,533,2286.549737
0,609,2287.943758
0,540,2288.974823
0,530,2290.2369
0,540,2291.764966
0,600,2293.09134
0,532,2294.370983
0,609,2296.164009
0,545,2297.339154
0,535,2298.635407
0,544,2299.97676
0,571,2301.518827
0,619,2302.856443
0,537,2304.098173
0,536,2305.336179
0,612,2306.992145
0,635,2308.788164
0,631,2310.238032
0,573,2311.832324
0,658,2313.494511
0,553,2314.664221
0,550,2316.16664
0,740,2317.667954
0,654,2319.148163
0,662,2320.961382
0,735,2322.6437
0,644,2324.15932
0,739,2326.074192
0,555,2327.355868
0,643,2328.724072
0,535,2329.783371
0,726,2331.788419
0,577,2333.011332
0,656,2334.665966
0,640,2336.435082
0,651,2338.009135
0,671,2339.710337
0,570,2341.372026
0,641,2342.775982
0,557,2343.944723
0,738,2345.91832
0,728,2347.583753
0,541,2348.82482
0,661,2350.655161
0,626,2351.986947
0,639,2353.370267
0,549,2354.494601
0,727,2356.478431
0,636,2357.850521
0,716,2359.463775
0,714,2361.448007
0,725,2362.961385
0,645,2364.393443
0,554,2365.934782
0,654,2367.364596
0,564,2368.485007
0,538,2369.953882
0,645,2371.483492
0,650,2372.802555
0,554,2374.071295
0,559,2375.63735
0,559,2376.959974
0,554,2378.168706
0,740,2380.083416
0,650,2381.487947
0,728,2382.922237
0,814,2385.397095
0,736,2386.972185
0,670,2388.331548
0,650,2390.04271
0,730,2391.665578
0,643,2393.117242
0,792,2395.106863
0,650,2396.503784
0,796,2398.257826
0,752,2400.216898
0,711,2401.695947
0,907,2404.005124
0,649,2405.55324
0,745,2407.182028
0,651,2408.924389
0,740,2410.710204
0,728,2412.194432
0,726,2414.149019
0,640,2415.579888
0,737,2417.111497
0,730,2419.267117
0,639,2420.644125
0,743,2422.309923
0,648,2424.124211
0,701,2425.604109
0,714,2427.138383
0,652,2428.900688
0,643,2430.280555
0,734,2431.869594
0,641,2433.620132
0,639,2435.157917
0,754,2436.864863
0,546,2438.637016
0,577,2439.874025
0,575,2441.513347
0,650,2443.415643
0,568,2444.670005
0,639,2446.160367
0,640,2447.516073
0,713,2449.503497
0,558,2450.717247
0,735,2452.312104
0,844,2454.447726
0,652,2455.941716
0,752,2458.029616
0,782,2459.750066
0,638,2461.170131
0,725,2463.061035
0,667,2464.478218
0,637,2465.765014
0,641,2467.574138
0,883,2469.405858
0,877,2471.238482
0,653,2473.119524
0,735,2474.854085
0,703,2476.483574
0,645,2478.287974
0,727,2479.920178
0,754,2481.542137
0,875,2483.658566
0,733,2485.308388
0,756,2487.465866
0,900,2489.628758
0,670,2491.063776
0,754,2493.214839
0,651,2494.563821
0,664,2496.020219
0,645,2497.852633
0,655,2499.275142
0,644,2500.604255
0,634,2502.44566
0,802,2504.261851
0,649,2505.877572
0,648,2507.624958
0,750,2509.146341
0,750,2510.778618
0,636,2512.639152
0,740,2514.28032
0,648,2515.672084
0,865,2518.009098
0,818,2519.704822
0,888,2522.039746
0,737,2523.80332
0,626,2525.226012
0,890,2527.418572
0,865,2529.297814
0,872,2531.517253
0,727,2533.08411
0,642,2534.4229
0,621,2536.173502
0,748,2537.820944
0,735,2539.538244
0,631,2541.388206
0,721,2543.010068
0,622,2544.324109
0,561,2545.919905
0,715,2547.398386
0,742,2548.935783
0,632,2550.740954
0,634,2552.061336
0,619,2553.476639
0,630,2554.835382
0,755,2557.06319
0,730,2558.693164
0,644,2560.163971
0,617,2561.822283
0,729,2563.516816
0,634,2564.890889
0,639,2566.782665
0,631,2568.07569
0,643,2569.487675
0,707,2571.519304
0,616,2572.733673
0,716,2574.207947
0,634,2575.990543
0,630,2577.365064
0,626,2578.780887
0,633,2580.520529
0,628,2582.05021
0,636,2583.469318
0,638,2585.270393
0,627,2586.662172
0,729,2588.26802
0,727,2590.099683
0,726,2591.735257
0,700,2593.310448
0,639,2595.179455
0,752,2596.75721
0,699,2598.210361
0,731,2600.108489
0,625,2601.580933
0,841,2603.343053
0,730,2605.314012
0,655,2606.740222
0,656,2608.164089
0,637,2609.815145
0,731,2611.678096
0,752,2613.336368
0,729,2615.239472
0,645,2616.579533
0,737,2618.193487
0,729,2620.14001
0,639,2621.717338
0,646,2623.081167
0,753,2624.979634
0,653,2626.562352
0,645,2627.982626
0,628,2629.836625
0,630,2631.313821
0,732,2632.902098
0,640,2634.67303
0,700,2636.082932
0,709,2637.697195
0,713,2639.589253
0,717,2641.294339
0,715,2642.814968
0,734,2644.894285
0,652,2646.3349
0,638,2647.713567
0,635,2649.636661
0,647,2651.323642
0,637,2652.648295
0,641,2654.565263
0,634,2656.263615
0,673,2657.675452
0,767,2659.816588
0,734,2661.609976
0,637,2663.093288
0,730,2665.095577
0,651,2666.496008
0,649,2668.05692
0,650,2669.888599
0,719,2671.464024
0,635,2672.871705
0,644,2674.515566
0,735,2676.09167
0,730,2677.847522
0,774,2679.940621
0,737,2681.687355
0,748,2683.291703
0,648,2685.101748
0,649,2686.676092
0,634,2687.977961
0,725,2690.007749
0,847,2691.782593
0,734,2693.8169
0,640,2695.192053
0,628,2696.482466
0,777,2698.555804
0,879,2700.481143
0,752,2702.413205
0,727,2704.476285
0,755,2706.040625
0,635,2707.436405
0,634,2709.156059
0,642,2710.623987
0,649,2711.975902
0,567,2713.520692
0,633,2715.185299
0,744,2716.674518
0,645,2718.762972
0,642,2720.193024
0,752,2721.946188
0,640,2723.733902
0,738,2725.289835
0,649,2726.702226
0,727,2728.797999
0,750,2730.286102
0,564,2731.473174
0,753,2733.386203
0,746,2735.237851
0,649,2736.572789
0,758,2738.560042
0,654,2739.936432
0,656,2741.293275
0,803,2743.594188
0,740,2745.38583
0,642,2746.749215
0,596,2748.434038
0,742,2750.38783
0,745,2752.118689
0,638,2753.865599
0,755,2755.591712
0,655,2757.054208
0,749,2759.275224
0,748,2761.023741
0,766,2762.567422
0,647,2764.472973
0,726,2766.12427
0,650,2767.459988
0,704,2769.37416
0,667,2770.666555
0,733,2772.170988
0,519,2773.712829
0,667,2775.204275
0,654,2776.764309
0,694,2778.942054
0,890,2780.721631
0,941,2783.3492
0,754,2784.963712
0,903,2786.961557
0,918,2789.275358
0,728,2790.84392
0,656,2792.765265
0,910,2794.645468
0,653,2796.110344
0,764,2798.187376
0,668,2799.648074
0,642,2801.114379
0,767,2803.156276
0,674,2804.793866
0,804,2806.756001
0,929,2809.209809
0,662,2810.482512
0,654,2812.288918
0,921,2814.438759
0,772,2815.94683
0,646,2817.761629
0,739,2819.739611
0,649,2821.229594
0,660,2823.294954
0,750,2824.988765
0,770,2826.63168
0,627,2828.422506
0,735,2830.244695
0,639,2831.635309
0,768,2833.706587
0,657,2835.203985
0,763,2836.740024
0,642,2838.46818
0,722,2839.982921
0,733,2841.578999
0,780,2843.658828
0,655,2845.151076
0,646,2846.678504
0,638,2848.511818
0,776,2850.319141
0,713,2852.271129
0,755,2854.138059
0,635,2855.510178
0,667,2857.380897
0,645,2858.849956
0,657,2860.285667
0,749,2862.257746
0,646,2863.697546
0,737,2865.209652
0,739,2867.303499
0,770,2869.174489
0,654,2870.666455
0,670,2872.579838
0,875,2874.45213
0,864,2876.299657
0,695,2878.079702
0,677,2879.688278
0,1018,2882.28188
0,765,2884.126836
0,771,2885.840943
0,872,2888.109473
0,767,2889.717039
0,950,2892.322151
0,811,2894.050394
0,950,2896.019225
0,813,2898.105636
0,777,2899.735851
0,758,2901.727609
0,1041,2904.203809
0,793,2906.349915
0,917,2908.497208
0,1083,2910.920675
0,793,2913.159879
0,1170,2915.771357
0,790,2917.961332
0,771,2919.674201
0,1018,2922.454062
0,815,2924.277735
0,891,2926.67514
0,806,2928.423514
0,962,2930.503426
0,892,2932.829682
0,873,2934.989178
0,837,2937.271023
0,793,2938.923764
0,657,2940.303648
0,807,2942.431414
0,801,2944.044304
0,1070,2946.790067
0,809,2948.442413
0,699,2949.914417
0,796,2951.975791
0,711,2953.430714
0,887,2955.815162
0,679,2957.287092
0,763,2958.953105
0,768,2961.038838
0,785,2962.74707
0,902,2964.812599
0,891,2967.051926
0,875,2968.915616
0,674,2970.860121
0,681,2972.354816
0,711,2973.867978
0,894,2976.283533
0,872,2978.261574
0,808,2980.326057
0,681,2981.815928
0,767,2983.489634
0,891,2985.730374
0,807,2987.314276
0,952,2989.812364
0,799,2991.430786
0,677,2992.903684
0,689,2994.911128
0,919,2996.877605
0,860,2999.173439
0,678,3000.587929
0,812,3002.305988
0,810,3004.388346
0,927,3006.348771
0,794,3008.584499
0,939,3010.597919
0,1205,3013.568551
0,662,3015.166987
0,679,3016.896933
0,667,3018.62835
0,901,3020.396826
0,667,3021.846558
0,653,3023.690871
0,807,3025.40161
0,769,3027.289276
0,1039,3029.883205
0,1013,3032.362676
0,784,3034.57751
0,749,3036.144794
0,632,3037.512406
0,765,3039.508343
0,641,3040.905745
0,664,3042.223873
0,752,3044.342955
0,787,3046.12218
0,740,3048.066336
0,861,3049.9448
0,649,3051.463399
0,640,3053.10928
0,640,3054.442031
0,653,3055.873843
0,751,3058.012476
0,647,3059.509138
0,891,3061.299816
0,753,3063.350381
0,713,3065.131502
0,730,3066.77239
0,644,3068.436215
0,610,3069.754652
0,755,3071.296677
0,751,3073.371795
0,711,3074.795472
0,779,3076.880749
0,642,3078.418784
0,737,3080.150803
0,734,3082.092528
0,641,3083.51679
0,737,3084.996497
0,732,3087.058135
0,648,3088.710975
0,781,3090.35436
0,649,3092.239621
0,665,3093.775712
0,747,3095.58799
0,770,3098.030335
0,859,3099.863203
0,658,3101.33664
0,756,3103.528848
0,654,3104.976351
0,760,3106.567329
0,656,3108.453719
0,643,3109.82039
0,796,3111.637875
0,848,3113.997588
0,906,3116.223111
0,663,3118.013975
0,805,3119.756272
0,765,3121.373765
0,685,3123.346161
0,841,3125.144492
0,686,3127.042565
0,881,3128.88296
0,764,3130.68224
0,700,3132.568335
0,703,3134.052234
0,921,3135.892082
0,887,3138.284666
0,907,3140.146476
0,909,3142.577454
0,790,3144.199377
0,790,3146.153362
0,796,3147.795405
0,882,3149.602877
0,875,3151.954204
0,1026,3154.22004
0,698,3156.29067
0,895,3158.270607
0,811,3159.99554
0,882,3162.292624
0,897,3164.114368
0,722,3166.165798
0,708,3167.876614
0,869,3169.808732
0,869,3172.000187
0,903,3174.274167
0,776,3176.534595
0,677,3177.985892
0,718,3179.504379
0,850,3181.708216
0,871,3183.563338
0,790,3185.593084
0,758,3187.271257
0,880,3189.041961
0,860,3191.174014
0,851,3192.975867
0,703,3194.873898
0,853,3196.858364
0,781,3198.68517
0,738,3200.599841
0,702,3202.31809
0,758,3203.997604
0,699,3205.894952
0,670,3207.645364
0,679,3209.183171
0,771,3211.231117
0,809,3212.845936
0,715,3214.951959
0,780,3216.705922
0,784,3218.57426
0,853,3220.853574
0,774,3222.481765
0,743,3224.15638
0,770,3226.247191
0,877,3228.331578
0,695,3230.241165
0,728,3231.83403
0,654,3233.30159
0,770,3235.58259
0,670,3237.135662
0,779,3238.8855
0,717,3240.992184
0,653,3242.392299
0,860,3244.20214
0,781,3246.404988
0,678,3247.730934
0,667,3249.58354
0,769,3251.27206
0,706,3252.779678
0,737,3254.677086
0,856,3256.730222
0,768,3258.454692
0,855,3260.693654
0,786,3262.409454
0,855,3264.714103
0,722,3266.335484
0,781,3267.958514
0,854,3270.270712
0,872,3272.020232
0,782,3274.096536
0,753,3275.693739
0,789,3277.343516
0,784,3279.619074
0,786,3281.529708
0,695,3283.003199
0,676,3285.007076
0,859,3287.182668
0,841,3289.560573
0,776,3291.294497
0,779,3292.992547
0,877,3295.349852
0,859,3297.229913
0,855,3299.571478
0,682,3301.070592
0,696,3302.671405
0,845,3304.808342
0,684,3306.287203
0,767,3307.962355
0,784,3310.069518
0,764,3311.718768
0,854,3313.996873
0,740,3315.680775
0,675,3317.150497
0,662,3318.983572
0,773,3320.712575
0,755,3322.251716
0,848,3324.393621
0,673,3325.74522
0,666,3327.050726
0,739,3329.081059
0,745,3330.660745
0,663,3332.019088
0,754,3334.078424
0,652,3335.473053
0,737,3337.450522
0,663,3338.821079
0,767,3340.455354
0,747,3342.629715
0,664,3344.040585
0,644,3345.524412
0,739,3347.547928
0,657,3348.981368
0,659,3350.581892
0,769,3352.640713
0,724,3354.134261
0,645,3355.472233
0,786,3357.70647
0,654,3359.324363
0,774,3361.123969
0,774,3363.176313
0,781,3365.029079
0,659,3366.414228
0,654,3368.2191
0,758,3369.83192
0,650,3371.440102
0,667,3373.239109
0,655,3374.600371
0,778,3376.494851
0,748,3378.564484
0,777,3380.486366
0,667,3382.354335
0,659,3383.720325
0,760,3385.427399
0,649,3387.26989
0,647,3388.653138
0,756,3390.410861
0,648,3392.230377
0,758,3393.912476
0,745,3395.477682
0,749,3397.615466
0,662,3399.002841
0,673,3400.62766
0,673,3402.419005
0,760,3404.039179
0,669,3405.341147
0,686,3407.39309
0,668,3408.822853
0,683,3410.370673
0,869,3412.645602
0,686,3414.050313
0,689,3415.487921
0,776,3417.620161
0,781,3419.365663
0,669,3420.954087
0,704,3422.966534
0,693,3424.409626
0,770,3426.495189
0,692,3427.980134
0,782,3429.856427
0,692,3431.891664
0,661,3433.614349
0,680,3434.99806
0,664,3436.712201
0,779,3438.606992
0,857,3440.435811
0,654,3442.379873
0,671,3443.756141
0,674,3445.227475
0,694,3447.071203
0,872,3448.947448
0,661,3450.397725
0,673,3452.34902
0,846,3454.027062
0,847,3456.303833
0,790,3458.17772
0,664,3459.740337
0,674,3461.695164
0,768,3463.377869
0,839,3465.203608
0,673,3467.168479
0,661,3468.568561
0,672,3470.286008
0,687,3472.139394
0,778,3473.850025
0,840,3476.087299
0,685,3477.600955
0,766,3479.202765
0,689,3481.069644
0,772,3482.780295
0,776,3484.514133
0,680,3486.296159
0,680,3487.687414
0,674,3489.011192
0,861,3491.471475
0,856,3493.432842
0,854,3496.009231
0,670,3497.500576
0,668,3498.907001
0,779,3501.323403
0,666,3502.744969
0,684,3504.188458
0,866,3506.409118
0,867,3508.428104
0,692,3509.899365
0,788,3512.087572
0,668,3513.494717
0,787,3515.496021
0,785,3517.270912
0,678,3518.917902
0,660,3520.760397
0,857,3522.626774
0,684,3524.156762
0,674,3526.161225
0,675,3527.750982
0,673,3529.218937
0,694,3531.045969
0,666,3532.462297
0,849,3534.339936
0,847,3536.845855
0,660,3538.235893
0,764,3540.41288
0,654,3541.827779
0,721,3543.470116
0,760,3545.53062
0,724,3547.042529
0,659,3548.41399
0,722,3550.374821
0,746,3552.001627
0,788,3553.579472
0,647,3555.45111
0,772,3557.144931
0,670,3558.651727
0,775,3560.730185
0,763,3562.302191
0,759,3563.886017
0,842,3566.247717
0,656,3567.645126
0,657,3569.530164
0,655,3571.15105
0,651,3572.591061
0,643,3573.950364
0,765,3576.111887
0,661,3577.593552
0,756,3579.619086
0,657,3581.044244
0,688,3582.464863
0,675,3584.26259
0,786,3585.984427
0,764,3587.622141
0,852,3590.075217
0,863,3592.089113
0,650,3593.571097
0,656,3595.336702
0,847,3597.151527
0,657,3598.645754
0,670,3600.477705
0,847,3602.259043
0,777,3604.489036
0,677,3606.085773
0,768,3607.786187
0,855,3610.035038
0,861,3612.015361
0,856,3614.275055
0,858,3616.098073
0,850,3617.868172
0,869,3620.255108
0,864,3622.141095
0,759,3624.256729
0,752,3625.806762
0,861,3627.811841
0,698,3629.949853
0,838,3631.656207
0,687,3633.483051
0,667,3635.103261
0,828,3636.907779
0,758,3638.854437
0,755,3640.482341
0,757,3642.184774
0,832,3644.417603
0,758,3645.994886
0,761,3647.867655
0,854,3650.256371
0,695,3651.879608
0,749,3653.945934
0,840,3655.79626
0,760,3657.546227
0,861,3659.81353
0,764,3661.573369
0,826,3663.85688
0,762,3665.410163
0,865,3667.215474
0,857,3669.655795
0,869,3671.812502
0,772,3673.866489
0,764,3675.679519
0,853,3677.67865
0,770,3680.077092
0,852,3681.807848
0,869,3684.016911
0,767,3685.644318
0,848,3687.357737
0,766,3689.382372
0,776,3691.010513
0,859,3693.391712
0,872,3695.277751
0,860,3697.185167
0,856,3699.600446
0,859,3701.554114
0,775,3703.728795
0,868,3705.7649
0,870,3707.727962
0,776,3709.851844
0,769,3711.411318
0,768,3713.565311
0,855,3715.56273
0,856,3717.290402
0,874,3719.586035
0,857,3721.429404
0,863,3723.816159
0,781,3725.650194
0,865,3727.982718
0,874,3729.851635
0,870,3731.84015
0,863,3734.091825
0,858,3735.885221
0,794,3738.023726
0,802,3739.914934
0,780,3741.589538
0,790,3743.882075
0,783,3745.685515
0,885,3748.077727
0,873,3750.02055
0,794,3751.70352
0,788,3753.838646
0,791,3755.466747
0,872,3757.904513
0,871,3759.907337
0,804,3761.641445
0,873,3763.803115
0,816,3765.465056
0,794,3767.628173
0,848,3769.404449
0,900,3771.580233
0,885,3773.851994
0,797,3775.622137
0,793,3777.893555
0,789,3779.653108
0,803,3781.51671
0,804,3783.805627
0,916,3785.87124
0,805,3788.162671
0,854,3790.168925
0,871,3792.649864
0,801,3794.37921
0,786,3796.082529
0,891,3798.571155
0,856,3800.542155
0,792,3802.849925
0,782,3804.428344
0,876,3806.316382
0,792,3808.559653
0,877,3810.606838
0,914,3812.943821
0,794,3814.864955
0,887,3816.961639
0,886,3819.310867
0,781,3820.908236
0,847,3823.199848
0,886,3825.30656
0,796,3827.112815
0,911,3829.698657
0,922,3831.801219
0,877,3834.098953
0,776,3835.707219
0,856,3837.91
0,887,3840.12969
0,761,3841.711621
0,874,3844.00216
0,765,3845.792981
0,863,3848.268628
0,870,3850.030067
0,878,3851.91353
0,853,3854.399573
0,881,3856.305099
0,697,3858.201408
0,890,3860.301909
0,658,3861.857116
0,686,3863.906916
0,774,3865.622522
0,855,3867.919609
0,850,3869.723269
0,688,3871.141868
0,862,3873.402121
0,680,3874.909605
0,841,3876.812733
0,686,3878.722016
0,668,3880.205398
0,673,3881.784805
0,737,3883.824882
0,744,3885.433566
0,760,3887.47959
0,847,3889.29558
0,834,3891.288162
0,704,3893.242821
0,675,3894.892457
0,833,3896.650954
0,852,3899.104099
0,678,3900.744579
0,681,3902.649748
0,677,3904.109962
0,854,3905.980293
0,794,3908.051921
0,665,3909.834373
0,843,3911.779051
0,768,3914.080189
0,872,3916.239938
0,695,3918.237676
0,706,3919.80136
0,844,3921.684024
0,658,3923.773106
0,664,3925.188598
0,654,3926.670753
0,759,3928.859277
0,701,3930.615698
0,662,3932.113194
0,793,3934.329664
0,716,3935.986007
0,847,3937.729168
0,846,3940.299508
0,659,3941.815851
0,659,3943.787773
0,681,3945.3517
0,677,3946.950375
0,788,3949.043179
0,741,3950.815758
0,777,3952.573058
0,772,3954.759034
0,649,3956.321094
0,666,3957.835294
0,656,3959.60958
0,651,3961.081455
0,858,3963.026848
0,780,3965.302434
0,769,3967.034106
0,837,3969.231738
0,664,3970.659542
0,646,3972.005055
0,674,3974.038355
0,669,3975.638891
0,766,3977.427608
0,760,3979.498667
0,668,3980.992254
0,660,3982.538736
0,740,3984.666342
0,650,3986.357415
0,645,3987.733316
0,719,3989.762355
0,732,3991.526359
0,644,3993.037044
0,646,3994.873321
0,779,3996.776748
0,807,3998.484483
0,819,4000.784228
0,761,4002.477013
0,837,4004.789353
0,761,4006.454703
0,796,4008.307183
0,648,4010.188171
0,665,4011.623315
0,663,4013.142255
0,786,4015.302135
0,667,4016.943636
0,787,4018.618053
0,678,4020.474709
0,759,4022.21558
0,658,4023.594334
0,794,4025.735099
0,825,4027.623975
0,682,4029.079229
0,669,4031.005583
0,666,4032.823579
0,658,4034.285827
0,668,4036.211034
0,642,4037.587513
0,764,4039.423094
0,646,4041.258897
0,716,4042.762737
0,650,4044.137546
0,651,4045.921956
0,735,4047.534001
0,755,4049.12046
0,656,4051.204704
0,836,4053.124521
0,748,4055.302174
0,645,4056.867995
0,761,4058.607118
0,635,4060.445987
0,779,4062.17223
0,646,4063.641415
0,748,4065.689345
0,732,4067.602674
0,722,4069.349915
0,707,4071.351912
0,648,4072.733344
0,656,4074.155768
0,758,4076.199478
0,739,4077.769819
0,747,4079.330327
0,652,4081.23646
0,646,4082.705144
0,777,4084.335968
0,644,4086.279135
0,777,4088.169771
0,654,4089.653951
0,742,4091.708078
0,728,4093.332329
0,648,4094.685161
0,642,4096.784325
0,723,4098.61497
0,741,4100.759576
0,758,4102.370899
0,770,4104.021191
0,676,4105.881074
0,773,4107.600312
0,777,4109.276187
0,668,4111.268141
0,664,4113.043283
0,790,4114.753889
0,657,4116.859465
0,767,4118.577196
0,743,4120.255528
0,769,4122.329814
0,663,4123.870295
0,661,4125.278255
0,669,4127.147869
0,762,4128.813877
0,765,4130.978606
0,662,4132.594769
0,766,4134.36954
0,656,4136.428663
0,777,4138.295957
0,705,4139.926962
0,718,4141.948574
0,653,4143.35063
0,648,4144.723847
0,746,4146.758163
0,643,4148.211872
0,646,4149.734251
0,656,4151.572609
0,648,4153.009782
0,750,4154.756607
0,642,4156.656966
0,659,4158.240101
0,649,4159.749447
0,651,4161.651965
0,633,4163.079547
0,640,4164.503875
0,641,4165.864067
0,807,4168.268947
0,652,4169.653892
0,668,4171.663953
0,653,4173.044295
0,642,4174.542831
0,654,4176.01818
0,646,4178.021636
0,651,4179.462203
0,746,4181.264228
0,768,4183.482729
0,657,4184.83901
0,740,4186.995501
0,656,4188.433008
0,714,4190.045622
0,757,4192.167279
0,662,4193.655134
0,774,4195.339702
0,653,4197.325534
0,757,4199.08976
0,769,4200.797619
0,654,4202.682199
0,654,4204.064338
0,775,4205.818355
0,744,4207.917959
0,780,4209.602221
0,659,4211.088489
0,677,4213.101593
0,661,4214.543679
0,681,4216.112945
0,662,4218.155907
0,699,4219.653845
0,669,4221.217077
0,658,4223.152908
0,676,4224.753416
0,670,4226.231583
0,694,4228.413176
0,680,4229.83091
0,679,4231.301676
0,684,4233.204081
0,817,4234.967992
0,856,4237.260692
0,779,4238.895872
0,878,4241.029855
0,663,4242.917057
0,664,4244.350326
0,869,4246.435236
0,681,4248.401684
0,801,4250.107153
0,661,4251.645563
0,687,4253.541954
0,656,4254.927917
0,784,4256.68156
0,809,4259.109554
0,803,4260.931396
0,793,4263.377788
0,784,4265.233107
0,809,4267.002372
0,785,4269.239641
0,665,4270.696359
0,800,4272.916636
0,655,4274.402348
0,659,4276.007277
0,797,4278.363591
0,784,4280.216661
0,676,4281.625827
0,668,4283.825162
0,761,4285.720711
0,655,4287.220966
0,793,4289.734583
0,792,4291.364643
0,681,4292.830719
0,823,4295.121466
0,867,4297.128302
0,694,4299.135076
0,878,4301.102696
0,686,4302.741188
0,789,4304.962833
0,851,4306.77647
0,880,4309.210478
0,864,4311.071493
0,851,4313.005486
0,868,4315.373484
0,695,4317.146731
0,797,4319.281606
0,841,4321.067393
0,692,4322.555202
0,859,4325.020931
0,696,4326.61775
0,760,4328.166788
0,831,4330.409754
0,827,4332.343819
0,765,4334.613233
0,766,4336.430721
0,773,4338.111432
0,870,4340.421674
0,890,4342.317857
0,776,4344.406101
0,876,4346.353494
0,882,4348.185298
0,860,4350.557954
0,786,4352.386581
0,889,4354.821716
0,784,4356.517542
0,793,4358.331982
0,790,4360.63487
0,875,4362.459254
0,799,4364.690201
0,884,4366.679961
0,788,4368.655878
0,859,4370.966978
0,850,4372.887016
0,780,4375.155197
0,772,4377.075456
0,767,4378.709226
0,866,4381.098732
0,786,4382.928486
0,854,4385.377997
0,706,4386.884257
0,758,4388.589355
0,761,4390.727791
0,773,4392.330336
0,778,4394.580877
0,847,4396.355313
0,778,4398.172173
0,705,4400.114142
0,721,4401.810938
0,852,4403.684368
0,853,4406.005892
0,763,4407.748379
0,779,4409.85854
0,711,4411.417223
0,772,4413.149482
0,869,4415.517245
0,850,4417.30356
0,860,4419.760653
0,765,4421.537875
0,760,4423.190643
0,836,4425.600469
0,861,4427.803705
0,853,4430.187464
0,766,4432.102218
0,785,4433.84188
0,874,4436.403701
0,848,4438.288077
0,860,4440.654199
0,780,4442.312498
0,709,4443.881087
0,782,4445.95487
0,842,4447.87567
0,785,4449.68808
0,859,4452.00997
0,841,4453.77815
0,780,4455.936342
0,850,4458.014185
0,717,4459.569616
0,793,4461.773906
0,786,4463.451919
0,782,4465.711927
0,791,4467.68141
0,781,4469.62725
0,787,4472.040712
0,763,4473.82942
0,810,4476.154041
0,779,4478.055583
0,780,4479.864817
0,780,4482.09111
0,864,4483.991127
0,705,4485.465612
0,719,4487.438869
0,818,4489.081126
0,711,4491.209558
0,825,4493.226393
0,823,4494.983086
0,788,4497.409884
0,790,4499.245371
0,786,4501.816581
0,882,4503.774252
0,838,4505.601771
0,806,4507.886965
0,782,4509.614119
0,789,4511.999783
0,850,4514.052152
0,847,4515.878812
0,795,4518.070571
0,793,4520.106551
0,836,4522.35234
0,728,4524.046398
0,769,4525.774131
0,836,4528.01814
0,794,4529.855837
0,793,4531.817198
0,853,4534.230172
0,845,4536.092215
0,795,4538.314317
0,849,4540.168063
0,797,4542.079957
0,855,4544.417082
0,872,4546.436946
0,838,4548.813117
0,801,4550.62761
0,856,4553.081816
0,801,4554.924436
0,832,4556.7888
0,849,4559.244784
0,802,4561.110151
0,810,4563.392831
0,846,4565.500494
0,857,4567.576269
0,838,4569.864824
0,845,4572.030351
0,796,4574.364938
0,802,4576.171605
0,822,4577.884012
0,844,4580.328353
0,886,4582.196375
0,864,4584.443036
0,799,4586.238572
0,911,4588.295175
0,870,4590.839138
0,857,4592.697489
0,797,4594.928881
0,851,4597.04555
0,850,4599.485976
0,843,4601.365508
0,852,4603.340909
0,866,4605.750032
0,881,4607.670171
0,829,4610.168618
0,812,4611.96853
0,795,4613.70031
0,801,4615.991383
0,808,4617.970811
0,891,4620.526098
0,799,4622.240786
0,790,4623.954456
0,863,4626.298623
0,873,4628.283383
0,803,4630.389491
0,892,4632.304871
0,794,4634.279988
0,826,4636.626983
0,867,4638.433623
0,847,4640.990728
0,813,4642.751327
0,863,4644.693621
0,832,4647.188995
0,894,4649.218156
0,810,4651.391276
0,810,4653.189783
0,810,4655.400872
0,827,4657.190795
0,826,4659.050256
0,835,4661.264917
0,835,4663.180799
0,832,4665.674211
0,816,4667.477599
0,821,4669.603995
0,820,4671.965777
0,819,4673.677746
0,813,4675.856254
0,824,4677.766612
0,886,4679.77493
0,837,4682.128154
0,882,4684.272484
0,889,4686.687624
0,902,4688.832964
0,893,4691.208087
0,890,4693.252383
0,818,4695.03709
0,880,4697.505126
0,858,4699.441634
0,800,4702.107648
0,796,4703.828813
0,796,4705.57988
0,794,4708.208255
0,890,4710.079823
0,802,4712.466669
0,804,4714.313054
0,882,4716.648083
0,824,4718.994758
0,910,4721.121541
0,814,4723.445944
0,809,4725.27616
0,883,4727.253745
0,903,4729.845498
0,869,4731.771558
0,851,4734.040732
0,903,4736.176523
0,814,4738.468
0,817,4740.356336
0,812,4742.154002
0,881,4744.514482
0,806,4746.245893
0,799,4748.420231
0,910,4750.424425
0,801,4752.095306
0,790,4754.279773
0,849,4756.323293
0,878,4758.906927
0,808,4760.701469
0,863,4763.074871
0,798,4764.917555
0,932,4766.938039
0,803,4769.133097
0,864,4771.375272
0,853,4773.708541
0,797,4775.530474
0,872,4777.513249
0,938,4780.065772
0,874,4782.423215
0,903,4785.015825
0,906,4787.100571
0,896,4789.567563
0,784,4791.43184
0,833,4793.288458
0,780,4795.555604
0,807,4797.279047
0,863,4799.606413
0,864,4801.720328
0,813,4803.497372
0,884,4805.944237
0,799,4807.847369
0,868,4810.462979
0,861,4812.39982
0,785,4814.155259
0,851,4816.527845
0,933,4818.633114
0,892,4821.016866
0,922,4822.999125
0,801,4825.415958
0,854,4827.347404
0,854,4829.125739
0,872,4831.605875
0,865,4833.492913
0,892,4835.982093
0,808,4837.705894
0,873,4840.162028
0,878,4842.1363
0,903,4844.175531
0,806,4846.586867
0,789,4848.354847
0,781,4850.583745
0,889,4852.681266
0,907,4854.872006
0,891,4857.362702
0,792,4859.256672
0,793,4861.496095
0,889,4863.531518
0,856,4866.068204
0,777,4868.071811
0,792,4869.78441
0,886,4872.229255
0,788,4874.265516
0,803,4876.068481
0,785,4878.533414
0,865,4880.467097
0,858,4882.795117
0,887,4884.864051
0,790,4887.087016
0,856,4889.022167
0,878,4891.083948
0,881,4893.555584
0,816,4895.589458
0,795,4897.806926
0,804,4899.703489
0,843,4901.729083
0,780,4904.036515
0,860,4905.96218
0,874,4908.514539
0,879,4910.479108
0,792,4912.248032
0,792,4914.621716
0,894,4916.729378
0,823,4919.222659
0,795,4920.981792
0,856,4922.935852
0,844,4925.314205
0,858,4927.165154
0,872,4929.768318
0,791,4931.573354
0,766,4933.319109
0,788,4935.603138
0,900,4937.55107
0,848,4939.941135
0,845,4941.871671
0,782,4944.063489
0,883,4946.079535
0,788,4947.948273
0,777,4950.457757
0,787,4952.289024
0,790,4954.342465
0,809,4956.610384
0,779,4958.474073
0,793,4961.02826
0,787,4962.828114
0,795,4964.61403
0,839,4967.005691
0,779,4968.691919
0,852,4971.09423
0,846,4973.124539
0,709,4974.676519
0,788,4977.037081
0,862,4979.14436
0,789,4981.425568
0,773,4983.13307
0,780,4984.91218
0,803,4987.209034
0,860,4989.140887
0,778,4991.285817
0,776,4992.972076
0,793,4994.696801
0,876,4997.300939
0,782,4999.176059
0,778,5000.930946
0,777,5003.092216
0,782,5004.899697
0,791,5007.160021
0,774,5009.016769
0,850,5010.922637
0,782,5013.285192
0,885,5015.268563
0,852,5017.943345
0,887,5020.398305
0,777,5022.189997
0,777,5024.478297
0,774,5026.216544
0,785,5028.635763
0,860,5030.673939
0,844,5032.797263
0,782,5035.0481
0,796,5037.001502
0,781,5039.156473
0,882,5041.301338
0,875,5043.377453
0,784,5045.62443
0,789,5047.424597
0,794,5049.804176
0,908,5052.158922
0,811,5053.892621
0,901,5056.357327
0,791,5058.172511
0,805,5060.354989
0,791,5062.112659
0,800,5063.932233
0,808,5066.293926
0,798,5068.199998
0,896,5070.907652
0,819,5072.717594
0,901,5075.028764
0,816,5077.424554
0,908,5079.456412
0,817,5081.748596
0,830,5083.601083
0,799,5085.786311
0,875,5087.918604
0,831,5089.780086
0,817,5092.068868
0,824,5094.154632
0,791,5096.325421
0,823,5098.403451
0,893,5100.442285
0,908,5102.993968
0,816,5104.768008
0,831,5107.245951
0,833,5109.193485
0,834,5111.133445
0,906,5113.589944
0,993,5116.034371
0,970,5119.056024
0,825,5120.961413
0,908,5123.594176
0,905,5125.808023
0,902,5128.430196
0,915,5130.494588
0,901,5132.550113
0,990,5135.449315
0,903,5137.467399
0,828,5139.912062
0,910,5141.901103
0,902,5144.328286
0,904,5146.432252
0,815,5148.710172
0,922,5150.761778
0,971,5153.174257
0,919,5155.704604
0,986,5158.124863
0,905,5160.594226
0,903,5162.671197
0,914,5165.220951
0,936,5167.380928
0,923,5170.028991
0,995,5172.452506
0,1044,5175.361368
0,978,5177.609156
0,994,5180.249371
0,925,5182.382915
0,932,5184.633077
0,922,5187.340256
0,975,5189.710917
0,986,5192.538221
0,985,5194.803025
0,921,5197.530734
0,927,5199.58766
0,993,5202.351219
0,915,5204.317523
0,839,5206.843224
0,923,5209.146243
0,857,5211.086631
0,905,5213.620287
0,840,5215.508648
0,847,5217.894199
0,1015,5220.16881
0,979,5223.18199
0,822,5225.203235
0,898,5227.878015
0,881,5229.838336
0,802,5231.589781
0,872,5234.099
0,810,5236.025169
0,830,5238.473746
0,840,5240.464708
0,830,5242.399532
0,825,5244.639152
0,901,5246.874188
0,828,5249.164541
0,830,5251.027376
0,845,5253.054179
0,881,5255.595837
0,988,5257.870767
0,996,5260.635728
0,891,5262.657909
0,880,5265.279804
0,809,5267.009215
0,907,5269.434494
0,899,5271.565102
0,938,5273.659535
0,811,5275.916768
0,827,5277.746621
0,921,5280.382471
0,816,5282.493905
0,817,5284.729833
0,797,5286.51648
0,859,5288.495224
0,811,5290.911046
0,807,5292.707018
0,889,5295.163292
0,877,5297.37012
0,799,5299.230787
0,901,5301.861186
0,807,5303.694181
0,858,5306.117
0,890,5308.131116
0,927,5310.814915
0,874,5312.847014
0,877,5314.885186
0,804,5317.318868
0,797,5319.106331
0,798,5321.398228
0,884,5323.526848
0,802,5325.295321
0,798,5327.499059
0,799,5329.565238
0,925,5332.09493
0,796,5333.933123
0,898,5335.883596
0,796,5338.281962
0,805,5340.098548
0,848,5342.471892
0,850,5344.503515
0,803,5346.355993
0,802,5348.707523
0,787,5350.521923
0,879,5353.178837
0,864,5355.304592
0,801,5357.111241
0,731,5359.281718
0,721,5360.996225
0,855,5363.629303
0,713,5365.4049
0,779,5367.322313
0,715,5369.51425
0,725,5371.401941
0,797,5373.208554
0,713,5375.28961
0,687,5377.036517
0,794,5378.92788
0,791,5381.07713
0,811,5382.876022
0,708,5385.001048
0,706,5386.565547
0,792,5388.299776
0,819,5390.558798
0,796,5392.464775
0,801,5394.640934
0,896,5396.609927
0,879,5398.592357
0,779,5400.860672
0,743,5402.477421
0,725,5403.991477
0,811,5406.210039
0,872,5408.18452
0,890,5410.795393
0,795,5412.646236
0,796,5414.93403
0,706,5416.583305
0,722,5418.116133
0,877,5420.632592
0,778,5422.285767
0,886,5424.213331
0,737,5426.321944
0,880,5428.341276
0,799,5430.613093
0,805,5432.486163
0,799,5434.251279
0,820,5436.563268
0,802,5438.505661
0,902,5441.064934
0,903,5443.099815
0,888,5445.595375
0,901,5448.062173
0,898,5450.157839
0,810,5452.360648
0,838,5454.314986
0,808,5456.729677
0,860,5458.739396
0,875,5460.762039
0,866,5463.374564
0,855,5465.415351
0,875,5467.891292
0,846,5469.793462
0,864,5472.188767
0,866,5474.134456
0,818,5476.007115
0,878,5478.499058
0,811,5480.401262
0,824,5482.799891
0,879,5484.950619
0,876,5486.881308
0,907,5489.284353
0,885,5491.455832
0,833,5493.940012
0,877,5495.89049
0,897,5498.288318
0,834,5500.223827
0,831,5502.137581
0,824,5504.618651
0,862,5506.486274
0,868,5508.970561
0,861,5510.913508
0,860,5512.938151
0,997,5515.91309
0,931,5517.985885
0,1007,5520.708725
0,989,5523.150639
0,865,5525.571284
0,865,5527.429822
0,908,5529.859565
0,914,5531.951123
0,881,5534.353405
0,848,5536.223246
0,866,5538.090683
0,830,5540.333257
0,856,5542.419604
0,826,5544.812978
0,835,5546.832151
0,816,5548.586047
0,823,5550.986962
0,866,5552.907107
0,823,5555.170899
0,822,5557.099049
0,883,5559.669358
0,838,5561.681928
0,880,5563.786878
0,908,5566.265486
0,878,5568.560953
0,831,5571.006764
0,868,5572.976998
0,824,5574.81849
0,814,5577.141629
0,888,5579.076172
0,816,5581.243833
0,864,5583.328271
0,880,5585.673713
0,877,5587.674243
0,822,5589.693643
0,831,5592.264178
0,827,5594.074447
0,826,5596.341475
0,904,5598.554869
0,906,5600.584805
0,829,5603.038223
0,829,5604.857545
0,818,5607.171349
0,832,5609.054187
0,894,5611.531034
0,870,5613.470747
0,808,5615.367466
0,824,5617.559837
0,822,5619.385837
0,907,5622.006453
0,818,5623.803279
0,893,5625.78469
0,814,5628.092848
0,811,5629.880921
0,894,5632.437567
0,824,5634.556585
0,831,5636.424999
0,825,5639.057433
0,839,5641.12616
0,926,5643.739215
0,934,5645.821544
0,1007,5649.115899
0,917,5651.258634
0,828,5653.686141
0,839,5655.595591
0,918,5657.651115
0,951,5660.448562
0,859,5662.286229
0,949,5664.796201
0,842,5666.718662
0,928,5669.210896
0,853,5671.448509
0,955,5673.700414
0,1023,5676.581013
0,840,5678.419815
0,942,5681.02375
0,1021,5683.218128
0,935,5685.792369
0,856,5687.700361
0,1015,5690.454397
0,860,5692.472713
0,941,5695.021889
0,975,5697.306752
0,1065,5700.133361
0,1025,5702.446953
0,944,5705.09119
0,837,5706.998873
0,938,5709.365565
0,864,5711.710086
0,943,5713.765399
0,910,5716.336452
0,1022,5718.784123
0,894,5721.538487
0,831,5723.595136
0,829,5725.545275
0,875,5728.351523
0,834,5730.090397
0,907,5732.700135
0,825,5734.694677
0,926,5737.16455
0,902,5739.417298
0,886,5741.663829
0,888,5744.112635
0,894,5746.050984
0,876,5748.473671
0,905,5750.46988
0,797,5752.795717
0,730,5754.52759
0,871,5756.401273
0,876,5758.828238
0,868,5760.961597
0,854,5763.521484
0,731,5765.370373
0,720,5767.133044
0,860,5769.672786
0,795,5771.541173
0,866,5773.916968
0,739,5775.648658
0,722,5777.404939
0,708,5779.778516
0,871,5781.74571
0,872,5784.367234
0,805,5786.21138
0,737,5787.94058
0,871,5790.656285
0,800,5792.834924
0,875,5795.265395
0,724,5796.929325
0,746,5798.857936
0,737,5801.1307
0,740,5802.812024
0,890,5804.855304
0,889,5807.239107
0,811,5808.898382
0,895,5811.277118
0,728,5812.803957
0,892,5814.794241
0,798,5816.856139
0,885,5818.958091
0,728,5820.868644
0,877,5822.807084
0,733,5824.488496
0,888,5826.795225
0,741,5828.495056
0,801,5830.539035
0,702,5832.11325
0,695,5833.745252
0,874,5836.385101
0,910,5838.378239
0,891,5840.919192
0,927,5843.022884
0,951,5845.177821
0,721,5847.031853
0,712,5848.555897
0,799,5850.772537
0,903,5852.732551
0,727,5854.283893
0,921,5856.802325
0,905,5858.77213
0,710,5860.69676
0,699,5862.280586
0,884,5864.332753
0,700,5866.284639
0,883,5868.103762
0,832,5870.244724
0,682,5871.874117
0,686,5873.387649
0,897,5875.786559
0,844,5877.520213
0,777,5879.185532
0,785,5881.476649
0,679,5882.862582
0,694,5884.794004
0,825,5886.657856
0,681,5888.064734
0,819,5890.409284
0,671,5891.837714
0,666,5893.295115
0,824,5895.423947
0,775,5897.124681
0,781,5899.048722
0,756,5901.154761
0,754,5902.641818
0,642,5904.5162
0,666,5905.860597
0,700,5907.261435
0,748,5909.322231
0,791,5911.174961
0,661,5912.631743
0,736,5914.841798
0,684,5916.290594
0,683,5917.80193
0,767,5919.931385
0,669,5921.397848
0,678,5922.956394
0,809,5924.983206
0,769,5926.549351
0,815,5928.319501
0,796,5930.377546
0,778,5932.097549
0,810,5934.453019
0,666,5936.070632
0,674,5937.49509
0,787,5939.57726
0,711,5941.137005
0,667,5942.574114
0,702,5944.432131
0,766,5946.099122
0,673,5947.521294
0,701,5949.35384
0,758,5950.967104
0,761,5952.929307
0,695,5954.613274
0,789,5956.26493
0,687,5958.232122
0,697,5959.669911
0,676,5961.164797
0,774,5963.454089
0,780,5965.116771
0,770,5966.666013
0,800,5968.678376
0,695,5970.045073
0,677,5971.373867
0,798,5973.405074
0,694,5974.988787
0,788,5977.249922
0,690,5978.597761
0,813,5980.162398
0,776,5982.298926
0,697,5983.931672
0,706,5985.413844
0,765,5987.313866
0,789,5988.924938
0,706,5990.355429
0,797,5992.713542
0,783,5994.32902
0,782,5996.396934
0,767,5998.230748
0,690,5999.653101
0,780,6001.834131
0,766,6003.508951
0,694,6004.937231
0,688,6006.831482
0,764,6008.556721
0,696,6009.899437
0,705,6011.859904
0,768,6013.404401
0,660,6014.899385
0,776,6016.904256
0,678,6018.374624
0,809,6020.571186
0,776,6022.282628
0,792,6024.098982
0,806,6026.178875
0,787,6027.865225
0,775,6029.867869
0,867,6031.658044
0,773,6033.263024
0,758,6035.118999
0,693,6036.751776
0,690,6038.118574
0,684,6039.902959
0,844,6041.612232
0,713,6043.087981
0,705,6044.995959
0,823,6046.765469
0,800,6048.944179
0,711,6050.420639
0,862,6052.212865
0,930,6054.609349
0,722,6056.096657
0,704,6057.968769
0,702,6059.526527
0,848,6061.25615
0,700,6063.0649
0,850,6064.847993
0,699,6066.395141
0,716,6068.343799
0,705,6069.961811
0,793,6072.157111
0,709,6074.111194
0,838,6076.138803
0,891,6078.383962
0,829,6080.075893
0,714,6081.547399
0,701,6083.497879
0,703,6085.045376
0,973,6087.574224
0,702,6089.089604
0,835,6090.795871
0,826,6092.941724
0,716,6094.410577
0,727,6096.004099
0,693,6097.783799
0,782,6099.529081
0,845,6101.854247
0,704,6103.442154
0,697,6105.029894
0,712,6106.935024
0,882,6108.9483
0,707,6110.425371
0,708,6112.312442
0,841,6114.049721
0,693,6115.438111
0,717,6117.21989
0,683,6118.590435
0,699,6119.998407
0,810,6122.115343
0,774,6123.812941
0,700,6125.855345
0,687,6127.19896
0,695,6128.69171
0,712,6130.737355
0,700,6132.290445
0,709,6133.677042
0,716,6135.497263
0,711,6137.060592
0,700,6138.473937
0,706,6140.405724
0,711,6141.851059
0,708,6143.269022
0,725,6145.275798
0,795,6146.918854
0,706,6148.532498
0,798,6150.502382
0,847,6152.209211
0,826,6154.277671
0,785,6155.935962
0,721,6157.440688
0,718,6159.345836
0,896,6161.237854
0,906,6163.478552
0,696,6164.918094
0,828,6166.595498
0,719,6168.465275
0,701,6170.059042
0,739,6171.570875
0,799,6173.693451
0,809,6175.324007
0,709,6177.307417
0,782,6178.947562
0,704,6180.397658
0,805,6182.578422
0,690,6184.074056
0,769,6185.662665
0,754,6187.836697
0,684,6189.186807
0,779,6190.954845
0,758,6192.950057
0,685,6194.310754
0,755,6196.398009
0,672,6197.853011
0,756,6199.689282
0,787,6201.900484
0,779,6203.452261
0,789,6204.976731
0,759,6207.102331
0,755,6208.728586
0,762,6210.710194
0,705,6212.238657
0,778,6213.877515
0,692,6215.729869
0,687,6217.330295
0,692,6218.711716
0,701,6220.639684
0,727,6222.358828
0,766,6224.237323
0,798,6226.401483
0,807,6228.168137
0,702,6229.672049
0,780,6231.646199
0,707,6233.085063
0,707,6235.001647
0,794,6236.798895
0,710,6238.283117
0,809,6240.390252
0,699,6241.868397
0,714,6243.451481
0,714,6245.462146
0,887,6247.36784
0,821,6249.479696
0,862,6251.388626
0,791,6252.944841
0,812,6254.930111
0,772,6256.487845
0,709,6258.007826
0,736,6260.028086
0,714,6261.662747
0,726,6263.434409
0,808,6265.08659
0,810,6266.854301
0,733,6268.7211
0,722,6270.294611
0,717,6271.731481
0,712,6273.647593
0,826,6275.278129
0,720,6276.680815
0,720,6278.621077
0,928,6280.570123
0,926,6282.88792
0,910,6284.836783
0,913,6287.423073
0,729,6289.10296
0,728,6290.856829
0,808,6293.042049
0,730,6294.613158
0,897,6296.878315
0,863,6298.717701
0,748,6300.224727
0,727,6302.292977
0,736,6303.7931
0,879,6305.60593
0,738,6307.521133
0,732,6308.953433
0,897,6311.17131
0,811,6312.873365
0,883,6314.9659
0,708,6316.782216
0,705,6318.22013
0,717,6319.834289
0,695,6321.781269
0,802,6323.53031
0,708,6325.660322
0,806,6327.441183
0,795,6328.990958
0,712,6330.813332
0,788,6332.493648
0,720,6334.019734
0,703,6336.0739
0,694,6337.563424
0,786,6339.113353
0,690,6340.934214
0,760,6342.438228
0,819,6344.635041
0,798,6346.315497
0,782,6347.895306
0,719,6349.751609
0,797,6351.408059
0,700,6352.796262
0,783,6354.798038
0,808,6356.341106
0,708,6358.269756
0,701,6359.960839
0,719,6361.375885
0,733,6363.22168
0,785,6364.796016
0,778,6366.309036
0,774,6368.341513
0,761,6370.114711
0,703,6371.589944
0,767,6373.57249
0,720,6375.045762
0,710,6376.875669
0,701,6378.370108
0,704,6380.029025
0,779,6382.012034
0,724,6383.565444
0,747,6385.09518
0,753,6387.126016
0,708,6388.670676
0,713,6390.255923
0,701,6392.375435
0,731,6394.101746
0,746,6395.674618
0,704,6397.590238
0,787,6399.264127
0,772,6401.280771
0,742,6402.798375
0,714,6404.316645
0,712,6406.247673
0,726,6407.712625
0,772,6409.31366
0,699,6411.173302
0,718,6412.780357
0,718,6414.348068
0,791,6416.445672
0,786,6418.094695
0,732,6420.008184
0,711,6421.884039
0,772,6423.701017
0,703,6425.63175
0,704,6427.472568
0,704,6429.072604
0,716,6430.99063
0,790,6432.747083
0,693,6434.107766
0,752,6436.053039
0,780,6437.776352
0,751,6439.44576
0,777,6441.51081
0,715,6443.098849
0,759,6445.063904
0,698,6446.58375
0,791,6448.21171
0,820,6450.527298
0,764,6452.258417
0,706,6453.764347
0,794,6455.863693
0,715,6457.480983
0,785,6459.620283
0,703,6461.061361
0,775,6462.641524
0,783,6464.919006
0,731,6466.557981
0,842,6468.582241
0,793,6470.553292
0,728,6471.956635
0,826,6474.197277
0,813,6475.871248
0,712,6477.580024
0,795,6480.053232
0,790,6481.746345
0,827,6483.422542
0,732,6485.34589
0,721,6486.858948
0,821,6488.976595
0,805,6490.542608
0,905,6492.338669
0,887,6494.544145
0,735,6496.071123
0,790,6498.07477
0,749,6499.642627
0,736,6501.179781
0,834,6503.641813
0,742,6505.23684
0,714,6506.716516
0,813,6508.999132
0,831,6510.663264
0,893,6512.920762
0,886,6514.761606
0,806,6516.399348
0,827,6518.79968
0,741,6520.381508
0,823,6522.398939
0,743,6523.95422
0,902,6525.820399
0,726,6527.7198
0,712,6529.294398
0,716,6531.11093
0,735,6532.879098
0,702,6534.267554
0,827,6536.369123
0,720,6537.810324
0,719,6539.360851
0,727,6541.279243
0,822,6543.047926
0,721,6544.466857
0,721,6546.338482
0,808,6548.055963
0,736,6549.970185
0,798,6551.603706
0,727,6553.053233
0,706,6554.941388
0,906,6556.86044
0,818,6558.547876
0,829,6560.799934
0,816,6562.48665
0,824,6564.840005
0,717,6566.363619
0,914,6568.313569
0,754,6570.290488
0,814,6571.939903
0,737,6573.812808
0,908,6575.608618
0,753,6577.134027
0,913,6579.537709
0,730,6581.049657
0,834,6583.151128
0,911,6585.06197
0,739,6586.570138
0,936,6588.756955
0,890,6590.542839
0,811,6592.775807
0,726,6594.211201
0,926,6596.455856
0,886,6598.341976
0,728,6599.809511
0,921,6602.113427
0,702,6603.605736
0,729,6605.297548
0,725,6607.575532
0,720,6609.05131
0,708,6610.532351
0,743,6612.411549
0,728,6613.835003
0,943,6616.28723
0,910,6618.193254
0,729,6619.585579
0,706,6621.522761
0,826,6623.273702
0,831,6625.359824
0,851,6627.064053
0,827,6628.75367
0,717,6630.84551
0,737,6632.526809
0,923,6634.727475
0,705,6636.277587
0,747,6637.846087
0,901,6640.128489
0,727,6641.854476
0,733,6643.600427
0,915,6645.987116
0,912,6647.884612
0,730,6649.928652
0,708,6651.439917
0,810,6653.061444
0,798,6655.349224
0,787,6657.086378
0,792,6659.291368
0,797,6661.060953
0,791,6662.671417
0,876,6665.166722
0,818,6666.774874
0,719,6668.730856
0,783,6670.345734
0,701,6672.051987
0,715,6674.0425
0,720,6675.474619
0,725,6677.289814
0,785,6679.538289
0,731,6681.145309
0,841,6683.308605
0,707,6684.684609
0,704,6686.143399
0,717,6688.179729
0,705,6689.589473
0,729,6691.105124
0,704,6693.10422
0,807,6694.859504
0,820,6696.763792
0,734,6698.647897
0,846,6700.48017
0,816,6702.675367
0,834,6704.476525
0,894,6706.158205
0,706,6707.970424
0,816,6709.682022
0,783,6711.749069
0,699,6713.219049
0,816,6714.884711
0,718,6716.907354
0,707,6718.377912
0,725,6719.991184
0,715,6721.774724
0,704,6723.246729
0,777,6724.811229
0,820,6726.971887
0,715,6728.385561
0,703,6729.850268
0,705,6731.706775
0,805,6733.30711
0,705,6735.207971
0,721,6736.859086
0,827,6738.538177
0,720,6740.657974
0,821,6742.370636
0,717,6743.907282
0,828,6745.972062
0,704,6747.439214
0,822,6749.591176
0,734,6751.14587
0,818,6752.783908
0,818,6755.057511
0,716,6756.572204
0,740,6758.2262
0,886,6760.74508
0,892,6762.602014
0,710,6764.800357
0,715,6766.225291
0,719,6767.648999
0,798,6769.712921
0,716,6771.179811
0,776,6772.721878
0,704,6774.557581
0,703,6775.86656
0,710,6777.562798
0,754,6779.448301
0,690,6780.996852
0,699,6782.826589
0,696,6784.335643
0,766,6786.027626
0,700,6787.822458
0,699,6789.279013
0,754,6790.882959
0,695,6792.616978
0,778,6794.216115
0,708,6795.765556
0,758,6797.733305
0,709,6799.18422
0,770,6800.700877
0,801,6802.80252
0,777,6804.403722
0,697,6806.217099
0,790,6807.930082
0,758,6809.687832
0,710,6811.611305
0,760,6813.211385
0,690,6814.573893
0,706,6816.445379
0,701,6817.944358
0,698,6819.429416
0,756,6821.402138
0,698,6822.818575
0,779,6824.940001
0,781,6826.620789
0,692,6828.101523
0,792,6830.215593
0,796,6831.75423
0,785,6833.339543
0,783,6835.394243
0,700,6836.977395
0,694,6838.36628
0,703,6840.334396
0,702,6841.844399
0,702,6843.451627
0,818,6845.605884
0,786,6847.134193
0,811,6849.254644
0,799,6850.887556
0,707,6852.413571
0,804,6854.557739
0,800,6856.336062
0,789,6858.300543
0,716,6859.823725
0,810,6861.585285
0,718,6863.410379
0,716,6865.184567
0,803,6866.893547
0,736,6868.962202
0,712,6870.397331
0,799,6872.015177
0,714,6873.852517
0,721,6875.275784
0,718,6877.196669
0,807,6878.974838
0,732,6880.648355
0,718,6882.565341
0,725,6884.13526
0,801,6885.751496
0,710,6887.699395
0,716,6889.181587
0,721,6890.742602
0,787,6892.812137
0,775,6894.447655
0,715,6896.277692
0,802,6897.857965
0,776,6899.569359
0,811,6901.705729
0,829,6903.660759
0,732,6905.280797
0,721,6907.203335
0,738,6908.708958
0,733,6910.909654
0,742,6912.519748
0,798,6914.235027
0,825,6916.373994
0,827,6917.986818
0,833,6920.007561
0,817,6921.683285
0,908,6923.522193
0,830,6925.551639
0,759,6927.319709
0,830,6929.504343
0,826,6931.523615
0,846,6933.464469
0,805,6935.503013
0,734,6937.023406
0,824,6939.155067
0,749,6940.719855
0,757,6942.450496
0,754,6944.455398
0,749,6945.956011
0,753,6947.549916
0,816,6949.498014
0,791,6951.04914
0,748,6952.82896
0,824,6954.816587
0,745,6956.581402
0,783,6958.655169
0,791,6960.512538
0,797,6962.315273
0,781,6964.414383
0,788,6966.00644
0,714,6967.84058
0,739,6969.440489
0,780,6971.269925
0,734,6973.277966
0,771,6974.959247
0,729,6976.509355
0,792,6978.647996
0,738,6980.345858
0,725,6981.867471
0,724,6983.924159
0,792,6985.671844
0,825,6987.720398
0,792,6989.503855
0,795,6991.082788
0,811,6993.277778
0,832,6994.898594
0,811,6997.025145
0,712,6998.611496
0,779,7000.49228
0,821,7002.696139
0,727,7004.176057
0,807,7005.906407
0,750,7007.864542
0,745,7009.381605
0,789,7011.49297
0,810,7013.194383
0,805,7014.741122
0,745,7016.569053
0,799,7018.518052
0,815,7020.689255
0,761,7022.371137
0,760,7023.87761
0,810,7025.897773
0,830,7027.768688
0,751,7029.344575
0,764,7031.306839
0,888,7033.140058
0,821,7035.241299
0,903,7036.955474
0,759,7038.537975
0,765,7040.505485
0,826,7042.117666
0,827,7044.336888
0,834,7046.140579
0,884,7048.22187
0,756,7050.216247
0,826,7051.983656
0,894,7054.301764
0,827,7056.161188
0,825,7057.80866
0,828,7060.002511
0,882,7061.792304
0,830,7064.097697
0,829,7065.867918
0,864,7067.966406
0,844,7069.7234
0,831,7071.502329
0,897,7073.776938
0,826,7075.478856
0,832,7077.779782
0,824,7079.442045
0,825,7081.157043
0,879,7083.425593
0,902,7085.346752
0,820,7087.567409
0,886,7089.261709
0,888,7091.465297
0,905,7093.630222
0,898,7095.753304
0,899,7098.083579
0,923,7100.188863
0,829,7102.609272
0,835,7104.363709
0,762,7106.466935
0,825,7108.181265
0,904,7109.992827
0,895,7112.142235
0,830,7113.845602
0,902,7116.184848
0,874,7117.934722
0,825,7119.584193
0,893,7121.826429
0,837,7123.606864
0,894,7125.963754
0,825,7127.888096
0,829,7130.121531
0,925,7131.905392
0,843,7133.714592
0,828,7135.947832
0,823,7137.580901
0,872,7139.79523
0,876,7141.835672
0,881,7144.053105
0,883,7145.968647
0,901,7147.804844
0,876,7150.118522
0,825,7151.828182
0,830,7154.049951
0,871,7155.897585
0,889,7157.682487
0,892,7159.798768
0,888,7161.533144
0,898,7163.801555
0,753,7165.369828
0,824,7167.489883
0,824,7169.110415
0,888,7170.955984
0,835,7173.131078
0,821,7174.868817
0,890,7177.110956
0,839,7178.949605
0,900,7180.890388
0,841,7183.088246
0,896,7184.914522
0,877,7187.122417
0,879,7188.981732
0,832,7191.380058
0,892,7193.191709
0,846,7195.15216
0,834,7197.235789
0,895,7199.061692
0,844,7201.146651
0,843,7202.896641
0,844,7204.962737
0,916,7206.824093
0,899,7208.783693
0,847,7211.054124
0,855,7213.216782
0,906,7215.738041
0,922,7217.589834
0,912,7219.834137
0,926,7221.673669
0,864,7223.36109
0,857,7225.893904
0,841,7227.748776
0,886,7230.181226
0,892,7231.944885
0,876,7234.006458
0,882,7235.708375
0,851,7237.481782
0,841,7239.654508
0,884,7241.330032
