n_updates,fps,ep_len_mean,explained_variance,time_elapsed,serial_timesteps,policy_loss,ep_reward_mean,clipfrac,total_timesteps,value_loss,policy_entropy,approxkl
1,321,67.83333333333333,0.0044515132904052734,2.86102294921875e-06,2048,-0.002035079,64.084824,0.030078124,2048,79.80027,1.4363914,0.0028141344
2,329,73.58181818181818,0.025008320808410645,6.367174863815308,4096,-0.0020780216,69.73630472727272,0.015625,4096,85.8694,1.45948,0.001455673
3,327,74.17073170731707,0.0528409481048584,12.576992988586426,6144,-0.0017661735,70.33453048780488,0.03618164,6144,81.55299,1.4800904,0.003291787
4,322,77.99,0.07470518350601196,18.83415174484253,8192,-0.0038139026,74.07052178999999,0.029150391,8192,85.2845,1.5093566,0.0025643138
5,325,81.99,0.10599088668823242,25.192847967147827,10240,-0.0028914488,77.97754743,0.022314453,10240,83.78114,1.5204201,0.0025629834
6,322,84.14,0.15058809518814087,31.487791061401367,12288,-0.0033283215,80.09340063,0.04902344,12288,83.48862,1.5251609,0.0040692245
7,322,90.76,0.19585222005844116,37.8379008769989,14336,-0.0023570354,86.62901623000002,0.025439452,14336,86.24925,1.5294428,0.0027088844
8,319,94.57,0.23740655183792114,44.18659973144531,16384,-0.0007164688,90.35280155000001,0.012011719,16384,84.350395,1.5285989,0.001444062
9,317,100.89,0.2930724024772644,50.603606939315796,18432,-0.0025426936,96.61183809,0.026855469,18432,86.95514,1.543547,0.0027031607
10,311,106.9,0.3471584916114807,57.05382800102234,20480,-0.0011854849,102.53683312999999,0.009863282,20480,83.419235,1.5483999,0.0015194839
11,272,117.01,0.38561320304870605,63.62074589729309,22528,-0.0010791011,112.49109870999999,0.027734375,22528,89.4435,1.5443575,0.0026234086
12,306,126.21,0.44422250986099243,71.14341688156128,24576,-0.0013924863,121.52715043999999,0.029199218,24576,86.40204,1.5550319,0.0027604152
13,309,135.37,0.4594091773033142,77.83749794960022,26624,-0.0023289216,130.40959674,0.017724609,26624,82.96883,1.5664563,0.0019051781
14,305,142.9,0.5116049945354462,84.45762777328491,28672,-0.0016907689,137.72447427,0.041308593,28672,79.67069,1.5709517,0.003598644
15,313,150.61,0.5433511435985565,91.1641309261322,30720,-0.0012104296,145.11395311999996,0.0125488285,30720,76.71532,1.5660049,0.0016074808
16,311,156.62,0.5559764504432678,97.69712400436401,32768,-0.0032589957,150.79181889,0.035009764,32768,74.84235,1.5775907,0.0031655715
17,302,166.0,0.5850332379341125,104.28248071670532,34816,-0.0054229153,159.84633519999997,0.044433594,34816,76.246445,1.6099669,0.003784657
18,308,174.53,0.547878623008728,111.04626083374023,36864,-0.0029690375,167.92950566000002,0.026757812,36864,72.263664,1.643418,0.002397068
19,300,184.25,0.5870028138160706,117.68815898895264,38912,-0.0009380171,177.16656683000002,0.024560547,38912,70.7427,1.658342,0.0023738588
20,307,187.51,0.5758328139781952,124.51088094711304,40960,-0.00046970174,180.09462498000002,0.009521484,40960,69.955826,1.6544294,0.0014917997
21,309,192.67,0.6475380063056946,131.17298293113708,43008,-0.003699439,184.73656949,0.038085938,43008,63.91546,1.6610113,0.0032683301
22,309,197.41,0.6199098527431488,137.787850856781,45056,-0.002947614,189.07021959000002,0.034082033,45056,64.017044,1.6831996,0.002851761
23,305,198.27,0.6965949237346649,144.40984892845154,47104,-0.00498728,189.53958219,0.04433594,47104,61.76761,1.6916656,0.0037304212
24,308,203.28,0.667834609746933,151.10904002189636,49152,-0.003111466,194.07772933999996,0.023242187,49152,57.43766,1.711066,0.0021504327
25,307,207.49,0.7045643627643585,157.751727104187,51200,-0.00027193857,197.95985621,0.017724609,51200,58.85672,1.7301867,0.0018195113
26,312,211.18,0.7362640798091888,164.42494201660156,53248,-0.0005466982,201.30730807,0.01850586,53248,55.21389,1.7358568,0.0024517328
27,306,213.66,0.6851509511470795,170.98343014717102,55296,-0.002117329,203.58507084999997,0.017480468,55296,58.440968,1.7429883,0.0017774577
28,308,215.01,0.7020169794559479,177.66356086730957,57344,-0.0023641908,204.77296081,0.02631836,57344,55.505634,1.7572047,0.0026312978
29,302,220.36,0.7162050306797028,184.31122303009033,59392,-0.0010556916,209.92563095999995,0.021191407,59392,55.15197,1.7615694,0.0024178294
30,308,216.84,0.7371689677238464,191.08456587791443,61440,-0.0022652126,206.35414165000003,0.03100586,61440,48.70189,1.7646443,0.003056573
31,309,219.8,0.7700072973966599,197.7261507511139,63488,-0.0018352701,209.16592973,0.019628907,63488,49.248615,1.7732998,0.0022376634
32,303,224.06,0.680239737033844,204.35384583473206,65536,-0.00272085,213.36321342,0.025488282,65536,53.17121,1.7857945,0.0025242246
33,297,227.89,0.6047278642654419,211.0977098941803,67584,-0.0015074593,217.18874085,0.017333984,67584,51.239635,1.7954727,0.0018309376
34,301,233.1,0.7640858143568039,217.97550296783447,69632,-0.0016019394,222.37519172,0.018847656,69632,47.88011,1.8071406,0.0021343397
35,295,239.67,0.6370078027248383,224.76984071731567,71680,-0.001056912,228.94465191,0.022998046,71680,49.945885,1.8249184,0.0022993835
36,300,249.06,0.6678596138954163,231.69905185699463,73728,-0.0014008506,238.06589033000003,0.008984375,73728,50.48474,1.8336073,0.0013550515
37,292,252.72,0.6995612382888794,238.52717089653015,75776,-0.00082603993,241.70934846,0.019335937,75776,45.389366,1.8401539,0.0020729988
38,292,260.85,0.7589514404535294,245.52423000335693,77824,-0.00064253283,249.75783450999998,0.017480468,77824,44.8042,1.8603306,0.0016971175
39,292,264.35,0.7957219332456589,252.53801894187927,79872,-0.0019427103,253.22418806000002,0.019628907,79872,41.016838,1.8806064,0.0020383704
40,296,264.02,0.8459770828485489,259.55088567733765,81920,-0.0006833704,253.01833178,0.00625,81920,36.01609,1.882316,0.0014047181
41,296,262.01,0.8635518252849579,266.4579167366028,83968,-0.0010868689,251.19228692000004,0.010693359,83968,32.325764,1.8759104,0.0013602216
42,300,257.02,0.8575516641139984,273.3680307865143,86016,-0.0006785383,246.34561227999998,0.00068359374,86016,30.83461,1.8815027,0.0003287196
43,296,255.53,0.8776970654726028,280.19152092933655,88064,-0.0023574755,245.05262861000003,0.024121094,88064,29.918295,1.8915917,0.0024764284
44,282,254.38,0.8911295756697655,287.1067428588867,90112,-0.0049679936,244.04660896999997,0.03339844,90112,31.798758,1.8999698,0.0030685891
45,256,255.82,0.8743520379066467,294.36145401000977,92160,-0.0026892354,245.66651619,0.037597656,92160,32.308437,1.9220836,0.0033188283
46,274,255.3,0.8681548088788986,302.34084391593933,94208,-0.002962019,245.10354081999998,0.015820313,94208,31.44169,1.939565,0.0018808802
47,276,258.09,0.8118601441383362,309.80267000198364,96256,-0.0052164076,247.66196528,0.04477539,96256,33.355724,1.9561714,0.0037211129
48,298,257.93,0.8857354000210762,317.21549797058105,98304,-0.0006606657,247.46772158,0.013623047,98304,31.23606,1.9699843,0.0016793587
49,298,257.53,0.8858831226825714,324.0866401195526,100352,-0.0037649132,247.01497379000003,0.033203125,100352,30.528614,1.9839029,0.0029073828
50,293,258.06,0.8860930278897285,330.9529387950897,102400,-0.0016446967,247.52058235999993,0.021289062,102400,28.008274,1.9892117,0.0030166158
51,295,254.22,0.9122477397322655,337.9361209869385,104448,0.00021823717,243.79518447,0.0059082033,104448,23.888117,1.9825445,0.00108912
52,295,253.26,0.9307267069816589,344.87110805511475,106496,-0.005419039,242.89977716000004,0.05415039,106496,23.622639,1.9945576,0.004395367
53,296,256.08,0.9038269519805908,351.8025667667389,108544,-0.0005091653,245.44503438,0.0108886715,108544,23.81902,2.005247,0.0015326493
54,291,259.9,0.9202527403831482,358.7119150161743,110592,-0.0010620413,249.17007757,0.004296875,110592,22.300835,1.9981353,0.0010464885
55,287,265.95,0.9210128411650658,365.7306308746338,112640,-0.0058442764,254.89803949,0.04892578,112640,22.975826,1.99734,0.0041124304
56,296,272.85,0.9207223504781723,372.8695778846741,114688,-0.0011668042,261.38837815,0.011767578,114688,21.986,2.0068164,0.001654675
57,292,278.45,0.8975496515631676,379.7731430530548,116736,-0.0030416532,266.74903991,0.021582032,116736,23.925724,2.0139036,0.0022768131
58,290,281.56,0.9420668855309486,386.77607583999634,118784,-0.004426281,269.60329988999996,0.041894533,118784,19.789635,2.0291212,0.0034735135
59,290,283.39,0.9320599064230919,393.8271369934082,120832,-0.0007737844,271.24772325000004,0.016113281,120832,20.49873,2.0354934,0.0018377781
60,292,281.79,0.9285062700510025,400.8677921295166,122880,-0.00096868083,269.67649159000007,0.007470703,122880,19.515453,2.0256364,0.0013816323
61,292,281.37,0.9150247052311897,407.8830440044403,124928,-0.0014802438,269.13495005,0.008154297,124928,19.513655,2.0142903,0.001367393
62,297,275.94,0.91887316852808,414.89232206344604,126976,-0.0053677615,263.76235605999995,0.04506836,126976,20.064032,2.0210526,0.004072049
63,298,276.56,0.8945256769657135,421.7757589817047,129024,-0.0037358992,264.15746658,0.028466797,129024,22.831991,2.0288372,0.002841282
64,293,285.0,0.8807610869407654,428.6303777694702,131072,-0.0037242877,272.37499527,0.034814455,131072,22.526875,2.0469017,0.0032545174
65,297,294.17,0.7850272208452225,435.6097500324249,133120,-0.0036622162,281.20359453000003,0.04526367,133120,27.821308,2.0717835,0.0038915686
66,292,305.14,0.8240208774805069,442.5028519630432,135168,-0.0023886103,291.7477047,0.023339843,135168,24.609222,2.0923715,0.0023479327
67,300,314.06,0.6786725521087646,449.4979109764099,137216,-0.00078805286,300.43187435999994,0.019921875,137216,29.397614,2.1075156,0.0019228725
68,297,317.78,0.7195786833763123,456.32110571861267,139264,-0.007671792,304.3647553299999,0.039257813,139264,27.890692,2.131311,0.0033082596
69,297,328.67,0.855172336101532,463.20027208328247,141312,-0.0005369495,314.80576872,0.0035644532,141312,23.324425,2.1349308,0.0007335319
70,301,340.22,0.7332408726215363,470.0863049030304,143360,-0.004812909,326.00699634,0.033251952,143360,26.10854,2.144139,0.0029590786
71,241,346.58,0.6373557448387146,476.8918528556824,145408,-0.0010966784,332.18208070000003,0.026708985,145408,28.053177,2.1727886,0.0024450505
72,256,362.0,0.7475986778736115,485.386244058609,147456,-0.00083318056,347.30397932,0.04033203,147456,23.552937,2.19336,0.0033410068
73,249,379.28,0.8870443031191826,493.3848969936371,149504,-0.0024597489,364.09662409,0.011621093,149504,22.052372,2.1934228,0.0017429267
74,261,388.69,0.7830740064382553,501.6064097881317,151552,-0.00096441014,373.25040378,0.013671875,151552,21.07816,2.2038743,0.0014787226
75,232,400.29,0.9094620123505592,509.45500206947327,153600,-0.0016410496,384.60948714,0.02446289,153600,18.793247,2.2188375,0.0029557915
76,265,414.59,0.7174000144004822,518.2604668140411,155648,-0.00056697754,398.52747235999993,0.011279297,155648,24.353466,2.217724,0.0015397893
77,231,424.99,0.7983925193548203,525.9658889770508,157696,-0.0014774201,408.64640804999993,0.027783204,157696,20.58633,2.2271752,0.002626338
78,185,431.34,0.7235055863857269,534.7997679710388,159744,0.0003980272,414.7348054200001,0.009423828,159744,22.741457,2.2446952,0.0011801824
79,194,439.68,0.8069470822811127,545.856095790863,161792,7.1042836e-05,422.77948662000017,0.0069335937,161792,19.568867,2.2577312,0.0012235653
80,201,446.41,0.7635972797870636,556.3798110485077,163840,-0.00129817,429.3096751099999,0.014892578,163840,22.798517,2.2628822,0.001872183
81,198,453.88,0.796442374587059,566.5572829246521,165888,-0.0016713195,436.45193073999997,0.011230469,165888,19.846794,2.269074,0.001530851
82,203,466.44,0.7875854223966599,576.8526148796082,167936,-0.0014362261,448.75214282,0.0045898436,167936,19.861748,2.268177,0.0008233385
83,203,480.36,0.8659579455852509,586.8980858325958,169984,-0.0025904158,462.13611181,0.017480468,169984,15.503664,2.2851796,0.001756743
84,203,493.93,0.8775096759200096,596.9402930736542,172032,-0.0006143878,475.27230807,0.01508789,172032,14.731895,2.3020477,0.00171568
85,205,505.69,0.934066966176033,606.9893958568573,174080,-0.0035225216,486.53451093999996,0.01669922,174080,13.362422,2.3064265,0.0018956866
86,205,514.72,0.8306595683097839,616.9640319347382,176128,-0.005899808,495.31338602999995,0.046923827,176128,15.677954,2.3078458,0.0040267743
87,195,531.23,0.7898646891117096,626.9374949932098,178176,-0.00051466067,511.5146692099999,0.017724609,178176,17.700062,2.3197417,0.002064299
88,266,544.47,0.7867755591869354,637.431382894516,180224,-0.0055710627,524.43752677,0.041992188,180224,19.2469,2.3237932,0.0038564731
89,280,553.59,0.9077062383294106,645.1062619686127,182272,-0.0034166127,533.3394928100001,0.03769531,182272,12.570589,2.330368,0.0031919652
90,281,562.1,0.9142450094223022,652.4095768928528,184320,-0.0035470508,541.75736094,0.035351563,184320,12.11923,2.339409,0.0032930977
91,283,570.46,0.6510477960109711,659.6844589710236,186368,-0.000491345,549.83680635,0.015673827,186368,18.435482,2.3477714,0.0016186109
92,274,583.93,0.919917032122612,666.9161329269409,188416,-0.0030711005,562.93633478,0.023583984,188416,10.36155,2.34052,0.0025457935
93,287,595.39,0.9234402030706406,674.3860337734222,190464,-0.0017119112,574.1946925,0.022607422,190464,9.827278,2.3519702,0.0021852448
94,287,609.46,0.94585882127285,681.522579908371,192512,-0.0026986036,588.0066333,0.040039062,192512,8.777795,2.365266,0.003374891
95,286,613.43,0.9376433417201042,688.6421658992767,194560,-0.0030536822,591.81626106,0.038916014,194560,8.074292,2.3721428,0.003650371
96,286,624.27,0.9600790366530418,695.7836349010468,196608,-0.00069974957,602.4274285199999,0.016455078,196608,8.011857,2.379837,0.002248462
97,293,641.45,0.9489117227494717,702.9237229824066,198656,-0.00385922,619.0543491100001,0.023535157,198656,7.9463973,2.3863964,0.0024006478
98,289,654.42,0.9645610600709915,709.9008538722992,200704,-0.0022312005,631.53664477,0.008886719,200704,7.7752166,2.3897004,0.0014817385
99,285,655.45,0.9646760821342468,716.9818649291992,202752,-0.0040019588,632.42404569,0.031689454,202752,6.7293267,2.3995414,0.0027282664
100,291,675.1,0.9615231230854988,724.1643898487091,204800,-0.003485985,651.24609285,0.026953125,204800,8.022845,2.408513,0.0026143084
101,286,679.05,0.9650873020291328,731.2065999507904,206848,-0.0039913594,654.95423993,0.02368164,206848,5.92472,2.3991718,0.0024665096
102,292,694.41,0.9634474702179432,738.3677299022675,208896,-0.0021350342,669.4132439599999,0.012402344,208896,7.184569,2.4005923,0.0019149935
103,286,715.53,0.9139783903956413,745.3622031211853,210944,-0.0043475786,689.7689133600002,0.039160155,210944,8.586673,2.3917177,0.0038877942
104,290,718.8,0.9239346534013748,752.5220987796783,212992,-0.00520826,693.07140342,0.02446289,212992,6.2965074,2.3924575,0.0027795455
105,292,741.26,0.9268027022480965,759.5823929309845,215040,-0.004172443,714.6631038499999,0.012109375,215040,8.0567875,2.4030843,0.0014711764
106,284,751.84,0.7852165848016739,766.576379776001,217088,-0.0003704552,724.9043345299999,0.01225586,217088,8.431568,2.4089262,0.0016318744
107,231,765.79,0.6893425285816193,773.7859089374542,219136,-0.0023989195,738.41936216,0.020068359,219136,10.131079,2.4174457,0.0021748682
108,282,781.19,0.01180112361907959,782.6217539310455,221184,-0.001276976,753.7064302200001,0.033154298,221184,16.179033,2.4253504,0.0036554714
109,283,797.9,0.1120004653930664,789.8644678592682,223232,-0.00038753595,769.8571329800002,0.014013672,223232,14.794626,2.4313924,0.0016326606
110,286,809.36,0.9152628779411316,797.0906810760498,225280,-0.0031886944,780.65505689,0.03466797,225280,6.0212994,2.4350815,0.003598179
111,284,826.94,-0.00017178058624267578,804.2325389385223,227328,-0.00048017091,797.83743793,0.01928711,227328,16.23568,2.4290187,0.0022847971
112,282,843.55,-0.0015960931777954102,811.425206899643,229376,0.0003894109,814.22065951,0.0026855469,229376,16.328285,2.4251342,0.001005824
113,287,860.19,0.2135227918624878,818.6855280399323,231424,-0.005216206,830.4382770599998,0.042089842,231424,14.19649,2.439797,0.0036909934
114,289,866.64,0.5353476405143738,825.8086597919464,233472,-0.0011780307,836.3868779899999,0.019580077,233472,18.7048,2.4635956,0.0019018365
115,289,880.19,0.5480371415615082,832.8901789188385,235520,-0.00012971506,849.5302318299998,0.014404297,235520,10.713647,2.4735897,0.0017974486
116,296,881.59,0.7477743327617645,839.9688949584961,237568,-0.002505726,850.9320865199999,0.015576172,237568,9.817916,2.4735594,0.0018196807
117,286,891.35,0.9466725587844849,846.8711159229279,239616,-0.005759231,860.4776039099999,0.032080077,239616,3.1045072,2.4937212,0.0030557313
118,286,902.32,0.02424490451812744,854.0132420063019,241664,-0.0030330322,871.3002886499997,0.04638672,241664,13.955215,2.5230598,0.0041853497
119,293,918.5,0.7189774513244629,861.1531729698181,243712,-0.0019064829,887.1839625499998,0.02758789,243712,16.7905,2.524597,0.002870989
120,286,931.89,0.0010489225387573242,868.1270880699158,245760,-0.00012817275,900.51042353,0.010253906,245760,16.356571,2.519795,0.0017116476
121,294,938.44,0.7044486105442047,875.2743289470673,247808,-0.0019205771,906.8276263799999,0.029736329,247808,8.581638,2.5295446,0.002796228
122,288,954.16,0.0010477900505065918,882.2235198020935,249856,0.00027480553,922.2446825799999,0.0171875,249856,16.14369,2.53614,0.0020548971
123,290,969.2,0.006188750267028809,889.3289520740509,251904,-0.0014055279,937.10618769,0.036083985,251904,16.189482,2.5328832,0.0038175862
124,290,980.61,0.000578761100769043,896.3764698505402,253952,-0.001129627,948.4193169400002,0.0060546873,253952,16.625244,2.5415113,0.00087016576
125,291,996.71,-0.0026797056198120117,903.4304249286652,256000,-0.0006582559,964.40758914,0.0234375,256000,16.498941,2.552321,0.002412233
126,286,1011.27,0.2725958228111267,910.4595119953156,258048,-0.005073729,978.6909037300002,0.08549805,258048,15.475047,2.5500927,0.0064559407
127,288,1020.91,0.2286253571510315,917.598023891449,260096,-0.0016562256,987.9888577,0.05131836,260096,16.19611,2.5452583,0.0046790447
128,285,1037.78,-0.00363922119140625,924.7030749320984,262144,-0.0006594066,1004.77455672,0.04951172,262144,16.922453,2.542766,0.004310321
129,287,1052.69,-0.005153775215148926,931.8897049427032,264192,-0.004029026,1019.40982992,0.054492187,264192,16.896137,2.5539725,0.0047385194
130,285,1070.0,-0.0006059408187866211,939.0239019393921,266240,-0.00034699758,1036.63625913,0.013085937,266240,16.98333,2.5723662,0.0016061135
131,289,1085.78,0.0018605589866638184,946.198205947876,268288,0.00056716695,1052.30890694,0.010546875,268288,16.93251,2.575921,0.001691556
132,290,1103.3,0.7119762301445007,953.283597946167,270336,-0.0037383675,1069.71305971,0.03461914,270336,20.306293,2.5815878,0.0030636522
133,288,1117.46,0.045883357524871826,960.3343389034271,272384,-0.0013091437,1083.60703239,0.030273438,272384,16.431839,2.5935292,0.0029584137
134,281,1133.24,0.01652991771697998,967.4312579631805,274432,-0.00018891743,1099.14082094,0.005419922,274432,16.80206,2.5991483,0.0011260972
135,284,1149.27,0.0003803372383117676,974.6996269226074,276480,-0.0026722664,1114.97533072,0.06577148,276480,17.031261,2.6183388,0.0054037953
136,286,1165.61,-0.009120464324951172,981.8951048851013,278528,-0.0047812522,1131.28075029,0.038085938,278528,17.387966,2.63092,0.0035714183
137,285,1181.37,-0.004886507987976074,989.0487620830536,280576,-0.0005439962,1146.91967999,0.021044921,280576,17.607645,2.645772,0.0022054187
138,285,1196.72,-0.002530336380004883,996.2144439220428,282624,-0.00047713955,1162.3739116899999,0.013916016,282624,17.703312,2.6427836,0.001761578
139,286,1213.6,-0.002103567123413086,1003.3855500221252,284672,-1.5042257e-06,1179.20647053,0.060595702,284672,17.722576,2.640404,0.0051061916
140,287,1230.86,-0.0018880367279052734,1010.5366389751434,286720,-0.0020320877,1196.3715351199999,0.025146484,286720,17.729458,2.6476023,0.0025648286
141,288,1247.41,0.048315227031707764,1017.6714069843292,288768,-0.0008246706,1212.5926543,0.02578125,288768,17.145697,2.6573317,0.0026131466
142,290,1263.5,0.15263980627059937,1024.774621963501,290816,0.00079183484,1228.52379995,0.024560547,290816,16.125896,2.6576889,0.002551661
143,287,1278.27,0.03978854417800903,1031.8363099098206,292864,-0.00047994088,1243.0925031399997,0.04243164,292864,17.466673,2.6540987,0.0038224938
144,285,1292.9,0.901946559548378,1038.9516220092773,294912,-0.00090815796,1257.31558907,0.06508789,294912,7.5820074,2.655027,0.0054674023
145,286,1309.46,0.14502930641174316,1046.129604101181,296960,-0.0026891467,1273.6001867,0.04458008,296960,16.78095,2.6530278,0.0038953903
146,286,1325.47,-0.0021085739135742188,1053.2897729873657,299008,-0.001662134,1289.4755416300002,0.04248047,299008,18.77088,2.6457448,0.0037518807
147,285,1339.01,-0.0007196664810180664,1060.431205034256,301056,-0.0020484661,1303.07414599,0.04892578,301056,18.918186,2.6468484,0.004250223
148,284,1350.21,-0.0002830028533935547,1067.5986139774323,303104,0.0003076698,1314.3634433299999,0.016503906,303104,18.910984,2.657715,0.0018476773
149,283,1361.12,0.07168310880661011,1074.78648686409,305152,-0.0009792935,1325.3754828600001,0.032177735,305152,17.851055,2.6559665,0.0036174762
150,250,1374.78,-0.006675243377685547,1082.0137798786163,307200,-0.0006290778,1339.1047834600001,0.040625,307200,19.187302,2.664806,0.004303715
151,256,1389.72,0.04325366020202637,1090.2256729602814,309248,-0.0010445581,1354.0192349000001,0.032958984,309248,18.360815,2.6751978,0.003182882
152,277,1401.23,0.2748718857765198,1098.2012758255005,311296,-0.00262819,1365.42453902,0.06430664,311296,15.841914,2.6896334,0.0053048264
153,284,1415.12,0.01662677526473999,1105.5835418701172,313344,-0.0011016289,1379.2562608999997,0.025537109,313344,18.978323,2.69278,0.0027025177
154,283,1429.89,-0.007818937301635742,1112.7860019207,315392,-0.0038425394,1393.99123487,0.11855469,315392,19.410353,2.6919246,0.008477274
155,284,1439.52,0.026739180088043213,1120.0204708576202,317440,-0.00047343885,1403.7626864099998,0.051757812,317440,19.087704,2.6932957,0.0044412604
156,282,1453.09,-0.0007141828536987305,1127.219643831253,319488,-0.0011438543,1417.5426725899995,0.017822266,319488,19.638155,2.68347,0.0022718105
157,279,1464.41,-0.0038770437240600586,1134.4737508296967,321536,-4.359301e-05,1429.1068857899998,0.009179687,321536,19.590351,2.6753085,0.0011970812
158,283,1478.95,0.06703156232833862,1141.7906830310822,323584,-0.0060770838,1443.6356543599998,0.12480469,323584,18.616268,2.6648517,0.008850881
159,283,1486.62,0.0007000565528869629,1149.0150368213654,325632,0.00041309456,1451.4624068099997,0.03540039,325632,19.867352,2.6537962,0.0033214423
160,282,1499.48,0.0012468695640563965,1156.2360019683838,327680,-0.00044943238,1464.41122297,0.04111328,327680,19.816177,2.6519399,0.0036614109
161,284,1515.99,-0.015746235847473145,1163.4934749603271,329728,-0.00039104355,1480.8583572600003,0.039404295,329728,19.829727,2.6625843,0.0038479727
162,282,1529.67,0.00565260648727417,1170.6963901519775,331776,-0.0010576362,1494.5834568500004,0.05996094,331776,19.685617,2.674641,0.0047932407
163,281,1543.49,0.0028197765350341797,1177.9440689086914,333824,-0.0020046146,1508.5111863300003,0.018945312,333824,19.821087,2.6920114,0.0022454883
164,285,1558.1,-0.0012826919555664062,1185.2216749191284,335872,5.9681413e-05,1523.1856403800002,0.02607422,335872,19.920664,2.7052844,0.0029419458
165,288,1573.08,-0.004929900169372559,1192.4026160240173,337920,-0.0002874112,1538.2337491300007,0.020458985,337920,19.916225,2.7029362,0.002214985
166,284,1587.48,-0.0032595396041870117,1199.5073478221893,339968,-0.0005860688,1552.6623204300006,0.021582032,339968,19.839483,2.7081666,0.0022395293
167,283,1604.18,-0.0028918981552124023,1206.699168920517,342016,-0.00323318,1569.4243368200002,0.0765625,342016,19.840172,2.7201562,0.0062792674
168,281,1620.35,-0.0011824369430541992,1213.9266428947449,344064,-0.0018931959,1585.65383995,0.04321289,344064,19.729153,2.7265973,0.0036913
169,284,1634.71,0.003446042537689209,1221.1948840618134,346112,-0.0005043391,1600.12347039,0.008251953,346112,19.814447,2.7305794,0.0017044805
170,282,1648.98,-0.00711369514465332,1228.3908109664917,348160,-0.0028947957,1614.49604391,0.021142578,348160,19.970753,2.7295606,0.002236565
171,282,1662.28,-0.0026019811630249023,1235.631854057312,350208,-0.0025075853,1627.8259996299998,0.08676758,350208,19.921968,2.736761,0.006503597
172,282,1677.69,-0.0019989013671875,1242.8761909008026,352256,-0.00084768794,1643.17940792,0.031982422,352256,19.98468,2.7313237,0.003146836
173,283,1690.18,0.01839810609817505,1250.1211340427399,354304,-0.00025217357,1655.6904114299998,0.024267578,354304,19.709566,2.7180138,0.0031468656
174,283,1702.89,0.00209808349609375,1257.3544030189514,356352,-0.0013812587,1668.5103466499995,0.027148437,356352,19.909216,2.7210717,0.0025672938
175,259,1710.3,0.012509584426879883,1264.5679578781128,358400,-4.8143113e-05,1676.0706320299996,0.040966798,358400,19.885157,2.7436025,0.0037566288
176,283,1721.97,-0.007555246353149414,1272.4671149253845,360448,-0.0024971107,1687.8332043799996,0.04609375,360448,20.034159,2.752129,0.0041292068
177,283,1729.14,-0.0019081830978393555,1279.7005319595337,362496,-0.0011791047,1695.2232946899999,0.037353516,362496,20.064043,2.7465832,0.0033784038
178,283,1744.04,-0.0013022422790527344,1286.9173979759216,364544,-0.0038381058,1710.20572346,0.0668457,364544,20.03942,2.7451348,0.0055592037
179,281,1755.46,-0.002031683921813965,1294.155245065689,366592,-0.0004272623,1721.6992773099998,0.020898437,366592,19.919674,2.7534814,0.002453365
180,281,1765.68,0.0034412145614624023,1301.4223411083221,368640,-0.0009525375,1732.10449696,0.039941408,368640,19.76078,2.7491698,0.0039997385
181,280,1778.06,0.00486600399017334,1308.6975317001343,370688,-5.04288e-05,1744.7187175200002,0.025341798,370688,19.80291,2.7556007,0.0025629136
182,279,1789.48,-0.005062699317932129,1316.0117659568787,372736,0.00082328374,1756.3103346700002,0.046289064,372736,20.057056,2.7660737,0.004135473
183,281,1797.31,-0.0015813112258911133,1323.3509948253632,374784,-0.00014594782,1764.28127903,0.032080077,374784,20.00297,2.7845852,0.003201417
184,278,1811.16,-0.00254213809967041,1330.6232869625092,376832,0.0007069189,1778.24221363,0.025341798,376832,19.920683,2.7978203,0.002456049
185,279,1811.65,0.0077474117279052734,1337.974447965622,378880,-0.000726877,1779.1875795299995,0.025146484,378880,19.747568,2.811081,0.0025535736
186,279,1823.11,0.008083999156951904,1345.2998960018158,380928,-0.0013531009,1790.7931858299996,0.057275392,380928,19.679531,2.826294,0.0047729043
187,283,1832.3,0.031260550022125244,1352.620440006256,382976,-0.0016088821,1800.1444577199995,0.06391601,382976,19.505558,2.8237555,0.0054577366
188,283,1842.22,-0.0025900602340698242,1359.854378938675,385024,-0.00032389833,1810.4005146999996,0.025537109,385024,20.048336,2.8178105,0.0030395675
189,283,1854.89,0.06012845039367676,1367.0924699306488,387072,-0.0026073824,1823.1022163399996,0.07695313,387072,19.11087,2.8158,0.0058611063
190,281,1870.23,0.0011662840843200684,1374.3284740447998,389120,-0.002430081,1838.3646663099996,0.055078126,389120,19.888416,2.8208685,0.004462728
191,282,1876.54,0.004423081874847412,1381.6155178546906,391168,0.00076047634,1845.1214950699996,0.0028808594,391168,19.94785,2.8248131,0.0010976702
192,282,1888.58,-0.0038373470306396484,1388.87331199646,393216,-0.0015091209,1857.39789694,0.016552735,393216,20.14041,2.8272083,0.0018957984
193,281,1902.97,0.009274959564208984,1396.1281950473785,395264,-0.0011161399,1871.87473662,0.039501954,395264,19.886639,2.82878,0.0034992918
194,282,1917.64,-0.002804398536682129,1403.4088819026947,397312,-0.0014836489,1886.6159235000005,0.03237305,397312,20.097462,2.8340812,0.0030091163
195,280,1932.07,-0.006492733955383301,1410.6620998382568,399360,-0.0015741859,1901.08949329,0.046728514,399360,20.072485,2.8413563,0.0040359115
196,284,1938.59,0.003924012184143066,1417.9654068946838,401408,-0.0010559495,1908.12471581,0.055517577,401408,19.926914,2.8419836,0.00424919
197,282,1950.08,-0.004728078842163086,1425.1768078804016,403456,-0.00026861165,1919.9166730299999,0.014257813,403456,20.110859,2.8451295,0.0016427252
198,279,1957.28,0.002768576145172119,1432.4257078170776,405504,-0.001878924,1927.5364180599997,0.028808594,405504,19.92992,2.8398566,0.0029374063
199,281,1962.84,-0.0015933513641357422,1439.7470200061798,407552,-0.00015624837,1933.3750199399997,0.03359375,407552,19.9943,2.8259354,0.0036142147
200,280,1974.79,-0.0034946203231811523,1447.016319990158,409600,-0.0017705017,1945.2764282,0.054296874,409600,19.992727,2.8236442,0.004514071
201,280,1982.25,-0.001291036605834961,1454.3181607723236,411648,-0.0021317403,1952.87989963,0.08452149,411648,19.90586,2.8309855,0.006656088
202,280,1986.39,0.011080563068389893,1461.6172099113464,413696,-0.002279405,1957.4456868400002,0.07402344,413696,19.7062,2.837118,0.005936361
203,281,1990.0,-0.0041980743408203125,1468.9257628917694,415744,-0.002269375,1961.38926519,0.03652344,415744,20.004734,2.837237,0.0031807374
204,282,1992.64,0.0017038583755493164,1476.1982769966125,417792,-0.0014178442,1964.3690507800002,0.028076172,417792,19.980213,2.839829,0.0028088172
205,283,1992.64,-0.00711822509765625,1483.4380159378052,419840,-0.0012306471,1964.46305105,0.017529298,419840,19.993431,2.8334014,0.0026327875
206,280,1992.64,-0.001870274543762207,1490.6615867614746,421888,-0.0010972144,1965.0508673800002,0.032958984,421888,19.85947,2.8319929,0.0034286883
207,281,1992.96,0.002282857894897461,1497.9746417999268,423936,-0.001464578,1966.0257069900001,0.033447266,423936,19.843729,2.8415625,0.0030958676
208,282,1992.96,-0.0025348663330078125,1505.2529110908508,425984,-0.0006021197,1966.2958190799995,0.043359376,425984,19.978086,2.845195,0.003692753
209,281,1992.96,0.007915019989013672,1512.5159521102905,428032,-0.003052816,1966.43490948,0.04042969,428032,19.806477,2.849726,0.003695169
210,280,1992.96,0.008247971534729004,1519.794026851654,430080,-0.00032556077,1966.7475951299996,0.010546875,430080,19.729233,2.8541899,0.0017892933
211,281,1996.48,-0.00042319297790527344,1527.0862069129944,432128,-0.000713164,1970.69165698,0.029150391,432128,19.934284,2.8448813,0.0031266
212,280,2005.5,0.0002639293670654297,1534.3640418052673,434176,-0.00046281834,1979.9951011199998,0.025488282,434176,19.905584,2.8278,0.0034227755
213,281,2009.22,0.0014042854309082031,1541.6580629348755,436224,-0.0015307015,1984.13593176,0.02060547,436224,19.933393,2.8255327,0.0021681928
214,283,2018.95,-0.004526734352111816,1548.9256110191345,438272,-0.0025763318,1994.0706039,0.0753418,438272,20.06725,2.8399243,0.005877649
215,282,2023.44,-2.2649765014648438e-05,1556.1405229568481,440320,-0.0015019911,1998.83129443,0.05126953,440320,19.893253,2.8496356,0.0043075923
216,280,2023.44,-0.00668942928314209,1563.3951737880707,442368,0.00046059565,1999.1603981300004,0.016455078,442368,19.925198,2.8660283,0.0017687352
217,280,2023.44,8.338689804077148e-05,1570.7110848426819,444416,-0.0015299133,1999.51620178,0.021582032,444416,19.85249,2.878484,0.0026235974
218,282,2032.33,0.005052089691162109,1578.0074610710144,446464,-0.004305952,2008.5948862800003,0.12460937,446464,19.728987,2.8825884,0.009050242
219,281,2032.33,-0.011006832122802734,1585.259067773819,448512,0.00032769484,2008.7925106200003,0.018066406,448512,20.054905,2.8871474,0.0022447845
220,281,2036.37,0.0002815723419189453,1592.5456309318542,450560,-0.00291922,2013.1893855400003,0.06533203,450560,19.97029,2.882669,0.0054732203
221,282,2036.37,0.0015500783920288086,1599.8280589580536,452608,-3.2493474e-05,2013.4839112600002,0.013525391,452608,19.861952,2.8780026,0.0020693745
222,280,2036.37,0.03820598125457764,1607.0828111171722,454656,-0.0018487535,2013.7448832100004,0.061035156,454656,19.515615,2.872453,0.00500956
223,281,2036.37,0.007311642169952393,1614.381621837616,456704,-0.0003632268,2014.0783055000002,0.007421875,456704,19.940838,2.8621159,0.0016183915
224,281,2036.37,-0.004420876502990723,1621.670795917511,458752,-0.002161372,2014.2557272600002,0.02841797,458752,20.162144,2.8516192,0.0029764874
225,280,2036.37,0.009427547454833984,1628.9532997608185,460800,-0.0021465528,2014.52467268,0.031103516,460800,19.987001,2.8582444,0.0030138283
226,281,2036.37,0.00983649492263794,1636.2466788291931,462848,-0.00152603,2015.1118530900003,0.04243164,462848,19.9691,2.8679388,0.0041383975
227,280,2036.37,-0.0043326616287231445,1643.5321588516235,464896,-0.0004361493,2015.19859365,0.012451172,464896,20.12981,2.871053,0.0018700883
228,281,2036.37,0.021642744541168213,1650.8360559940338,466944,-0.0027843525,2015.5836139000003,0.048535157,466944,19.732418,2.875834,0.00416335
229,279,2036.37,0.08412015438079834,1658.1206698417664,468992,-0.0011759729,2015.64046211,0.055029295,468992,18.81191,2.887089,0.004609725
230,281,2036.37,-0.015086174011230469,1665.4549460411072,471040,-0.0009270029,2015.7959599,0.044042967,471040,20.190084,2.893848,0.003977089
231,281,2036.37,0.025684118270874023,1672.7346649169922,473088,-0.002109791,2015.8197972200003,0.034228515,473088,19.493378,2.9053931,0.003655081
232,282,2048.0,-0.0043648481369018555,1680.0211288928986,475136,-0.0007214161,2027.5974807100001,0.012744141,475136,20.041348,2.926508,0.0013667779
233,281,2048.0,-0.008368372917175293,1687.261528968811,477184,0.00015460965,2027.9236118800002,0.005419922,477184,20.021626,2.9434223,0.00089096965
234,278,2048.0,0.006049215793609619,1694.5399549007416,479232,-0.00031640878,2028.09984639,0.00703125,479232,19.807365,2.9383912,0.0012606704
235,280,2048.0,0.015900254249572754,1701.8962669372559,481280,-0.0012610956,2028.3085679899998,0.074316405,481280,19.80397,2.9359164,0.0055895904
236,279,2048.0,0.0005744695663452148,1709.2057178020477,483328,-0.0006075114,2028.4233618999995,0.022216797,483328,20.12589,2.9372866,0.0023568466
237,278,2048.0,0.007005453109741211,1716.5381059646606,485376,-0.000773643,2028.57948563,0.032568358,485376,19.948717,2.934856,0.003337762
238,283,2048.0,0.011444807052612305,1723.8810648918152,487424,-0.002709275,2028.5907795299997,0.063085936,487424,19.925924,2.9296823,0.005500936
239,284,2048.0,-0.0024243593215942383,1731.1180238723755,489472,-0.00085014914,2028.6032713700001,0.075976565,489472,20.257526,2.9288337,0.005858676
240,278,2048.0,0.0004169344902038574,1738.3278467655182,491520,-0.0014145633,2028.6496993400003,0.04194336,491520,20.20408,2.9371107,0.003967489
241,282,2048.0,0.00040799379348754883,1745.6744627952576,493568,-0.003146169,2028.8281059199999,0.079833984,493568,20.237226,2.9396093,0.005849227
242,280,2048.0,0.02768498659133911,1752.920109987259,495616,-0.001167638,2028.73190607,0.04433594,495616,19.666006,2.941208,0.0042648683
243,282,2048.0,0.00316774845123291,1760.2104020118713,497664,-0.0035936455,2028.75248419,0.060839843,497664,20.06213,2.9453046,0.0047079036
244,282,2048.0,-0.0030841827392578125,1767.4629638195038,499712,0.00080122444,2029.1521772599997,0.011328125,499712,20.128319,2.953338,0.0016886257
245,282,2048.0,0.010921239852905273,1774.7251040935516,501760,-0.0006312183,2029.29798033,0.011425781,501760,19.919533,2.977146,0.0014835341
246,282,2048.0,0.03017479181289673,1781.9735479354858,503808,-0.0025813754,2029.2937551000002,0.07338867,503808,19.652472,2.9915564,0.0060027065
247,284,2048.0,0.0012186765670776367,1789.2149028778076,505856,-0.0013051283,2029.1750510800002,0.039697267,505856,20.049189,2.9908159,0.003936979
248,282,2048.0,-0.0019682645797729492,1796.4258439540863,507904,-0.00011809677,2029.15204634,0.015527343,507904,20.112509,2.9970798,0.0018794254
249,282,2048.0,0.000551760196685791,1803.6807537078857,509952,-0.0015452871,2029.2314519500003,0.043359376,509952,20.026045,3.0002017,0.003996423
250,282,2048.0,0.0024289488792419434,1810.9341218471527,512000,0.00027992972,2029.2811511200002,0.017089844,512000,20.094912,3.0076373,0.0018855308
251,281,2048.0,-0.0034990310668945312,1818.1762909889221,514048,-0.00031619423,2029.4168536700004,0.015820313,514048,20.165007,3.008561,0.0018371677
252,262,2048.0,-0.0012230873107910156,1825.4492118358612,516096,-0.00016989865,2029.6658490900002,0.0033203126,516096,20.125784,3.0095515,0.0006228102
253,241,2048.0,-0.0006911754608154297,1833.2589130401611,518144,-0.0023459836,2029.85958734,0.046728514,518144,20.072834,3.0159245,0.0044951634
254,248,2048.0,-0.00695490837097168,1841.7272789478302,520192,-0.0004850245,2029.8851780199998,0.017041016,520192,19.96441,3.0197625,0.0021363108
255,266,2048.0,0.0009064674377441406,1849.9605360031128,522240,-0.0007265216,2029.9222223699999,0.049462892,522240,19.873205,3.0171227,0.004713196
256,224,2048.0,-0.005936264991760254,1857.6560637950897,524288,-0.001122623,2029.85103596,0.011767578,524288,19.937895,3.0136876,0.0018071029
257,249,2048.0,-0.0027741193771362305,1866.7888309955597,526336,-0.0021318765,2029.8051964899998,0.027148437,526336,19.882084,3.0110202,0.003004744
258,253,2048.0,0.013150811195373535,1875.0095329284668,528384,-0.0007286138,2029.7238513200002,0.021777343,528384,19.692656,3.0167878,0.002405815
259,238,2048.0,0.007040560245513916,1883.0870468616486,530432,-0.0008537353,2029.69885716,0.024853516,530432,19.796545,3.0217438,0.0027763075
260,173,2040.5,0.9451763853430748,1891.661925792694,532480,-0.002706832,2022.03569139,0.02055664,532480,7.5872564,3.0109177,0.0025046398
261,182,2040.5,0.06331294775009155,1903.4673869609833,534528,-0.0053823953,2021.88231849,0.06386719,534528,19.424229,3.013732,0.0053265532
262,181,2040.5,-0.0052062273025512695,1914.7015249729156,536576,-0.00042746696,2021.8035995300004,0.00625,536576,20.032116,3.0185924,0.0011910817
263,179,2040.5,0.00616145133972168,1925.997720003128,538624,-0.002280451,2021.61970669,0.040966798,538624,19.949808,3.0182176,0.003455054
264,174,2040.5,0.010919451713562012,1937.386167049408,540672,-0.0015443525,2021.62545978,0.04790039,540672,19.798944,3.0340793,0.004237944
265,252,2040.5,-0.004506230354309082,1949.116065979004,542720,0.0005398117,2021.58574939,0.0016601563,542720,20.000849,3.035912,0.0010513641
266,276,2040.5,0.004523873329162598,1957.2210359573364,544768,2.3992558e-05,2021.5825304699997,0.009521484,544768,19.873747,3.0329037,0.0013842324
267,267,2040.5,-0.008009195327758789,1964.6380219459534,546816,-0.0011361836,2021.5220303800002,0.036621094,546816,20.019459,3.0379834,0.0032916162
268,266,2040.5,0.012797117233276367,1972.302140712738,548864,-0.0027273789,2021.4242269700003,0.055859376,548864,19.73729,3.0452652,0.0044804006
269,241,2040.5,0.003202974796295166,1979.9758598804474,550912,-0.0011384317,2021.4117094,0.05029297,550912,19.851925,3.0513494,0.004564331
270,256,2040.5,0.0021262168884277344,1988.4739377498627,552960,-0.0011866031,2021.3964391400002,0.044140626,552960,19.801523,3.0499334,0.004234356
271,254,2040.5,0.018027663230895996,1996.4452028274536,555008,-0.0025186082,2021.2844241399998,0.035205077,555008,19.553516,3.0476627,0.0035940793
272,259,2040.5,0.004063606262207031,2004.4881887435913,557056,-0.00017450136,2021.1539757899998,0.025146484,557056,19.769428,3.0496278,0.0028156242
273,262,2040.5,0.014428377151489258,2012.387983083725,559104,-0.0029141828,2020.9397376200002,0.077978514,559104,19.373684,3.04739,0.0061931033
274,266,2040.5,0.00623631477355957,2020.204551935196,561152,-0.0017412987,2020.74006517,0.03334961,561152,19.778667,3.0397725,0.0032122217
275,248,2040.5,0.0570601224899292,2027.905515909195,563200,-0.0022294181,2020.5415997,0.05205078,563200,19.009066,3.0450745,0.0045442674
276,239,2040.5,-0.013046741485595703,2036.1413958072662,565248,-0.00062050915,2020.37414176,0.050878905,565248,19.904093,3.0436454,0.004805376
277,206,2040.5,-0.005146384239196777,2044.702288866043,567296,0.00013903703,2020.1451087100002,0.03286133,567296,19.877283,3.0422769,0.0029901983
278,207,2040.5,-0.004647374153137207,2054.6001138687134,569344,-0.0005716415,2019.97761844,0.027148437,569344,19.871609,3.0534139,0.0026126537
279,246,2040.5,-0.0005053281784057617,2064.468663930893,571392,-0.0030443259,2019.8933224300001,0.081933595,571392,19.758345,3.059893,0.005938097
280,227,2040.5,0.0022734999656677246,2072.7713639736176,573440,-0.00016746118,2019.6907601799999,0.014941406,573440,19.808365,3.068651,0.0018624607
281,175,2040.5,0.009076714515686035,2081.785183906555,575488,0.00011636208,2019.4146703700003,0.01850586,575488,19.662046,3.0766187,0.002110275
282,209,2040.5,-0.008603692054748535,2093.48650598526,577536,-0.0022419784,2019.1818980000003,0.06640625,577536,19.800032,3.0788808,0.0055447607
283,269,2040.5,-0.0005295276641845703,2103.2576010227203,579584,-0.00071499526,2019.0059175200001,0.05625,579584,19.671917,3.078409,0.004680208
284,268,2040.5,0.018173575401306152,2110.849786043167,581632,-0.0025805745,2018.78219302,0.08515625,581632,19.552372,3.083286,0.00653746
285,273,2040.5,0.0003783106803894043,2118.471326828003,583680,-0.0020446125,2018.6154601000003,0.045898438,583680,19.832115,3.0869718,0.0038685403
286,272,2040.5,0.014646768569946289,2125.961422920227,585728,-0.001617156,2018.62520485,0.064941406,585728,19.620678,3.097043,0.005139548
287,271,2040.5,-0.009717583656311035,2133.4841408729553,587776,-0.0012227979,2018.53935222,0.04902344,587776,19.933681,3.0868266,0.004436663
288,273,2040.5,0.004305005073547363,2141.0319499969482,589824,-0.0014046213,2018.45079389,0.039160155,589824,19.83577,3.0842233,0.0034147617
289,275,2040.5,0.015071868896484375,2148.524843931198,591872,-0.0031722654,2018.62427295,0.074804686,591872,19.775051,3.099788,0.0059676534
290,275,2040.5,-0.007890105247497559,2155.9516298770905,593920,-0.001548371,2018.74531195,0.04916992,593920,20.203201,3.1009727,0.004272693
291,267,2040.5,0.004988670349121094,2163.3974578380585,595968,-0.002745017,2018.79691558,0.046582032,595968,20.025427,3.1030276,0.003856559
292,272,2040.5,-0.0009057521820068359,2171.051327943802,598016,-0.0006991043,2018.8774398,0.016113281,598016,20.127722,3.1083112,0.0022185745
293,269,2040.5,-0.0031262636184692383,2178.5584819316864,600064,-6.2800165e-05,2018.9195379499997,0.039013673,600064,20.205156,3.110055,0.0036297143
294,273,2040.5,-0.0017826557159423828,2186.1651470661163,602112,-0.00016203577,2018.9457019899999,0.015380859,602112,20.14656,3.1177478,0.0021961494
295,276,2040.5,-0.0004171133041381836,2193.6527137756348,604160,-0.0025681327,2018.9668284999996,0.06196289,604160,20.019764,3.1281323,0.0051902076
296,276,2040.5,0.00015807151794433594,2201.0519359111786,606208,-0.00026826235,2018.9109442099998,0.03754883,606208,20.067713,3.1443927,0.0034065754
297,273,2040.5,-0.0055615901947021484,2208.468950986862,608256,0.0010474207,2018.9519856499996,0.013818359,608256,20.073353,3.1566422,0.0018788154
298,272,2040.5,0.0007832646369934082,2215.9564909934998,610304,-0.00052749773,2018.9760418199999,0.044140626,610304,20.009851,3.1673052,0.0042419555
299,273,2040.5,-0.0003719329833984375,2223.4625918865204,612352,-0.00016217431,2019.0022311899997,0.016015625,612352,19.984447,3.1764016,0.002142128
300,273,2040.5,-0.00023984909057617188,2230.9454538822174,614400,-0.0013569241,2019.1233557799997,0.049462892,614400,19.96093,3.175347,0.0047311885
301,274,2040.5,0.015138864517211914,2238.4257850646973,616448,-0.0027028196,2019.25352269,0.078125,616448,19.777468,3.1732152,0.0060097845
302,273,2040.5,-9.644031524658203e-05,2245.896372795105,618496,-0.0007030495,2019.45097581,0.07299805,618496,20.060877,3.1765966,0.0057634483
303,273,2040.5,-0.0020990371704101562,2253.381721019745,620544,-0.0024936295,2019.5869007200004,0.062597655,620544,20.116343,3.1769714,0.0049402337
304,273,2040.5,0.0007426142692565918,2260.8768508434296,622592,-0.0018534807,2019.73341125,0.06435547,622592,20.059544,3.1758428,0.0051065674
305,275,2040.5,-0.00041806697845458984,2268.3754308223724,624640,2.0601705e-05,2019.7985306700002,0.011425781,624640,20.009617,3.179689,0.001872509
306,275,2040.5,0.0023390650749206543,2275.8045659065247,626688,-0.0008302714,2019.83712081,0.028515626,626688,19.877422,3.1960318,0.0028953182
307,274,2040.5,0.03443104028701782,2283.2288608551025,628736,-0.005333517,2019.8833825800002,0.09580078,628736,19.507832,3.2156613,0.0070637176
308,271,2040.5,-0.004564642906188965,2290.703215122223,630784,-0.0025133693,2019.9904537699997,0.090185545,630784,20.031658,3.218182,0.006769097
309,272,2040.5,0.003166794776916504,2298.234909772873,632832,-0.003627006,2020.0414607300002,0.074316405,632832,20.008173,3.2171798,0.0059051868
310,271,2040.5,-0.0046234130859375,2305.746832847595,634880,0.000114387,2020.1892252799998,0.023828125,634880,20.129448,3.2118983,0.0026313108
311,272,2040.5,0.0020792484283447266,2313.280833005905,636928,-0.002505018,2020.31102455,0.076123044,636928,20.080738,3.2196865,0.005725083
312,274,2040.5,0.007696926593780518,2320.792037010193,638976,2.7841155e-05,2020.34725854,0.02475586,638976,19.92673,3.238074,0.0029218686
313,274,2040.5,-0.015715360641479492,2328.2480759620667,641024,-0.0013295601,2020.3993928,0.034814455,641024,20.231356,3.2509723,0.0030702145
314,271,2040.5,-0.001302957534790039,2335.7083790302277,643072,-0.0017030241,2020.44043841,0.0715332,643072,20.061184,3.263816,0.005471427
315,273,2040.5,-0.003979206085205078,2343.245272874832,645120,-0.0002350037,2020.51034885,0.017822266,645120,20.12748,3.269884,0.0018271504
316,273,2040.5,0.0035657286643981934,2350.7337000370026,647168,-0.0040575983,2020.5860410800003,0.062841795,647168,19.953865,3.278317,0.0050325776
317,274,2040.5,-0.0006676912307739258,2358.2309539318085,649216,0.0010755286,2020.6356148900002,0.02866211,649216,20.074038,3.2844052,0.0026603374
318,273,2040.5,-0.0012929439544677734,2365.699803829193,651264,-0.0020410127,2020.7742661900002,0.071875,651264,20.06857,3.2846146,0.0057040667
319,272,2040.5,-0.0038318634033203125,2373.203370809555,653312,-0.0005254173,2020.8585343299999,0.026660156,653312,20.077398,3.284336,0.0030085933
320,270,2040.5,-0.007235288619995117,2380.7236998081207,655360,0.00087483076,2020.9052438999997,0.026123047,655360,20.09047,3.2866783,0.0027407496
321,247,2040.5,0.0003617405891418457,2388.3100430965424,657408,-0.0012495541,2021.04589656,0.03769531,657408,19.994991,3.297582,0.0035220422
322,270,2040.5,-0.0026282072067260742,2396.594607114792,659456,0.0002825541,2021.13516977,0.015234375,659456,20.029928,3.3108535,0.002012148
323,269,2040.5,0.004946529865264893,2404.1775879859924,661504,-0.0017517436,2021.1814577600003,0.082128905,661504,19.855814,3.31651,0.0061981645
324,251,2040.5,-0.0036630630493164062,2411.7729589939117,663552,-0.0012875168,2021.2018824100003,0.037109375,663552,20.036955,3.3137326,0.0033008796
325,256,2040.5,-0.0017164945602416992,2419.9258580207825,665600,-0.0012849382,2021.2739900700005,0.059667967,665600,19.998285,3.328247,0.0048606656
326,233,2040.5,-0.004754424095153809,2427.9090180397034,667648,-0.00064149115,2021.28105153,0.03857422,667648,20.002525,3.3483632,0.0036159647
327,245,2040.5,0.008042335510253906,2436.6855108737946,669696,-0.005230373,2021.3295790700004,0.12202148,669696,19.876644,3.3565648,0.009067697
328,254,2040.5,0.01758122444152832,2445.0297799110413,671744,-0.0031178624,2021.35049337,0.07260742,671744,19.838057,3.361224,0.0056843027
329,275,2040.5,-0.005063295364379883,2453.0636677742004,673792,-0.0003821651,2021.4368956299995,0.03339844,673792,20.216183,3.3667743,0.0034918983
330,276,2040.5,-0.004712581634521484,2460.4857149124146,675840,-0.0020121338,2021.5224540199997,0.043652344,675840,20.264902,3.3677197,0.0041677775
331,264,2040.5,-0.0032116174697875977,2467.8835718631744,677888,-0.0018068675,2021.6704299599996,0.06015625,677888,20.187862,3.372528,0.005010752
332,277,2040.5,0.0024239420890808105,2475.6336240768433,679936,-0.0016266791,2021.7462645999994,0.0574707,679936,20.031208,3.3714461,0.004673288
333,279,2040.5,0.008610367774963379,2483.0284798145294,681984,-0.00014962006,2021.8360360899997,0.022998046,681984,19.979412,3.3688061,0.0027736654
334,278,2040.5,-0.0008783340454101562,2490.369398832321,684032,-0.0017524615,2021.9590366799996,0.046240233,684032,20.192633,3.3586984,0.004380019
335,281,2040.5,-0.0038520097732543945,2497.7153849601746,686080,0.00031905514,2022.0623492999998,0.025244141,686080,20.235466,3.3592324,0.0028336165
336,279,2040.5,-0.002619147300720215,2504.9980001449585,688128,-0.002005585,2022.1026238499999,0.05292969,688128,20.15858,3.3707461,0.0045503564
337,279,2040.5,-0.0024614334106445312,2512.3219509124756,690176,0.00023370367,2022.13957124,0.01953125,690176,20.221687,3.3912067,0.002279846
338,277,2040.5,0.014803290367126465,2519.6641569137573,692224,-0.0040449174,2022.20430055,0.10039063,692224,19.882893,3.3905208,0.007769575
339,281,2040.5,0.002089977264404297,2527.0431258678436,694272,-0.002343779,2022.2766822299998,0.105615236,694272,20.286661,3.3891766,0.007456512
340,279,2040.5,-0.0006884336471557617,2534.3325028419495,696320,-0.0015807893,2022.4067586800002,0.03691406,696320,20.325893,3.3986135,0.0033816341
341,277,2040.5,-0.002613067626953125,2541.653242111206,698368,-1.9248342e-05,2022.5925693599995,0.03515625,698368,20.259123,3.4134688,0.0036097406
342,280,2040.5,-0.004244565963745117,2549.0479238033295,700416,-0.0010056681,2022.9653175899998,0.039892577,700416,20.23808,3.41192,0.0038847788
343,279,2040.5,-0.001141190528869629,2556.3611249923706,702464,-0.002165787,2023.19682695,0.052099608,702464,20.148155,3.4106717,0.0047274744
344,282,2040.5,-0.0024579763412475586,2563.68155002594,704512,-0.0019663838,2023.34198415,0.06386719,704512,20.145514,3.4094453,0.0052143927
345,282,2040.5,0.006843626499176025,2570.9428160190582,706560,-0.0014917555,2023.56962056,0.07861328,706560,19.990343,3.4202793,0.0059497543
346,281,2040.5,-0.0026137828826904297,2578.202335834503,708608,-0.0010223312,2023.78229206,0.051855467,708608,20.210207,3.4295495,0.0046421597
347,278,2040.5,-0.0021909475326538086,2585.4861381053925,710656,3.8814476e-05,2023.9288366399999,0.016210938,710656,20.141533,3.4408505,0.0019463468
348,277,2040.5,-0.00039386749267578125,2592.8449368476868,712704,-0.0013820373,2023.9353417999998,0.0484375,712704,20.039125,3.454921,0.0041495613
349,260,2040.5,-0.0007747411727905273,2600.2241446971893,714752,-0.00016371177,2023.9402607199995,0.015917968,714752,19.984629,3.4686725,0.0016718388
350,228,2040.5,-0.0017540454864501953,2608.0760748386383,716800,0.00042762895,2023.90967337,0.02109375,716800,19.92094,3.4803123,0.0022567078
351,273,2040.5,0.0033428072929382324,2617.0476648807526,718848,-0.0018946842,2023.93509947,0.06728516,718848,19.797482,3.473851,0.0056125694
352,275,2040.5,0.001932978630065918,2624.527270793915,720896,-0.0044687553,2024.00144081,0.07880859,720896,19.79978,3.4679189,0.0060636974
353,278,2040.5,0.01798105239868164,2631.9616990089417,722944,-0.0003760674,2023.97055938,0.025634766,722944,19.547813,3.4727235,0.002824474
354,277,2040.5,0.014433622360229492,2639.3152918815613,724992,-0.0020418004,2023.99557413,0.050341796,724992,19.44787,3.4800918,0.0043321727
355,276,2040.5,0.025108695030212402,2646.699161052704,727040,-0.0021358356,2023.97348385,0.06542969,727040,19.303802,3.4844317,0.0051974086
356,277,2040.5,0.021395504474639893,2654.11075592041,729088,-0.002172947,2023.9049015700002,0.044287108,729088,19.394567,3.491902,0.0038626816
357,274,2040.5,0.01784193515777588,2661.4837810993195,731136,0.0011226903,2023.83790679,0.03491211,731136,19.359085,3.5019717,0.003350074
358,277,2040.5,0.03891611099243164,2668.934662103653,733184,-0.002416342,2023.8327703,0.044921875,733184,19.118757,3.5044532,0.0042599975
359,277,2040.5,-0.0522465705871582,2676.312761068344,735232,-0.0004928341,2023.7406248099996,0.04121094,735232,19.825638,3.509655,0.0036448364
360,275,2048.0,0.015125513076782227,2683.706687927246,737280,-0.00020934732,2031.26806864,0.0105957035,737280,19.15432,3.522606,0.0015521882
361,276,2048.0,0.049572646617889404,2691.132493019104,739328,0.0002351709,2031.3299976899998,0.0044921874,739328,18.729778,3.5154254,0.0010726748
362,277,2048.0,0.0335734486579895,2698.552528142929,741376,-0.00059940346,2031.2479601700002,0.02470703,741376,19.199806,3.5027843,0.0028138333
363,275,2048.0,-0.008496880531311035,2705.944813013077,743424,-0.00035632442,2031.3147488700001,0.023388673,743424,19.575712,3.4983184,0.0028333142
364,276,2048.0,-0.005157947540283203,2713.38224196434,745472,0.00018393701,2031.1972896000004,0.0078125,745472,19.417322,3.5017974,0.0013885021
365,276,2048.0,-0.025728940963745117,2720.7880680561066,747520,-0.0073678186,2031.0921551000004,0.05415039,747520,19.5733,3.519654,0.004733629
366,278,2048.0,0.004163801670074463,2728.1915979385376,749568,0.0004467674,2030.9576759000001,0.01586914,749568,19.40218,3.5428147,0.0020215183
367,277,2048.0,0.014707386493682861,2735.542489051819,751616,0.00034879177,2030.8755165000005,0.009960937,751616,19.321167,3.5537236,0.0017561873
368,275,2048.0,0.016858816146850586,2742.9237020015717,753664,-0.0011180118,2030.8142605300004,0.06279297,753664,19.110432,3.5559335,0.005132173
369,277,2048.0,-0.01672053337097168,2750.346613883972,755712,-0.0002478712,2030.6683741200002,0.019873047,755712,19.58468,3.5441024,0.0022779333
370,265,2048.0,0.018992125988006592,2757.7340037822723,757760,-0.0028555472,2030.5475433200002,0.07192383,757760,19.236584,3.5408134,0.0057495753
371,252,2048.0,-0.004047989845275879,2765.4537348747253,759808,-0.004220209,2030.5603646299999,0.115234375,759808,19.644655,3.5422885,0.00793503
372,218,2048.0,-0.005861997604370117,2773.564197063446,761856,-0.00072270853,2030.66798144,0.07514648,761856,19.896646,3.552847,0.0059484867
373,255,2048.0,0.000935971736907959,2782.9454169273376,763904,-0.0015450211,2030.95501509,0.07451172,763904,19.740759,3.5629582,0.005783332
374,278,2048.0,-0.0008078813552856445,2790.9680161476135,765952,-0.0030306254,2031.2154112500002,0.07705078,765952,19.828712,3.5723114,0.0062025236
375,284,2048.0,0.0047196149826049805,2798.33158493042,768000,9.252336e-05,2031.3986240800002,0.015429688,768000,19.62837,3.5929627,0.0020128472
376,286,2048.0,-0.0016998052597045898,2805.5369126796722,770048,0.00010881027,2031.5884748700003,0.027539063,770048,19.719542,3.604596,0.0031386162
377,283,2048.0,0.004031777381896973,2812.6976358890533,772096,-0.00019461387,2031.7253567500002,0.021484375,772096,19.558334,3.6020901,0.0025150115
378,283,2048.0,-0.0029920339584350586,2819.9323868751526,774144,-0.0003315898,2031.77252053,0.048095703,774144,19.600195,3.603461,0.004401456
379,284,2048.0,0.0006818771362304688,2827.1550147533417,776192,7.563563e-05,2031.8134072599998,0.011523438,776192,19.57801,3.6172154,0.0013528538
380,288,2048.0,0.01058351993560791,2834.365822792053,778240,-0.0008787171,2031.9226694699996,0.023095703,778240,19.483,3.6255424,0.0023517658
381,287,2048.0,0.029178261756896973,2841.470739841461,780288,-0.0009963819,2032.1187146099996,0.03388672,780288,19.211077,3.6218657,0.0032948111
382,285,2048.0,-0.002844691276550293,2848.5944318771362,782336,-0.00014795414,2032.3551764899998,0.024560547,782336,19.625175,3.624885,0.0025440555
383,283,2048.0,0.0005654096603393555,2855.7754678726196,784384,0.00035989354,2032.5834511599999,0.018554688,784384,19.624828,3.6185524,0.0025989946
384,284,2048.0,0.0007049441337585449,2863.000123023987,786432,-0.00082431297,2032.8194743299996,0.03237305,786432,19.830227,3.6185079,0.003309905
385,285,2048.0,-0.0006700754165649414,2870.209396839142,788480,-0.00014241996,2033.0682099800001,0.0234375,788480,19.69605,3.625983,0.0024909833
386,283,2048.0,0.009136080741882324,2877.3857638835907,790528,-0.0010611749,2033.1968207099999,0.06323242,790528,19.47719,3.6305065,0.0052471096
387,284,2048.0,0.005442202091217041,2884.619535923004,792576,-0.0021066123,2033.3521923199996,0.08955078,792576,19.540691,3.635569,0.006957987
388,283,2048.0,-0.0053098201751708984,2891.8211760520935,794624,-5.1939685e-05,2033.4492484399996,0.046240233,794624,19.75607,3.6372712,0.00411614
389,286,2048.0,0.0023262500762939453,2899.0446219444275,796672,-0.0006798147,2033.52689732,0.03237305,796672,19.769682,3.645422,0.003136079
390,283,2048.0,-0.0064465999603271484,2906.1974577903748,798720,-0.0011117144,2033.59228004,0.057714842,798720,19.857573,3.6527126,0.004776601
391,285,2048.0,-0.0003186464309692383,2913.411494731903,800768,-0.0036546837,2033.6257615200002,0.09682617,800768,19.808344,3.660479,0.007277864
392,285,2048.0,0.0019758939743041992,2920.5756657123566,802816,-0.0004516029,2033.6252762200002,0.06660156,802816,19.87922,3.6673007,0.005344372
393,288,2048.0,-0.0005433559417724609,2927.761659145355,804864,-0.0018358916,2033.54543913,0.037841797,804864,19.943613,3.6667943,0.0035730612
394,287,2048.0,0.00317460298538208,2934.8643198013306,806912,-5.79803e-05,2033.4820835199998,0.037841797,806912,19.785355,3.6687946,0.0034223278
395,285,2048.0,-0.0046389102935791016,2941.998615026474,808960,-0.00073749974,2033.4749140599995,0.043896485,808960,19.80605,3.672393,0.0038774207
396,284,2048.0,-0.0044792890548706055,2949.1615767478943,811008,0.00026503828,2033.51142921,0.029541016,811008,19.704407,3.6773987,0.0029420299
397,285,2048.0,-0.00047779083251953125,2956.3640360832214,813056,-0.0044775726,2033.5372974699997,0.07075195,813056,19.610943,3.6888003,0.005924925
398,287,2048.0,-0.0015137195587158203,2963.5493547916412,815104,0.00028554618,2033.5706019299998,0.074121095,815104,19.80473,3.7061992,0.005676265
399,283,2048.0,-0.002968430519104004,2970.682657957077,817152,-0.0014999445,2033.6485956800004,0.09008789,817152,19.91493,3.714349,0.0067698164
400,284,2048.0,0.0026848316192626953,2977.9175238609314,819200,-0.004578153,2033.7240300800001,0.09746094,819200,19.810577,3.7155514,0.007242439
401,283,2048.0,0.018039405345916748,2985.128690958023,821248,-0.004638556,2033.7582636700006,0.13256836,821248,19.790852,3.7160442,0.00900549
402,283,2048.0,0.0017146468162536621,2992.3483340740204,823296,-0.0011786912,2033.7250763000004,0.05883789,823296,20.06326,3.7183747,0.0050883694
403,283,2048.0,0.01359093189239502,2999.5823328495026,825344,-0.002940781,2033.6544734300007,0.113427736,825344,19.85088,3.7249591,0.007895695
404,282,2048.0,0.020148277282714844,3006.7995109558105,827392,-0.0036675043,2033.53129826,0.08095703,827392,19.732174,3.732079,0.006098207
405,285,2048.0,0.008552849292755127,3014.0575437545776,829440,0.00013761042,2033.4569340100002,0.027832031,829440,19.857727,3.7340064,0.002944267
406,282,2048.0,0.052884578704833984,3021.232939004898,831488,0.00023292447,2033.3539962900002,0.029833984,831488,19.138826,3.728815,0.0029569322
407,287,2048.0,-0.0022575855255126953,3028.475749015808,833536,-0.00020848584,2033.24459793,0.03017578,833536,19.71819,3.7283337,0.0028967636
408,285,2048.0,0.004636585712432861,3035.605631828308,835584,0.00023417566,2033.07536876,0.021435548,835584,19.613937,3.727426,0.0024804282
409,286,2048.0,0.008058249950408936,3042.7822659015656,837632,-0.0004973474,2032.9180876100002,0.022949219,837632,19.614452,3.727288,0.0028580432
410,287,2048.0,0.01761496067047119,3049.9351239204407,839680,-0.0018738909,2032.7325066000005,0.043066405,839680,19.417418,3.7212117,0.0039849617
411,285,2048.0,0.02804255485534668,3057.05304479599,841728,-0.0014712345,2032.5204468900004,0.04433594,841728,19.374744,3.719859,0.0041783615
412,260,2048.0,0.01669144630432129,3064.239224910736,843776,6.682083e-05,2032.2956285400005,0.029199218,843776,19.30282,3.7159538,0.0028974784
413,284,2048.0,0.024231135845184326,3072.107230901718,845824,-0.00051373185,2032.00802734,0.05620117,845824,19.106697,3.7106547,0.0046659177
414,284,2048.0,0.04767966270446777,3079.3086829185486,847872,0.0011855685,2031.72059204,0.04345703,847872,18.782345,3.7102082,0.0039507374
415,252,2048.0,0.01698821783065796,3086.507812976837,849920,0.00011562098,2031.4357285499998,0.019335937,849920,19.12508,3.7264943,0.002332247
416,277,2048.0,0.04154157638549805,3094.637009859085,851968,-0.0026637693,2031.1231385300002,0.077539064,851968,18.85278,3.7340698,0.0060359756
417,285,2048.0,0.0034843087196350098,3102.025872707367,854016,-0.0005962347,2030.81606673,0.044042967,854016,19.350155,3.7368531,0.0040933434
418,285,2048.0,0.0029721856117248535,3109.1975009441376,856064,-0.0016303926,2030.5086658899997,0.06889649,856064,19.420895,3.7367396,0.0054641506
419,284,2048.0,0.009276986122131348,3116.3710248470306,858112,-0.0011114012,2030.23610474,0.031201173,858112,19.391603,3.724936,0.0033239678
420,285,2048.0,0.0167197585105896,3123.578444004059,860160,-0.0025185354,2030.01324211,0.06943359,860160,19.406933,3.7220333,0.0057250955
421,284,2048.0,0.0070383548736572266,3130.7483139038086,862208,0.00023654092,2029.80669686,0.016503906,862208,19.534693,3.7259235,0.0020107182
422,284,2048.0,-0.0020471811294555664,3137.9412410259247,864256,0.00040253898,2029.67271311,0.015039062,864256,19.720232,3.7224736,0.0020004031
423,283,2048.0,-0.007352709770202637,3145.1323807239532,866304,-0.00043769478,2029.54891759,0.015234375,866304,19.796528,3.7187684,0.0020343629
424,282,2048.0,0.007630825042724609,3152.3490858078003,868352,-0.00026323003,2029.4373953200002,0.028564453,868352,19.598137,3.7184818,0.0028666062
425,286,2048.0,-0.005559206008911133,3159.58975982666,870400,-0.002849074,2029.37589932,0.07353516,870400,19.884062,3.7211013,0.005691745
426,286,2048.0,-0.009517431259155273,3166.747386932373,872448,-0.0050332663,2029.3650129999996,0.096191406,872448,19.941936,3.723742,0.0071708383
427,288,2048.0,-0.004589557647705078,3173.8926451206207,874496,-0.00057944795,2029.3556362499999,0.060058594,874496,19.935415,3.7298527,0.005085758
428,286,2048.0,-0.004097104072570801,3180.992283821106,876544,-0.0011183238,2029.39211251,0.053271484,876544,20.07777,3.7371166,0.0044192597
429,284,2048.0,0.0003923773765563965,3188.1536469459534,878592,0.00046392335,2029.4424233999996,0.0063964846,878592,20.02238,3.7383504,0.0013086761
430,283,2048.0,0.0006121397018432617,3195.3654758930206,880640,0.00011858244,2029.4498721799996,0.03276367,880640,20.017363,3.7420235,0.0030408034
431,237,2048.0,-0.002351522445678711,3202.5795629024506,882688,-0.0010096745,2029.4629737899998,0.039697267,882688,19.945276,3.7475467,0.0038905528
432,273,2048.0,0.011004149913787842,3211.207198858261,884736,-0.002668033,2029.48553907,0.064941406,884736,19.699251,3.7522094,0.0053123655
433,274,2048.0,-0.008151412010192871,3218.703894853592,886784,0.00019469892,2029.50885598,0.04711914,886784,19.992981,3.746592,0.004294972
434,276,2048.0,0.008978307247161865,3226.166932821274,888832,-0.00059466343,2029.5332912999997,0.028857421,888832,19.885592,3.7419937,0.002980504
435,275,2048.0,0.037404775619506836,3233.5788037776947,890880,-0.0019282715,2029.54005599,0.08061524,890880,19.510372,3.7453842,0.0061983718
436,274,2048.0,-0.002463102340698242,3241.0225298404694,892928,-0.00070866215,2029.53778575,0.040625,892928,20.00494,3.7456527,0.003885265
437,263,2048.0,-0.0028460025787353516,3248.484155893326,894976,-0.0022533995,2029.49987188,0.07026367,894976,19.933176,3.7431664,0.0056166
438,275,2048.0,0.005482375621795654,3256.2589910030365,897024,0.0004514201,2029.42982388,0.03857422,897024,19.657776,3.7456946,0.0034158777
439,276,2048.0,0.01297539472579956,3263.6959898471832,899072,-0.0008596532,2029.3066726099999,0.01821289,899072,19.55373,3.7441814,0.0024507414
440,274,2048.0,0.005899965763092041,3271.1164178848267,901120,4.8740312e-05,2029.1892644699997,0.063964844,901120,19.602497,3.742681,0.0051449053
441,277,2048.0,0.02514517307281494,3278.575684070587,903168,-0.0013869643,2029.0356750799995,0.097998045,903168,19.207378,3.7499518,0.0074424283
442,276,2048.0,0.007741808891296387,3285.970431804657,905216,-0.0017413538,2028.8860834599993,0.058007814,905216,19.438854,3.7520852,0.0051523047
443,277,2048.0,0.02684617042541504,3293.3717889785767,907264,-0.00081307825,2028.6916717599995,0.058398437,907264,19.265985,3.7517173,0.004899519
444,277,2048.0,0.02556508779525757,3300.7417509555817,909312,0.00013388807,2028.4783632299996,0.021240234,909312,19.246452,3.7553425,0.0024972088
445,277,2048.0,0.02826625108718872,3308.1240980625153,911360,-0.0035985052,2028.2062598799998,0.055615235,911360,19.1376,3.7650075,0.0044701593
446,277,2048.0,0.04108911752700806,3315.49618601799,913408,-0.0008779232,2027.9602645999996,0.012402344,913408,19.088724,3.7788365,0.0018368429
447,278,2048.0,0.0011701583862304688,3322.882180929184,915456,-0.0014015929,2027.7579036800003,0.017871093,915456,19.64562,3.7821412,0.0021923243
448,277,2048.0,0.017649054527282715,3330.23672580719,917504,0.00011646845,2027.63996719,0.017724609,917504,19.426994,3.7867951,0.0021990396
449,276,2048.0,0.011752963066101074,3337.6295669078827,919552,-0.0016378848,2027.4600147800002,0.06552734,919552,19.482433,3.798385,0.0056198416
450,275,2048.0,0.006067156791687012,3345.0347130298615,921600,0.00059107336,2027.3500092599998,0.016552735,921600,19.703459,3.8158145,0.0019312007
451,277,2048.0,0.01606452465057373,3352.463268995285,923648,0.00030213242,2027.2757189999998,0.03173828,923648,19.558706,3.8225734,0.0033259578
452,279,2048.0,0.008510947227478027,3359.8502368927,925696,-0.0008984151,2027.1738917099997,0.047167968,925696,19.613245,3.8209546,0.004150615
453,264,2048.0,0.025254547595977783,3367.189507007599,927744,-0.0025618395,2027.0743159599997,0.068798825,927744,19.429138,3.8098037,0.0055902945
454,277,2048.0,0.02357304096221924,3374.942151784897,929792,-0.0032776513,2026.9480939999996,0.09335937,929792,19.090328,3.795879,0.0067669535
455,277,2048.0,0.054184913635253906,3382.324371814728,931840,0.00019947796,2026.7965792800003,0.025292968,931840,18.764477,3.8072624,0.00261224
456,276,2048.0,0.03537118434906006,3389.7170639038086,933888,-0.00016981665,2026.6084271700001,0.05263672,933888,18.92291,3.8252652,0.0043709017
457,279,2048.0,0.06571614742279053,3397.12557888031,935936,-3.9727107e-05,2026.3665121800002,0.031591795,935936,18.50687,3.8264222,0.0030833257
458,279,2048.0,0.037832558155059814,3404.4522638320923,937984,0.000457442,2026.1446465000001,0.010644531,937984,18.937283,3.817267,0.0017344741
459,278,2048.0,0.05520021915435791,3411.791435956955,940032,-0.0027348795,2025.97160642,0.06435547,940032,18.739231,3.809861,0.005162133
460,278,2048.0,0.07860672473907471,3419.156144142151,942080,-0.00078405795,2025.84288777,0.03364258,942080,18.48126,3.80956,0.0033806593
461,280,2048.0,0.030337154865264893,3426.5040469169617,944128,-0.0017187992,2025.7189763299998,0.05571289,944128,18.889652,3.8124855,0.0047277734
462,279,2048.0,0.026570022106170654,3433.8128929138184,946176,-0.0016204042,2025.5517492200001,0.03803711,946176,19.11079,3.817245,0.0034342825
463,281,2048.0,0.06007355451583862,3441.151139974594,948224,-0.0005536181,2025.3839634000003,0.03237305,948224,18.635588,3.8326244,0.00317997
464,279,2048.0,0.017928481101989746,3448.4199159145355,950272,-0.0011521017,2025.2469185600003,0.028515626,950272,19.207062,3.849522,0.0028831053
465,280,2048.0,0.010369360446929932,3455.7486157417297,952320,-0.0020031037,2025.12041833,0.060302734,952320,19.244404,3.8611717,0.0049303616
466,279,2048.0,0.054400086402893066,3463.050725698471,954368,-0.00010073548,2024.9806278299998,0.028320312,954368,18.67989,3.8729587,0.0028033252
467,279,2048.0,0.027450621128082275,3470.37238073349,956416,-0.00066969777,2024.8072101799999,0.036376953,956416,19.073652,3.8785706,0.0034977
468,278,2048.0,0.00965350866317749,3477.6911940574646,958464,-3.7990558e-05,2024.6591070899997,0.039355468,958464,19.39483,3.8748746,0.0037226006
469,279,2048.0,0.0055519938468933105,3485.053074836731,960512,0.0005351193,2024.5884271900002,0.0064453124,960512,19.584248,3.8821645,0.0010195927
470,279,2048.0,0.01188039779663086,3492.39391207695,962560,1.4474953e-05,2024.58800384,0.062597655,962560,19.504694,3.8906198,0.005022657
471,278,2048.0,0.017486393451690674,3499.7340128421783,964608,-0.0013740225,2024.5530760900003,0.04091797,964608,19.344284,3.8998752,0.0035165686
472,257,2048.0,0.012607097625732422,3507.0871636867523,966656,0.000662914,2024.43849895,0.027490234,966656,19.438782,3.9161117,0.0029681611
473,259,2048.0,0.023775935173034668,3515.051271915436,968704,-0.0017475125,2024.29459925,0.051367186,968704,19.201492,3.9185758,0.00452095
474,278,2048.0,0.022666513919830322,3522.9548568725586,970752,0.00018642998,2024.15395161,0.038769532,970752,19.405674,3.9257686,0.003566383
475,280,2048.0,0.03567248582839966,3530.2993729114532,972800,0.00012516568,2024.07690297,0.027392577,972800,19.40982,3.9373558,0.0028382828
476,276,2048.0,0.024536728858947754,3537.600375890732,974848,-0.0018143926,2023.9850831699996,0.06381836,974848,19.456161,3.9477258,0.005055188
477,278,2048.0,0.03849804401397705,3545.00253367424,976896,-0.00049638015,2023.91982872,0.045654297,976896,19.251019,3.9501824,0.004219984
478,278,2048.0,0.00417935848236084,3552.3466849327087,978944,0.00056037965,2023.84986848,0.008740234,978944,19.821459,3.9447155,0.0017498934
479,279,2048.0,-4.374980926513672e-05,3559.7010049819946,980992,-0.0027265986,2023.7824965399998,0.07285156,980992,19.814732,3.9327178,0.005941062
480,276,2048.0,0.01821267604827881,3567.037542819977,983040,-0.0006803897,2023.7207416500003,0.042089842,983040,19.784851,3.923119,0.0038177215
481,275,2048.0,0.02648252248764038,3574.457030773163,985088,-0.00033344276,2023.6819879500003,0.045410156,985088,19.614134,3.9271455,0.0039084903
482,276,2048.0,-0.003292083740234375,3581.889858007431,987136,-0.0002264663,2023.61972898,0.010986328,987136,19.958723,3.9353244,0.0016084698
483,276,2048.0,0.0005184412002563477,3589.285841703415,989184,0.0002739707,2023.57524402,0.05522461,989184,20.022114,3.9374795,0.004771632
484,278,2048.0,0.0061149001121521,3596.688133955002,991232,-0.0016469707,2023.5805650799998,0.047802735,991232,20.06861,3.9318821,0.0044204267
485,281,2048.0,0.00011587142944335938,3604.0555539131165,993280,-0.0010921167,2023.5393524300002,0.03857422,993280,20.274897,3.931163,0.0037793473
486,278,2048.0,-0.006013631820678711,3611.343764781952,995328,0.00025218586,2023.58555435,0.02841797,995328,20.3689,3.9241688,0.0031152233
487,278,2048.0,0.003975629806518555,3618.69402384758,997376,-0.0020274906,2023.6032452999998,0.06254883,997376,20.23583,3.9206455,0.0050288555
488,279,2048.0,0.0034157633781433105,3626.04750084877,999424,-0.00068207225,2023.6271102399999,0.041259766,999424,20.202923,3.920604,0.0039991317
