serial_timesteps,n_updates,policy_entropy,value_loss,ep_reward_mean,fps,explained_variance,ep_len_mean,clipfrac,policy_loss,approxkl,total_timesteps,time_elapsed
2048,1,1.4289205,3.3406932,127.935389,392,-0.14371955394744873,768.5,0.025390625,-0.0022192227,0.002951892,2048,2.6226043701171875e-06
4096,2,1.4472635,2.9501045,125.0235604,371,-0.181288480758667,763.8,0.025585938,-0.004130382,0.0022516348,4096,5.222442626953125
6144,3,1.4515024,3.2066483,147.70878483333334,399,0.11182212829589844,890.1666666666666,0.04345703,-0.0044570197,0.0039309296,6144,10.741252183914185
8192,4,1.438181,4.0599995,172.765585875,422,0.0013691186904907227,1003.625,0.035205077,-0.0047010505,0.0033366072,8192,15.871084690093994
10240,5,1.4323189,4.45276,182.09189809999998,433,0.03671419620513916,1021.3,0.012597656,-0.0015247589,0.0017578762,10240,20.7162344455719
12288,6,1.4217186,8.755063,182.09189809999998,377,-0.03353559970855713,1021.3,0.021728516,-0.0025913513,0.0026610738,12288,25.44655752182007
14336,7,1.4214251,4.825175,207.48848523076924,386,-0.11834514141082764,1053.8461538461538,0.037988283,-0.0025141104,0.0033471622,14336,30.871923446655273
16384,8,1.4372808,4.671381,234.5592157857143,418,0.1426592469215393,1163.357142857143,0.058642577,-0.0033565029,0.004434948,16384,36.17663049697876
18432,9,1.4491527,2.561606,220.228483125,387,0.26500141620635986,1102.9375,0.06669922,-0.0061212773,0.0053659766,18432,41.07212042808533
20480,10,1.4591935,2.8540473,210.2921197368421,407,0.32073384523391724,1048.6842105263158,0.058154296,-0.006598895,0.0048186434,20480,46.36441349983215
22528,11,1.4706712,3.7967076,210.2921197368421,382,0.2501622438430786,1048.6842105263158,0.044873048,-0.0026919895,0.004022384,22528,51.3917932510376
24576,12,1.4847003,2.2614331,210.2921197368421,431,0.5599834322929382,1048.6842105263158,0.02866211,-0.0025780422,0.0029486388,24576,56.74935984611511
26624,13,1.4902886,2.3271472,210.2921197368421,392,0.3117964267730713,1048.6842105263158,0.010498047,-0.0016803804,0.0017180064,26624,61.501044034957886
28672,14,1.4988921,1.965139,210.2921197368421,407,0.2680620551109314,1048.6842105263158,0.024609376,-0.0018462194,0.002464723,28672,66.72044539451599
30720,15,1.5139755,1.2193949,210.2921197368421,398,0.4103260636329651,1048.6842105263158,0.066552736,-0.005027565,0.005346668,30720,71.74905490875244
32768,16,1.5182302,1.4080952,210.2921197368421,428,0.5499575734138489,1048.6842105263158,0.07001953,-0.007287053,0.0059507466,32768,76.89478802680969
34816,17,1.5013324,0.9582235,342.11199125,367,0.43835872411727905,1687.15,0.025244141,-0.0022788607,0.0027301735,34816,81.67268371582031
36864,18,1.4960355,0.7749502,342.11199125,401,0.38485395908355713,1687.15,0.01977539,-0.0015799316,0.002344516,36864,87.24862957000732
38912,19,1.4946561,0.7247497,342.11199125,399,0.40601468086242676,1687.15,0.039208986,-0.0028066006,0.0036352738,38912,92.35370016098022
40960,20,1.5013727,0.7356829,342.11199125,453,0.2952600121498108,1687.15,0.054296874,-0.00442411,0.004359684,40960,97.48057174682617
43008,21,1.511411,0.752041,342.11199125,349,0.46231609582901,1687.15,0.05415039,-0.00405253,0.004493261,43008,102.000084400177
45056,22,1.5204474,0.79968226,342.11199125,418,0.1318446397781372,1687.15,0.047021486,-0.001992917,0.004089984,45056,107.85597920417786
47104,23,1.5292553,0.80091333,342.11199125,414,0.27904176712036133,1687.15,0.036865234,-0.0029505212,0.0032428082,47104,112.7489857673645
49152,24,1.525635,0.79112923,342.11199125,369,0.3029783368110657,1687.15,0.06064453,-0.0038955868,0.004893352,49152,117.68506407737732
51200,25,1.5161282,0.6357094,342.11199125,418,0.4705939292907715,1687.15,0.05625,-0.0042210976,0.0050252415,51200,123.2239203453064
53248,26,1.4982319,0.5570829,342.11199125,380,0.5109473764896393,1687.15,0.02866211,-0.0025480837,0.00318204,53248,128.13027691841125
55296,27,1.495096,0.4888001,342.11199125,428,0.3881077766418457,1687.15,0.011279297,-0.00011394367,0.001550635,55296,133.5111711025238
57344,28,1.4887623,0.33324105,342.11199125,385,0.6030913889408112,1687.15,0.047753908,-0.0053285854,0.0040819063,57344,138.29418468475342
59392,29,1.4880025,0.29230106,342.11199125,406,0.5559833347797394,1687.15,0.057714842,-0.0049132993,0.004673849,59392,143.60168504714966
61440,30,1.4919496,0.28815192,342.11199125,419,0.6092701256275177,1687.15,0.049462892,-0.0036220376,0.0044456003,61440,148.6350872516632
63488,31,1.4797096,0.33601877,342.11199125,418,0.704905778169632,1687.15,0.024121094,-0.0023407105,0.0028121308,63488,153.52327847480774
65536,32,1.4685959,0.26173574,342.11199125,381,0.6809789836406708,1687.15,0.03730469,-0.0026112206,0.0034418902,65536,158.4142656326294
67584,33,1.4678779,0.2005964,342.11199125,407,0.6971828937530518,1687.15,0.039941408,-0.0035170615,0.0038159657,67584,163.79016971588135
69632,34,1.4822048,0.21064088,342.11199125,415,0.7285763919353485,1687.15,0.020703126,-0.0016474262,0.0021555626,69632,168.81622171401978
71680,35,1.4845154,0.16109861,342.11199125,410,0.7755208015441895,1687.15,0.01850586,-0.001052181,0.0021992705,71680,173.7432141304016
73728,36,1.4786417,0.16152826,342.11199125,363,0.7558753192424774,1687.15,0.048828125,-0.0044896263,0.004205085,73728,178.73006892204285
75776,37,1.4681592,0.13010229,342.11199125,387,0.7641718983650208,1687.15,0.031835936,-0.003933414,0.0031697813,75776,184.37004351615906
77824,38,1.452918,0.12976894,342.11199125,421,0.7358094453811646,1687.15,0.048583984,-0.0064315787,0.004392448,77824,189.657808303833
79872,39,1.4395299,0.11503659,342.11199125,437,0.7621497511863708,1687.15,0.014550781,-0.0013705238,0.0020138228,79872,194.51398277282715
81920,40,1.4307996,0.14377159,342.11199125,421,0.7964551001787186,1687.15,0.05859375,-0.0052207243,0.004898568,81920,199.19906640052795
83968,41,1.4271739,0.14118746,342.11199125,427,0.7393111288547516,1687.15,0.066308595,-0.0058555333,0.0054765777,83968,204.05664372444153
86016,42,1.4198092,0.15896285,342.11199125,330,0.7542594373226166,1687.15,0.05605469,-0.004364237,0.004956963,86016,208.8521180152893
88064,43,1.4043552,0.18101063,342.11199125,377,0.7180744111537933,1687.15,0.056396484,-0.005349805,0.005295375,88064,215.0443892478943
90112,44,1.3952311,0.16575478,342.11199125,335,0.765342652797699,1687.15,0.035546876,-0.0027258615,0.0033044755,90112,220.46670818328857
92160,45,1.3879361,0.40160093,342.11199125,391,0.7303237020969391,1687.15,0.031689454,-0.0034820307,0.0031027151,92160,226.56727981567383
94208,46,1.3846767,0.20052731,342.11199125,402,0.7346234619617462,1687.15,0.03178711,-0.0027040006,0.0031765304,94208,231.79347586631775
96256,47,1.3883578,0.40498877,342.11199125,387,0.738093912601471,1687.15,0.033691406,-0.0019788877,0.0031846177,96256,236.87900185585022
98304,48,1.3798689,0.78977466,342.11199125,379,0.6845723986625671,1687.15,0.038720705,-0.0031462125,0.0037319888,98304,242.1657156944275
100352,49,1.3830837,1.2152236,342.11199125,364,0.7117072939872742,1687.15,0.03720703,-0.0019077379,0.0034137587,100352,247.5679895877838
102400,50,1.4000974,0.5344804,342.11199125,372,0.6214954853057861,1687.15,0.04633789,-0.0037803818,0.0040119756,102400,253.1806697845459
104448,51,1.4094093,0.4627665,342.11199125,405,0.6424919068813324,1687.15,0.0362793,-0.0028621515,0.003100262,104448,258.6809022426605
106496,52,1.4164455,0.43295708,342.11199125,403,0.6642853617668152,1687.15,0.043017577,-0.0028968377,0.003961079,106496,263.73231840133667
108544,53,1.4308398,0.8202629,342.11199125,405,0.6657905578613281,1687.15,0.06123047,-0.00448957,0.005325708,108544,268.80638551712036
110592,54,1.4258811,0.6198128,342.11199125,381,0.6268112361431122,1687.15,0.06303711,-0.0053251702,0.0051777055,110592,273.8630998134613
112640,55,1.4105898,1.457742,342.11199125,381,0.5388751029968262,1687.15,0.044921875,-0.005389541,0.003940599,112640,279.22792959213257
114688,56,1.3990911,1.3320266,342.11199125,351,0.5531963407993317,1687.15,0.051708985,-0.0046833036,0.0045100134,114688,284.5978853702545
116736,57,1.3972527,2.342611,342.11199125,375,0.5856345593929291,1687.15,0.031884767,-0.0020010206,0.0030054825,116736,290.4289927482605
118784,58,1.3999263,3.188393,342.11199125,383,0.5204054117202759,1687.15,0.037988283,-0.0027813746,0.003635568,118784,295.8811933994293
120832,59,1.3995125,3.687388,342.11199125,384,0.4039487838745117,1687.15,0.021875,-0.0024767984,0.0025765505,120832,301.22741508483887
122880,60,1.399193,4.190879,342.11199125,382,0.30070316791534424,1687.15,0.038867187,-0.00282168,0.0033201054,122880,306.55324482917786
124928,61,1.4066737,4.9335284,1526.7323131904761,376,0.046381592750549316,5901.047619047619,0.031103516,-0.0048196544,0.0035943128,124928,311.90761256217957
126976,62,1.4116638,5.742762,1526.7323131904761,394,0.2305557131767273,5901.047619047619,0.021630859,-0.0033261601,0.0025528846,126976,317.35347747802734
129024,63,1.407811,6.014964,1526.7323131904761,404,0.17946267127990723,5901.047619047619,0.030371094,-0.003352353,0.0029667304,129024,322.5407111644745
131072,64,1.405561,4.0997705,1526.7323131904761,418,0.21086901426315308,5901.047619047619,0.025146484,-0.00236425,0.0028809388,131072,327.6012110710144
133120,65,1.3994696,4.0512853,1526.7323131904761,381,0.23926126956939697,5901.047619047619,0.033837892,-0.0038040518,0.0032950551,133120,332.4912929534912
135168,66,1.4011832,3.3142514,1669.7794282727273,357,0.1284576654434204,6072.727272727273,0.033154298,-0.0024094246,0.0030934787,135168,337.8677349090576
137216,67,1.4010746,2.1954727,1669.7794282727273,395,0.3825811743736267,6072.727272727273,0.062060546,-0.0035813437,0.0049611856,137216,343.59004855155945
139264,68,1.4019992,3.647094,1680.3320837826088,371,0.2094925045967102,6005.260869565217,0.02709961,-0.0021630307,0.0032511498,139264,348.77542757987976
141312,69,1.4000175,2.171821,1680.3320837826088,397,0.497458815574646,6005.260869565217,0.036865234,-0.0025027103,0.0034911945,141312,354.29385566711426
143360,70,1.3958387,3.086698,1680.559265875,400,0.3270266652107239,5916.291666666667,0.034814455,-0.0030347847,0.0032802355,143360,359.44322633743286
145408,71,1.3954084,5.2024884,1597.890392230769,384,0.35435664653778076,5588.038461538462,0.035888672,-0.004576002,0.0034345393,145408,364.55486035346985
147456,72,1.390458,1.7672373,1597.890392230769,396,0.6891274154186249,5588.038461538462,0.029638672,-0.0031378213,0.0028136366,147456,369.8878846168518
149504,73,1.3876578,3.1507556,1577.787370148148,378,0.6172823309898376,5472.444444444444,0.047021486,-0.007862649,0.004118716,149504,375.0546486377716
151552,74,1.3857465,1.7333829,1577.787370148148,384,0.6639663279056549,5472.444444444444,0.045703124,-0.0011865154,0.0038104325,151552,380.46101903915405
153600,75,1.3863773,1.0466645,1577.787370148148,404,0.7665594816207886,5472.444444444444,0.02841797,-0.0024709413,0.0028598625,153600,385.7898666858673
155648,76,1.3903202,1.7040446,1577.787370148148,395,0.7218578457832336,5472.444444444444,0.046582032,-0.002284951,0.004098919,155648,390.8554289340973
157696,77,1.3861973,4.5805097,1677.6405718214285,408,0.5708962082862854,5615.25,0.03642578,-0.00374765,0.0036217824,157696,396.03852581977844
159744,78,1.3779751,3.053589,1642.6660972068964,365,0.6854482889175415,5475.793103448276,0.04345703,-0.005327815,0.003933047,159744,401.04754519462585
161792,79,1.3669215,4.416877,1642.6660972068964,372,0.5079371631145477,5475.793103448276,0.056689452,-0.0041309902,0.0047705406,161792,406.65758872032166
163840,80,1.3612417,4.697385,1648.6664709333334,367,0.6515085101127625,5415.5,0.02578125,-0.00260942,0.0029121204,163840,412.15942883491516
165888,81,1.3613484,5.252749,1590.06978021875,323,0.7105640470981598,5176.1875,0.039160155,-0.004241585,0.0034260459,165888,417.7406756877899
167936,82,1.3710637,2.6257243,1590.06978021875,380,0.7240694761276245,5176.1875,0.06303711,-0.0050334902,0.0052117524,167936,424.07751750946045
169984,83,1.3796432,4.1977835,1576.5782971818182,418,0.7200593948364258,5091.393939393939,0.045898438,-0.0056850906,0.004181971,169984,429.4664452075958
172032,84,1.3741335,4.9924297,1530.391988457143,364,0.7274478375911713,4893.542857142857,0.050048828,-0.0064368853,0.004423771,172032,434.3599033355713
174080,85,1.3711191,5.8753486,1474.0868076756758,390,0.7247097492218018,4687.1621621621625,0.032177735,-0.0029510264,0.0031057245,174080,439.97898530960083
176128,86,1.3704765,5.4468317,1427.994428,387,0.7580733895301819,4511.153846153846,0.029394532,-0.0034524773,0.0028765597,176128,445.23046827316284
178176,87,1.3682768,4.603202,1382.0757006585366,374,0.7572362273931503,4345.365853658536,0.03227539,-0.0014831265,0.003133263,178176,450.5224304199219
180224,88,1.3648527,2.8585238,1361.8219017619049,352,0.8583087772130966,4269.547619047619,0.054589845,-0.005611714,0.0045641623,180224,455.99375557899475
182272,89,1.3594822,5.1155972,1330.4238101818182,410,0.8099126219749451,4139.886363636364,0.025341798,-0.0013389875,0.0028031769,182272,461.7994511127472
184320,90,1.3553841,2.1273575,1312.5002844666667,362,0.8849606662988663,4075.4666666666667,0.06704102,-0.0042715943,0.005438611,184320,466.7850589752197
186368,91,1.3514876,4.008534,1277.9152895744683,420,0.8532499223947525,3950.1702127659573,0.045214843,-0.0037006128,0.0039935713,186368,472.441543340683
188416,92,1.3508637,10.288766,1245.6916760612244,344,0.5878030955791473,3832.8979591836733,0.038476564,-0.0021901457,0.0034978571,188416,477.3180356025696
190464,93,1.346216,10.909238,1195.5190960192308,393,0.6704075038433075,3661.519230769231,0.040283203,-0.0026434492,0.0040142382,190464,483.2722108364105
192512,94,1.3404828,6.9596786,1165.0616057222223,360,0.7721139490604401,3555.703703703704,0.03779297,-0.002379417,0.003412464,192512,488.4771068096161
194560,95,1.3402417,5.4367776,1121.39654222807,374,0.845817968249321,3409.1754385964914,0.026220703,-0.0017904848,0.0029241126,194560,494.15247654914856
196608,96,1.3374562,10.351119,1095.892926355932,373,0.6715269684791565,3321.576271186441,0.06381836,0.00037255924,0.0053473036,196608,499.61540484428406
198656,97,1.3284914,11.011219,1062.6841263709675,404,0.6784919500350952,3204.1129032258063,0.0668457,-0.0030073288,0.0055684145,198656,505.1044716835022
200704,98,1.3299874,6.4193106,1041.808737984375,413,0.8150075823068619,3130.765625,0.0847168,-0.00344971,0.006685494,200704,510.16918778419495
202752,99,1.3370532,6.878685,1020.3122585151516,367,0.7775783538818359,3059.1969696969695,0.04042969,-0.0056772265,0.0037807873,202752,515.1248295307159
204800,100,1.3361137,7.9544077,991.3404502753623,402,0.7746604830026627,2960.5652173913045,0.04663086,-0.0024598937,0.0041695694,204800,520.6981227397919
206848,101,1.3325908,5.3339148,961.9932981805555,401,0.8477940708398819,2864.0416666666665,0.036132812,-0.0009218779,0.0033714555,206848,525.785980463028
208896,102,1.3289723,11.060141,940.37703484,380,0.7617783397436142,2784.08,0.061621092,-0.001711381,0.005172038,208896,530.8897864818573
210944,103,1.3186191,6.456867,925.8085635974027,401,0.8254134207963943,2732.7272727272725,0.07519531,-0.0039425334,0.0061687245,210944,536.2772130966187
212992,104,1.3210741,5.3332286,905.2062680375,395,0.8811274841427803,2660.7625,0.05234375,-0.0015487231,0.004316065,212992,541.3785045146942
215040,105,1.3261291,3.691814,891.9796418292683,398,0.8876872286200523,2615.7195121951218,0.053710938,-0.0033525242,0.0043363157,215040,546.5536041259766
217088,106,1.3266301,9.507431,874.2949623058822,388,0.7840524315834045,2553.0235294117647,0.0340332,-0.0006156595,0.0032636062,217088,551.6882853507996
219136,107,1.3178055,7.5861053,863.4601311954023,409,0.7723615616559982,2514.183908045977,0.035009764,-0.0014094792,0.0033533,219136,556.9602403640747
221184,108,1.3215445,6.3613024,845.5981795777778,375,0.8529906421899796,2455.2555555555555,0.045458984,-0.0031103774,0.003943594,221184,561.9684164524078
223232,109,1.3309948,8.327685,828.9249000752689,343,0.8170212358236313,2398.9139784946237,0.06748047,-0.0041768206,0.005608994,223232,567.4201562404633
225280,110,1.3349522,11.143687,811.9758926458334,347,0.6832360923290253,2344.15625,0.04765625,-0.0021778834,0.004346588,225280,573.3869369029999
227328,111,1.3330061,7.632802,797.8418903131313,418,0.8480757623910904,2295.2929292929293,0.089697264,-0.0058425046,0.008074894,227328,579.2788133621216
229376,112,1.3307077,6.7288003,794.8129108100001,381,0.7860062271356583,2276.67,0.050976563,-0.0012341747,0.00447472,229376,584.1699552536011
231424,113,1.3244838,12.375018,802.5714483199997,428,0.7443065047264099,2274.82,0.07421875,-0.0030323686,0.0064465404,231424,589.5450615882874
233472,114,1.3229601,7.7919173,803.0052880899998,384,0.829026073217392,2250.47,0.05419922,-0.0023653016,0.004614555,233472,594.3286468982697
235520,115,1.3337166,12.353056,800.6246527999999,423,0.6729942262172699,2222.4,0.07304688,-0.0062283324,0.006581658,235520,599.6599638462067
237568,116,1.337532,8.252863,802.8676710199999,364,0.7971476316452026,2207.83,0.07138672,-0.0030383242,0.005528371,237568,604.4942517280579
239616,117,1.3398371,14.120206,807.5779445499998,377,0.7152602672576904,2198.16,0.03413086,-0.0013976706,0.0032027587,239616,610.1075141429901
241664,118,1.3389637,6.828372,535.52311197,396,0.8564645051956177,1176.06,0.07265625,-0.0017672708,0.0061100987,241664,615.5271480083466
243712,119,1.3379166,7.326545,460.95324332,379,0.8190323263406754,1013.3,0.040966798,-0.00017536028,0.0037832516,243712,620.6921405792236
245760,120,1.3405247,13.311696,404.60832889,371,0.7585457861423492,882.66,0.05595703,-0.004837189,0.0048798868,245760,626.0842621326447
247808,121,1.3478494,9.545872,375.04300792999993,406,0.8124673366546631,818.93,0.04140625,-0.0019645088,0.0037226863,247808,631.6038131713867
249856,122,1.3536752,12.50976,352.38239003999996,418,0.7768858820199966,771.51,0.04560547,-0.0015963071,0.004121929,249856,636.6460502147675
251904,123,1.3565043,13.977689,340.7528269,419,0.7057645320892334,745.4,0.054003906,-0.0053983266,0.0048330827,251904,641.5448024272919
253952,124,1.3517524,7.220131,328.54240897999995,381,0.8793894350528717,717.54,0.054345705,-0.0036405444,0.0049375296,253952,646.4242968559265
256000,125,1.3555542,4.266876,316.85168974,382,0.922782689332962,690.26,0.067675784,-0.002393139,0.005461569,256000,651.7905015945435
258048,126,1.3575089,13.397743,311.01103632,415,0.7639423310756683,675.12,0.037060548,-0.00053883647,0.003378865,258048,657.146918296814
260096,127,1.351863,10.696756,307.43952507,353,0.816576674580574,665.66,0.06743164,-0.0013397959,0.005667868,260096,662.0729019641876
262144,128,1.3536538,13.188797,301.06962245,404,0.7277591824531555,650.24,0.07817383,-0.005226362,0.0059077637,262144,667.8640637397766
264192,129,1.3609644,13.435881,291.65548763000004,375,0.8154080659151077,629.16,0.057519533,-0.000748989,0.004644703,264192,672.9303095340729
266240,130,1.3584445,16.994434,283.75646444,392,0.731134831905365,611.25,0.0675293,-0.0040235533,0.005490021,266240,678.3860092163086
268288,131,1.3555205,16.07726,275.62979213999995,338,0.7072247266769409,594.75,0.045654297,-0.0033885657,0.0040720236,268288,683.6026678085327
270336,132,1.3592165,13.070371,269.58875603,398,0.7359954416751862,581.67,0.055419922,-0.0023113154,0.0048980997,270336,689.6537749767303
272384,133,1.3680592,21.4,255.22128647999997,399,0.5588500201702118,551.71,0.02993164,-0.0018802034,0.0028142065,272384,694.7973964214325
274432,134,1.3748541,7.8052073,248.20900598000003,407,0.8824751004576683,534.35,0.03828125,-0.0009301426,0.0036169316,274432,699.9193115234375
276480,135,1.3698096,18.580067,237.65262040999997,401,0.5430779457092285,512.51,0.050341796,-0.00061012653,0.004520519,276480,704.9444725513458
278528,136,1.3684742,6.9731574,231.50770196000002,453,0.9010075554251671,498.36,0.058984376,0.0003618589,0.0049400097,278528,710.0484638214111
280576,137,1.3764884,12.812197,227.61522589999996,442,0.7891654521226883,489.34,0.059570312,-0.0021418862,0.0047239754,280576,714.566130399704
282624,138,1.3817952,6.0688567,223.56427551000004,436,0.9052049964666367,479.21,0.077978514,-0.0019294571,0.0063583925,282624,719.197592496872
284672,139,1.3830631,11.984799,218.22992312,421,0.8213490098714828,468.0,0.036035158,-0.0017292772,0.003347744,284672,723.8916494846344
286720,140,1.3773735,15.260145,214.16562749999997,422,0.7505456954240799,458.01,0.090625,-0.0061122584,0.0072810077,286720,728.7483465671539
288768,141,1.3727025,9.735221,210.76245505,395,0.8528976142406464,448.95,0.055371094,-0.0016076736,0.0052570393,288768,733.6013736724854
290816,142,1.3787048,9.645412,210.26804339999998,420,0.8476589918136597,446.96,0.06347656,-0.0036944128,0.005484821,290816,738.7817506790161
292864,143,1.398804,9.658663,209.87225804999997,390,0.8229162991046906,445.38,0.05258789,-0.0011437566,0.0046252576,292864,743.6516537666321
294912,144,1.3981719,12.279011,207.50915098000004,416,0.785389855504036,440.34,0.050927736,-0.0027593935,0.0045226375,294912,748.8923509120941
296960,145,1.4053311,12.515456,204.70815684,381,0.7964964210987091,435.65,0.08291016,-0.004625893,0.0068763634,296960,753.8115336894989
299008,146,1.4146655,5.2628527,205.10843584999998,403,0.9127677157521248,435.87,0.06748047,0.00031953474,0.0057146046,299008,759.1820340156555
301056,147,1.4187832,6.474637,206.26908412,418,0.8698738217353821,436.97,0.052978516,-0.0028257738,0.004367212,301056,764.2629668712616
303104,148,1.4176416,9.363569,203.00389116999997,363,0.8047628998756409,432.06,0.05180664,9.3475785e-05,0.004786103,303104,769.1593687534332
305152,149,1.4083576,7.7634797,205.35019759000002,430,0.8389702141284943,435.6,0.05288086,-0.0019551353,0.005802761,305152,774.7883369922638
307200,150,1.4141448,7.7353106,206.23132703,382,0.8603307008743286,437.29,0.04609375,-0.0017082391,0.004101,307200,779.5492830276489
309248,151,1.4253002,11.194454,207.56496834,406,0.8286791890859604,439.34,0.057128906,-0.0032381434,0.0048581115,309248,784.9076764583588
311296,152,1.4252882,9.711516,210.13046456000006,420,0.8202360421419144,443.03,0.03227539,-0.0020494894,0.0033020258,311296,789.951975107193
313344,153,1.4258535,6.473368,214.60554912,354,0.9040794894099236,449.53,0.08544922,-0.005792898,0.0069721667,313344,794.8294649124146
315392,154,1.4334617,9.063125,215.72333186,383,0.8294188678264618,450.91,0.0793457,-0.0038282673,0.006477283,315392,800.6088767051697
317440,155,1.4459409,4.4631157,220.38284019,403,0.9261715486645699,458.33,0.055615235,-0.0041397144,0.0052281707,317440,805.9505712985992
319488,156,1.4514719,9.671003,222.32106625000003,381,0.8596283495426178,462.1,0.06040039,-0.0052168267,0.004972763,319488,811.0326154232025
321536,157,1.4544388,4.3695893,225.32895774999997,387,0.9093912541866302,467.54,0.03852539,-0.0024539116,0.0035405022,321536,816.4058566093445
323584,158,1.4548042,3.8794708,232.44695721,399,0.9455944299697876,479.78,0.034423828,-0.000815876,0.0034170833,323584,821.695166349411
325632,159,1.4434338,3.613908,236.91578955,385,0.9334772601723671,487.84,0.065136716,-0.00050362025,0.0056319507,325632,826.8218884468079
327680,160,1.4412493,5.9718547,240.3824512,378,0.8936398401856422,494.37,0.03149414,-0.0024229414,0.0029781263,327680,832.1326057910919
329728,161,1.4512395,5.3919206,245.64926686,412,0.895168848335743,503.74,0.075927734,-0.004472523,0.007092748,329728,837.5400698184967
331776,162,1.4662468,2.266825,246.85502855000001,421,0.9586010091006756,506.55,0.064941406,-0.002156858,0.0055252733,331776,842.5004394054413
333824,163,1.4661919,3.758739,252.25143369,368,0.9342825710773468,516.35,0.041503906,-0.0021869105,0.004307442,333824,847.3643267154694
335872,164,1.4635637,5.313404,256.97556214,396,0.8956228643655777,525.41,0.07265625,-0.002475958,0.007242243,335872,852.9241642951965
337920,165,1.4609729,2.8102155,260.50930538000006,442,0.9472723193466663,531.68,0.09467773,-0.0048194686,0.007766691,337920,858.0911388397217
339968,166,1.4644954,3.2128131,264.41492585000003,430,0.9425413869321346,538.45,0.027734375,-0.0005592945,0.00274023,339968,862.7257442474365
342016,167,1.4662517,3.1693645,267.47334156,430,0.9443633332848549,544.31,0.08061524,-0.009176942,0.006690624,342016,867.4825994968414
344064,168,1.4696105,2.6024678,271.62713872999996,407,0.9516287259757519,552.07,0.042382814,-0.0044678967,0.00394866,344064,872.2442512512207
346112,169,1.4619294,5.1059146,275.75002724,402,0.9319528043270111,559.22,0.05859375,2.6894664e-05,0.0050706724,346112,877.2730267047882
348160,170,1.4423692,4.2647433,277.63211752,378,0.9345459043979645,561.97,0.080566406,-0.0005328398,0.0066426033,348160,882.3654124736786
350208,171,1.422243,9.559762,278.65511198999997,338,0.8713230490684509,563.98,0.061914064,-0.0019941502,0.0054139043,350208,887.7717387676239
352256,172,1.425029,6.5244102,283.02032345,402,0.9105818718671799,571.09,0.06777344,-0.004687573,0.0054333443,352256,893.82133436203
354304,173,1.4243629,5.1095505,286.34827991,406,0.9224241748452187,575.83,0.039990235,-0.0014005998,0.0038566713,354304,898.9163963794708
356352,174,1.4161646,3.9997032,289.11993079,394,0.9439692832529545,579.72,0.062109374,-0.003488417,0.0062714876,356352,903.950496673584
358400,175,1.4030442,6.297877,289.32754716,387,0.8989735171198845,579.7,0.103466794,-0.0071459105,0.008525292,358400,909.1489799022675
360448,176,1.3976861,7.031854,290.165454,405,0.9115096554160118,580.84,0.05126953,-0.001990975,0.0043669725,360448,914.4411089420319
362496,177,1.3944207,7.995556,292.38084416,413,0.901205375790596,583.88,0.07314453,-0.0066007995,0.0062063537,362496,919.4949605464935
364544,178,1.3997383,5.275163,292.40251721,413,0.9276507198810577,583.42,0.06435547,-0.003662888,0.0057529537,364544,924.4490592479706
366592,179,1.4064847,7.025103,293.65147604000003,363,0.9151317626237869,584.77,0.05961914,0.000953963,0.005379674,366592,929.403247833252
368640,180,1.417964,3.101727,293.49831928,365,0.9619570523500443,584.1,0.064697266,-0.0047407867,0.0054331915,368640,935.0425741672516
370688,181,1.4218991,6.7125463,293.19342255,420,0.9141212403774261,583.32,0.063769534,-0.0008048309,0.0055934484,370688,940.6419644355774
372736,182,1.4123542,9.8042965,292.56867334,398,0.8909177482128143,582.33,0.05810547,-0.0035730805,0.0052372585,372736,945.5106530189514
374784,183,1.3964909,3.4801984,293.72917494999996,370,0.9586370475590229,583.67,0.054638673,-0.003105462,0.005251081,374784,950.6543600559235
376832,184,1.3986722,3.8598506,292.7425769,381,0.9543813318014145,581.37,0.03984375,-0.005317993,0.0035522443,376832,956.1877677440643
378880,185,1.41206,7.1689024,291.59982875,419,0.9247381538152695,578.97,0.04916992,-0.002468297,0.0043944716,378880,961.5562596321106
380928,186,1.4183562,5.5533047,289.87038616,392,0.943633608520031,574.86,0.031591795,-0.00090387615,0.002764049,380928,966.4373869895935
382976,187,1.417669,2.6059756,284.96179249,359,0.9665173962712288,565.24,0.06826172,-0.0043526418,0.0056680716,382976,971.6601207256317
385024,188,1.4228218,5.783462,278.35850554,408,0.931665875017643,553.02,0.045703124,-0.004913901,0.0046859416,385024,977.3657965660095
387072,189,1.4340589,5.9179316,272.947346,397,0.9141537696123123,543.26,0.06645508,-0.0050605186,0.0053870417,387072,982.3831496238708
389120,190,1.4466678,8.437673,270.20918502,397,0.917358785867691,537.2,0.04116211,-0.0017768079,0.0038838894,389120,987.5312254428864
391168,191,1.4568594,8.191234,269.42134981,432,0.9233000129461288,534.36,0.03330078,-0.0019462563,0.003025245,391168,992.6819550991058
393216,192,1.457471,3.4868712,268.82682557000004,382,0.9541534706950188,532.88,0.03227539,-0.0030383705,0.0030303414,393216,997.4165256023407
395264,193,1.4513519,7.998671,267.61124558,416,0.9113771542906761,529.96,0.03779297,-0.0017595896,0.003418558,395264,1002.7700481414795
397312,194,1.4495002,4.4763174,266.09223478,352,0.9418718479573727,526.94,0.050390624,-0.0020666234,0.0041873315,397312,1007.6878304481506
399360,195,1.4487195,6.940192,265.0030387,401,0.9249352812767029,525.44,0.07099609,-0.002864468,0.006651886,399360,1013.5057334899902
401408,196,1.4416958,9.667752,266.42669768,372,0.9131177738308907,527.09,0.06430664,-0.00016996279,0.005332798,401408,1018.6026127338409
403456,197,1.4328983,8.618481,268.01150605,405,0.9223675057291985,529.22,0.032714844,-0.0010455073,0.0033280693,403456,1024.0971522331238
405504,198,1.4277589,7.763648,269.39954959,357,0.925192154943943,531.25,0.06201172,-0.004080779,0.0058515863,405504,1029.1481640338898
407552,199,1.4300715,5.338018,267.89989693,423,0.9356125965714455,528.96,0.08803711,-0.0058961404,0.0077725584,407552,1034.8795108795166
409600,200,1.4275854,6.2487082,266.67683257,399,0.9265804886817932,526.93,0.07495117,-0.0051693753,0.0061340146,409600,1039.721107006073
411648,201,1.4312145,8.459668,268.82564133000005,400,0.9148829132318497,530.31,0.08183594,-0.006038615,0.0066821165,411648,1044.8512744903564
413696,202,1.4427505,4.6184425,270.09232966,377,0.9472930915653706,531.66,0.06708984,-0.0028485237,0.0060490323,413696,1049.9717726707458
415744,203,1.4353622,13.908737,277.65511641999996,358,0.7649042010307312,543.84,0.038232423,-0.0014762621,0.0036863505,415744,1055.3925426006317
417792,204,1.4297142,9.156435,281.21303434,391,0.9035535529255867,549.82,0.06660156,-0.0053559886,0.0054247854,417792,1061.1077919006348
419840,205,1.4216273,3.3693366,283.83092925,430,0.9588187709450722,554.24,0.03754883,-0.00258017,0.0036592945,419840,1066.3372938632965
421888,206,1.4110862,6.531558,285.52609572,362,0.8935433998703957,556.8,0.077783205,-0.0022905625,0.0065539354,421888,1071.1009230613708
423936,207,1.3990401,10.613412,305.42520755000004,436,0.8317082673311234,587.49,0.09257813,-0.0050739963,0.007898805,423936,1076.7477631568909
425984,208,1.3948,17.062302,315.93917535,409,0.8184778690338135,604.52,0.06328125,-0.00235271,0.005761229,425984,1081.4364604949951
428032,209,1.377375,2.0324636,315.93917535,384,0.8469661921262741,604.52,0.061767578,-0.005394133,0.0057219625,428032,1086.4350111484528
430080,210,1.3536658,9.4139805,339.80746767999995,388,0.9036413431167603,641.91,0.08271484,-0.00079665694,0.0069896616,430080,1091.7560503482819
432128,211,1.3458757,11.074946,343.80634387,410,0.8007447421550751,648.3,0.06982422,0.0006346031,0.006134031,432128,1097.026199579239
434176,212,1.3375143,9.591222,349.09330287999995,414,0.8242555856704712,656.84,0.05698242,-0.0020389406,0.0049719797,434176,1102.022331237793
436224,213,1.3284895,11.842909,367.96402672000005,396,0.859466090798378,686.28,0.06982422,-0.00043943417,0.0070242025,436224,1106.9640855789185
438272,214,1.3153744,5.2458696,373.56827321000003,380,0.9153318926692009,695.01,0.07807617,-0.002972684,0.006231594,438272,1112.1331179141998
440320,215,1.3098476,5.5907793,380.31816538,393,0.9288609474897385,705.72,0.031201173,-0.0018584293,0.0029602621,440320,1117.5210919380188
442368,216,1.302418,3.0928686,380.31816538,386,0.8734872788190842,705.72,0.089990236,0.00019226872,0.0074786097,442368,1122.72838306427
444416,217,1.2946641,7.16996,407.99429981000003,394,0.8212964683771133,749.8,0.06865235,-0.004924166,0.00548429,444416,1128.027055978775
446464,218,1.2767562,14.442182,418.04694923999995,399,0.7759059816598892,765.49,0.1003418,-0.0046599433,0.009350202,446464,1133.216816186905
448512,219,1.2636712,1.4683821,418.04694923999995,415,0.9284053891897202,765.49,0.0578125,-0.0022075179,0.0051461444,448512,1138.3501574993134
450560,220,1.2701523,0.8330925,418.04694923999995,405,0.9099433124065399,765.49,0.0859375,-0.003953599,0.006596087,450560,1143.2814712524414
452608,221,1.2726294,0.40445384,418.04694923999995,404,0.9331997334957123,765.49,0.07353516,-0.0058017513,0.0059253676,452608,1148.3372130393982
454656,222,1.2700545,0.2700209,418.04694923999995,377,0.9645458087325096,765.49,0.1387207,-0.008754537,0.010811032,454656,1153.4033558368683
456704,223,1.2557006,0.098902725,418.04694923999995,385,0.9705979339778423,765.49,0.10498047,-0.0027792202,0.009669658,456704,1158.8230452537537
458752,224,1.230871,0.056251757,418.04694923999995,367,0.9850482326000929,765.49,0.1065918,-0.0036610875,0.0088565275,458752,1164.1414980888367
460800,225,1.2386103,2.4098198,418.04694923999995,366,0.8470814079046249,765.49,0.10336914,-0.00486094,0.009348313,460800,1169.714750289917
462848,226,1.2578382,2.478496,418.04694923999995,395,0.5043266117572784,765.49,0.078027345,-0.001150173,0.006358356,462848,1175.3140466213226
464896,227,1.2572163,1.9185162,418.04694923999995,368,0.5722578763961792,765.49,0.08496094,-0.0032092973,0.0067143976,464896,1180.4895565509796
466944,228,1.2552359,1.0154612,418.04694923999995,385,0.7533095926046371,765.49,0.055664062,-0.002560711,0.0050047743,466944,1186.0484929084778
468992,229,1.2460325,0.6107443,418.04694923999995,420,0.7949745953083038,765.49,0.057373047,-0.001979487,0.0047992775,468992,1191.3685357570648
471040,230,1.2528728,0.80783445,418.04694923999995,427,0.7455533146858215,765.49,0.07416992,-0.0064944485,0.0057086926,471040,1196.2357420921326
473088,231,1.2529732,0.3503863,418.04694923999995,388,0.8677359968423843,765.49,0.07709961,-0.0037206025,0.006268489,473088,1201.032506942749
475136,232,1.2404369,0.353141,418.04694923999995,391,0.8714604824781418,765.49,0.093408205,-0.00788276,0.0075118346,475136,1206.304530620575
477184,233,1.2399404,0.16516237,418.04694923999995,402,0.9267839789390564,765.49,0.08852539,-0.006201228,0.0071796067,477184,1211.5416324138641
479232,234,1.2493823,0.22765708,418.04694923999995,394,0.9260813593864441,765.49,0.07739258,-0.004869033,0.0064467667,479232,1216.624739408493
481280,235,1.2475882,0.6895262,418.04694923999995,397,0.890048623085022,765.49,0.068408206,-0.005666686,0.0063197142,481280,1221.8217453956604
483328,236,1.2333015,1.9594631,418.04694923999995,406,0.9355575293302536,765.49,0.07446289,-0.0051737605,0.0063520023,483328,1226.9815464019775
485376,237,1.2296482,1.9029257,418.04694923999995,408,0.8942978605628014,765.49,0.05029297,-0.0026974895,0.004408554,485376,1232.0247511863708
487424,238,1.2280993,14.631441,631.7335026000002,410,0.8171028792858124,1139.17,0.038769532,-0.0016890634,0.0037490309,487424,1237.0416038036346
489472,239,1.219675,2.2921064,631.7335026000002,389,0.9078836292028427,1139.17,0.05419922,-0.004923256,0.004828442,489472,1242.027055978775
491520,240,1.2131175,11.796621,640.78804222,431,0.8567596822977066,1151.35,0.07299805,-0.0061591594,0.0059935506,491520,1247.2870826721191
493568,241,1.211978,4.148572,658.02527227,409,0.857571467757225,1179.53,0.0637207,-0.0026876805,0.0053852904,493568,1252.0380129814148
495616,242,1.2050912,3.8068607,655.81817198,389,0.913926750421524,1175.46,0.05078125,-0.0024138356,0.004249003,495616,1257.0451900959015
497664,243,1.2062223,6.305478,675.17984175,423,0.8692800998687744,1206.66,0.042089842,-0.0029868423,0.003962491,497664,1262.303760766983
499712,244,1.2142316,1.1772107,675.17984175,394,0.9742214176803827,1206.66,0.06591797,-0.004421768,0.0054113786,499712,1267.14386510849
501760,245,1.2187996,4.1396904,696.9908697700001,403,0.9048366695642471,1239.05,0.045800783,-0.0029888116,0.004050817,501760,1272.3387789726257
503808,246,1.2224813,6.217381,706.9085499300002,383,0.8493297100067139,1255.13,0.06518555,-0.0042062323,0.005269931,503808,1277.4164683818817
505856,247,1.2396119,6.623027,711.5208102,414,0.8218888342380524,1263.04,0.0730957,-0.004398181,0.0057587563,505856,1282.7530102729797
507904,248,1.2508844,1.1178966,711.5208102,370,0.9391037672758102,1263.04,0.06923828,-0.006051262,0.005857529,507904,1287.6938185691833
509952,249,1.2447883,5.502023,733.43050891,432,0.8267441242933273,1297.36,0.03930664,-0.0033524805,0.0036908954,509952,1293.2248990535736
512000,250,1.2356215,1.0142168,733.43050891,378,0.94676748290658,1297.36,0.0831543,-0.008421777,0.006845677,512000,1297.964425086975
514048,251,1.2307913,0.5807417,733.43050891,378,0.971011146903038,1297.36,0.07861328,-0.0015848018,0.0068143727,514048,1303.382815361023
516096,252,1.2263561,0.49016848,733.43050891,375,0.9654525741934776,1297.36,0.08115234,-0.0049387505,0.006368407,516096,1308.7891833782196
518144,253,1.226546,0.8360432,733.43050891,375,0.9652368202805519,1297.36,0.07104492,-0.0027134765,0.0059956806,518144,1314.2476994991302
520192,254,1.2169964,0.4868795,733.43050891,388,0.9763599000871181,1297.36,0.058251955,-0.0032150666,0.0050073355,520192,1319.7079863548279
522240,255,1.2086806,0.41249323,733.43050891,368,0.9726496376097202,1297.36,0.06552734,-0.0032905615,0.005535709,522240,1324.9739799499512
524288,256,1.2020925,0.30516785,733.43050891,436,0.9788745362311602,1297.36,0.083740234,-0.003489318,0.0070008347,524288,1330.5322053432465
526336,257,1.1850603,0.23488179,733.43050891,400,0.9791726358234882,1297.36,0.0758789,-0.004003536,0.0062695993,526336,1335.2210125923157
528384,258,1.1767695,0.38314182,733.43050891,408,0.9724582359194756,1297.36,0.054492187,-0.0032944768,0.004776887,528384,1340.333708524704
530432,259,1.1694944,0.32792574,733.43050891,377,0.9741815477609634,1297.36,0.055273436,-0.0021445465,0.004667799,530432,1345.3503742218018
532480,260,1.1677986,0.23705694,733.43050891,414,0.9794867038726807,1297.36,0.08989258,-0.0039264695,0.007359182,532480,1350.7736413478851
534528,261,1.1742148,8.604367,898.3419302799998,389,0.8100945204496384,1541.07,0.086523436,-0.006218922,0.006984872,534528,1355.7124960422516
536576,262,1.1882527,8.630266,908.60473664,404,0.7414366006851196,1557.67,0.07119141,-0.004304708,0.006345056,536576,1360.965610742569
538624,263,1.1887538,7.750036,922.13073756,380,0.8072414994239807,1578.85,0.06899414,-0.0058774007,0.0061067245,538624,1366.0338687896729
540672,264,1.1790835,0.49791497,922.13073756,392,0.9598653949797153,1578.85,0.07333984,-0.005427306,0.0065342514,540672,1371.4236290454865
542720,265,1.1655016,0.24009614,922.13073756,385,0.9805196337401867,1578.85,0.074560545,-0.002889529,0.006047843,542720,1376.647670507431
544768,266,1.15992,0.29113442,922.13073756,403,0.9731726348400116,1578.85,0.08662109,-0.003625786,0.007334476,544768,1381.9599173069
546816,267,1.1709142,6.3724737,973.1108347399999,411,0.86854487657547,1654.09,0.09165039,-0.0042532,0.014737387,546816,1387.030408859253
548864,268,1.1929554,0.7818649,973.1108347399999,423,0.8111821115016937,1654.09,0.083789065,-0.0043919147,0.0073247915,548864,1392.0085208415985
550912,269,1.2064986,0.8016898,973.1108347399999,411,0.8431713432073593,1654.09,0.081689455,-0.008851204,0.007458353,550912,1396.8507215976715
552960,270,1.2045591,0.3362822,973.1108347399999,367,0.9699151329696178,1654.09,0.040966798,-0.004600827,0.0038345035,552960,1401.8283083438873
555008,271,1.1928136,0.46617287,973.1108347399999,382,0.9644800238311291,1654.09,0.05673828,-0.0037289772,0.004886589,555008,1407.399233341217
557056,272,1.1832253,9.0492115,1036.09247588,374,0.7751922011375427,1754.76,0.027392577,-0.003943462,0.0027965542,557056,1412.761307477951
559104,273,1.1785233,0.5945755,1036.09247588,408,0.9667540453374386,1754.76,0.08081055,-0.0046868813,0.006469966,559104,1418.234775543213
561152,274,1.1821182,15.052797,1055.46051067,408,0.6628609597682953,1786.48,0.062646486,-0.003975023,0.006279501,561152,1423.2479197978973
563200,275,1.1951305,9.416437,1058.08152083,372,0.6902183592319489,1791.11,0.07133789,-0.0044691814,0.005838326,563200,1428.2679152488708
565248,276,1.2037426,15.149686,1071.8911007000002,425,0.7305034101009369,1814.26,0.054248046,-0.0010196606,0.00499757,565248,1433.764286518097
567296,277,1.214765,8.518515,1077.95672115,374,0.724155992269516,1824.76,0.0690918,-0.0018033863,0.006516895,567296,1438.5841462612152
569344,278,1.221957,7.558352,1086.63474487,422,0.8114568144083023,1839.06,0.07817383,-0.00600263,0.0074259527,569344,1444.0526480674744
571392,279,1.2298342,14.8536625,1095.45988424,395,0.7653753906488419,1853.05,0.066552736,-0.0032355413,0.0056419005,571392,1448.9066734313965
573440,280,1.239254,12.374786,1100.18255078,414,0.7846401482820511,1861.35,0.08657227,-0.0037457298,0.006666263,573440,1454.0847647190094
575488,281,1.2457967,10.502809,1108.73693899,429,0.8196442127227783,1875.34,0.06645508,-0.0063073873,0.0058031324,575488,1459.0214898586273
577536,282,1.2664148,9.650508,1115.87325361,365,0.8365131616592407,1886.88,0.06953125,-0.0041701715,0.016062373,577536,1463.7946119308472
579584,283,1.2870711,14.175715,1120.59039221,396,0.754131942987442,1894.54,0.07124023,-0.0057321065,0.0059920293,579584,1469.3921809196472
581632,284,1.2989997,12.909912,1126.56002556,385,0.834757536649704,1903.24,0.091357425,-0.004793116,0.00816235,581632,1474.5633239746094
583680,285,1.3154343,7.8696594,1136.53444136,408,0.8664145916700363,1919.17,0.072070315,-0.0053864345,0.0060963207,583680,1479.8835451602936
585728,286,1.3179195,5.415969,1145.3620653799999,374,0.8782445341348648,1933.11,0.043359376,-0.0018055886,0.0038467222,585728,1484.8977856636047
587776,287,1.329754,8.49099,1151.37778637,383,0.8748227804899216,1942.56,0.061572265,-0.004606271,0.005382846,587776,1490.3644969463348
589824,288,1.3422232,7.2604713,1158.04411883,373,0.8935199305415154,1952.77,0.044384766,-0.0047475966,0.0038001235,589824,1495.707939863205
591872,289,1.3592916,9.496895,1162.67475471,408,0.8572596609592438,1960.0,0.044628907,-0.0012887566,0.0037897634,591872,1501.1913328170776
593920,290,1.3749425,9.908827,1165.8192859099997,391,0.8368939757347107,1964.98,0.05654297,-0.0052465564,0.0050648726,593920,1506.2089638710022
595968,291,1.3823378,2.3848917,1177.42742798,393,0.9576933868229389,1982.1,0.056152344,-0.0021913184,0.004750533,595968,1511.4359776973724
598016,292,1.4007725,4.3017664,1179.9573876399998,391,0.9261021986603737,1985.37,0.074804686,-0.003205809,0.0064620427,598016,1516.6397104263306
600064,293,1.4159997,0.59806234,1179.9573876399998,405,0.9379375129938126,1985.37,0.07060547,-0.0057411455,0.0056263017,600064,1521.8742427825928
602112,294,1.4089279,3.3412693,1200.90090914,417,0.9090759605169296,2016.65,0.089746095,-0.0051421067,0.0070845657,602112,1526.9223210811615
604160,295,1.3924003,0.15270764,1200.90090914,379,0.9655928239226341,2016.65,0.13979492,-0.009026997,0.010564475,604160,1531.8340430259705
606208,296,1.3749042,0.19377683,1200.90090914,393,0.9601030573248863,2016.65,0.11665039,-0.008467533,0.010098824,606208,1537.2350594997406
608256,297,1.3721095,0.13307095,1200.90090914,398,0.974676076322794,2016.65,0.11674805,-0.008579475,0.008685896,608256,1542.4405782222748
610304,298,1.3662344,0.14496043,1200.90090914,379,0.9771512299776077,2016.65,0.09609375,-0.0034091242,0.008301524,610304,1547.5752928256989
612352,299,1.3393972,0.13597503,1200.90090914,377,0.9777589850127697,2016.65,0.0894043,-0.0050347513,0.008102051,612352,1552.9790799617767
614400,300,1.320407,0.083932444,1200.90090914,425,0.9860964324325323,2016.65,0.07583008,-0.0037780188,0.006552861,614400,1558.4064779281616
616448,301,1.308602,0.09142093,1200.90090914,399,0.9848753968253732,2016.65,0.092041016,-0.004068829,0.0074486705,616448,1563.2185583114624
618496,302,1.3046978,1.3733114,1200.90090914,409,0.8826156705617905,2016.65,0.06723633,-0.004554295,0.0059830495,618496,1568.3500673770905
620544,303,1.2925017,1.3854364,1200.90090914,389,0.349249005317688,2016.65,0.056689452,-0.003401698,0.004812957,620544,1573.3542761802673
622592,304,1.2935904,0.7746278,1200.90090914,403,0.732712984085083,2016.65,0.06020508,-0.0033770613,0.005289967,622592,1578.6134712696075
624640,305,1.3011006,0.29346734,1200.90090914,380,0.9198944419622421,2016.65,0.07358398,-0.0057665114,0.0062543526,624640,1583.6958112716675
626688,306,1.3008657,0.18954886,1200.90090914,432,0.9684188924729824,2016.65,0.06953125,-0.008924393,0.005573989,626688,1589.081708908081
628736,307,1.3006636,0.5360409,1200.90090914,404,0.9111928194761276,2016.65,0.06411133,-0.0019884,0.00536236,628736,1593.820635318756
630784,308,1.2989575,0.49376798,1200.90090914,370,0.8507239371538162,2016.65,0.07373047,-0.0024217325,0.00653252,630784,1598.8792850971222
632832,309,1.309118,0.21405232,1200.90090914,394,0.9213544279336929,2016.65,0.09692383,-0.004986771,0.008391773,632832,1604.4151773452759
634880,310,1.331827,0.17335054,1200.90090914,432,0.9519911706447601,2016.65,0.083935544,-0.0038433014,0.0073666335,634880,1609.607505083084
636928,311,1.3403333,0.06384904,1200.90090914,388,0.9814197067171335,2016.65,0.10058594,-0.0055407835,0.007961182,636928,1614.3466210365295
638976,312,1.3472929,0.033944067,1200.90090914,403,0.9911138387396932,2016.65,0.12807617,-0.010520374,0.010485947,638976,1619.6203413009644
641024,313,1.3525705,0.39269945,1200.90090914,378,0.9513609074056149,2016.65,0.064404294,-0.0056084567,0.005527444,641024,1624.700604915619
643072,314,1.3663627,1.8446735,1200.90090914,370,0.3200175166130066,2016.65,0.05029297,-0.0034543884,0.0042642592,643072,1630.1124970912933
645120,315,1.365927,1.4510182,1200.90090914,373,0.5221980810165405,2016.65,0.03339844,-0.00069129077,0.003170044,645120,1635.6424040794373
647168,316,1.3611495,0.7692739,1200.90090914,366,0.7711568474769592,2016.65,0.06147461,-0.003925898,0.004979982,647168,1641.1296396255493
649216,317,1.3686672,0.6953973,1200.90090914,386,0.806692361831665,2016.65,0.054003906,-0.0034480859,0.004585745,649216,1646.7131888866425
651264,318,1.3653287,0.29417166,1200.90090914,412,0.9258567467331886,2016.65,0.082373045,-0.009134401,0.0066845603,651264,1652.019651889801
653312,319,1.3507187,0.20327167,1200.90090914,420,0.9645136035978794,2016.65,0.064892575,-0.009636877,0.005345264,653312,1656.9868097305298
655360,320,1.3376335,0.7968508,1200.90090914,406,0.9540546014904976,2016.65,0.09287109,-0.004723907,0.0075390264,655360,1661.8637619018555
657408,321,1.328129,0.59833014,1200.90090914,398,0.9589049145579338,2016.65,0.08081055,-0.0052897693,0.0067076907,657408,1666.8981263637543
659456,322,1.3141419,0.5405825,1200.90090914,383,0.9368130192160606,2016.65,0.06333008,-0.0023740628,0.005659539,659456,1672.040640592575
661504,323,1.3100059,0.24728394,1200.90090914,398,0.9579304866492748,2016.65,0.10175781,-0.004799979,0.008188993,661504,1677.378910779953
663552,324,1.3107617,0.37697837,1200.90090914,405,0.9702979605644941,2016.65,0.05444336,-0.0048678317,0.0046395403,663552,1682.5234701633453
665600,325,1.3036463,0.39401045,1200.90090914,380,0.9762967266142368,2016.65,0.071826175,-0.0048175217,0.0060129287,665600,1687.580289363861
667648,326,1.299633,0.4098197,1200.90090914,419,0.9748531021177769,2016.65,0.077978514,-0.005474678,0.0062615015,667648,1692.961207151413
669696,327,1.2980636,0.577444,1200.90090914,382,0.9474065080285072,2016.65,0.07119141,-0.004618743,0.005633506,669696,1697.8454022407532
671744,328,1.2919252,0.3479024,1200.90090914,371,0.973724402487278,2016.65,0.07553711,-0.00411525,0.005980803,671744,1703.195569038391
673792,329,1.2808843,0.30844712,1200.90090914,395,0.9713170845061541,2016.65,0.059228517,-0.0048597115,0.0051941397,673792,1708.7162880897522
675840,330,1.2743266,5.2518134,1654.1398935199998,446,0.8603632599115372,2752.88,0.06875,-0.0022315828,0.005794526,675840,1713.8963022232056
677888,331,1.2753153,0.3287453,1654.1398935199998,403,0.9816533382982016,2752.88,0.08071289,-0.0044073323,0.006485825,677888,1718.4856605529785
679936,332,1.2749782,6.8159585,1675.3050586,418,0.7965041846036911,2784.22,0.058251955,-0.0033757822,0.005516231,679936,1723.568422794342
681984,333,1.2739552,0.38291997,1675.3050586,386,0.9775270484387875,2784.22,0.08803711,-0.008118687,0.0069958926,681984,1728.4601469039917
684032,334,1.2701228,0.3023658,1675.3050586,393,0.9718122631311417,2784.22,0.05644531,-0.0062706107,0.0047950917,684032,1733.757601261139
686080,335,1.2625251,0.37124345,1675.3050586,407,0.9794507641345263,2784.22,0.05673828,-0.0046749543,0.005254941,686080,1738.960483789444
688128,336,1.2576659,7.4442854,1738.26504833,411,0.8149461448192596,2875.49,0.05605469,-0.005158766,0.005846547,688128,1743.9886047840118
690176,337,1.2650913,0.4448769,1738.26504833,381,0.9699849803000689,2875.49,0.06313477,-0.007037434,0.005261301,690176,1748.9718055725098
692224,338,1.2681037,0.2677481,1738.26504833,374,0.9673472046852112,2875.49,0.08242188,-0.0070924126,0.0066558705,692224,1754.3369100093842
694272,339,1.2716582,0.24897762,1738.26504833,390,0.9829151183366776,2875.49,0.053222656,-0.0042484147,0.004292003,694272,1759.8015191555023
696320,340,1.2779703,0.39152697,1738.26504833,366,0.9618376344442368,2875.49,0.07504883,-0.0072358465,0.0060669603,696320,1765.0467476844788
698368,341,1.2899611,0.21710019,1738.26504833,413,0.9685012400150299,2875.49,0.103076175,-0.005630874,0.008438132,698368,1770.6350450515747
700416,342,1.3137126,0.290399,1738.26504833,388,0.9598347954452038,2875.49,0.06298828,-0.00662617,0.005867063,700416,1775.5941298007965
702464,343,1.3222818,0.24796465,1738.26504833,386,0.9778552483767271,2875.49,0.080273435,-0.0059260074,0.0062784217,702464,1780.8662009239197
704512,344,1.3243604,5.9226418,1837.6203992199999,403,0.8499334156513214,3022.01,0.0574707,-0.0027058532,0.0046729296,704512,1786.163562297821
706560,345,1.3311092,9.491526,1850.77633562,415,0.7741005569696426,3041.65,0.054980468,-0.0030980397,0.0044065854,706560,1791.2375671863556
708608,346,1.3492774,0.29603082,1850.77633562,436,0.9714824501425028,3041.65,0.04575195,-0.0062606772,0.0038893297,708608,1796.1707813739777
710656,347,1.3480717,0.18274337,1850.77633562,376,0.9833084493875504,3041.65,0.062304687,-0.0041984473,0.005135739,710656,1800.8622045516968
712704,348,1.3470035,7.488688,1889.6994088800002,416,0.8488857001066208,3098.78,0.048583984,-0.0045064213,0.005128826,712704,1806.3083534240723
714752,349,1.3540454,0.25174844,1889.6994088800002,443,0.971110638231039,3098.78,0.067675784,-0.0062802522,0.0055868374,714752,1811.2245802879333
716800,350,1.3500379,0.26479805,1889.6994088800002,406,0.9728642497211695,3098.78,0.068603516,-0.0062860185,0.0058354544,716800,1815.8445076942444
718848,351,1.3503314,0.31781676,1889.6994088800002,378,0.959219615906477,3098.78,0.102832034,-0.008162673,0.008207057,718848,1820.8864452838898
720896,352,1.3543613,8.667761,1930.6304995300002,365,0.7471901774406433,3160.5,0.08134766,-0.0048487512,0.007813396,720896,1826.3019304275513
722944,353,1.3585361,0.14115565,1930.6304995300002,391,0.9828706961125135,3160.5,0.06020508,-0.002871333,0.0052204137,722944,1831.8996493816376
724992,354,1.3693804,0.2239779,1930.6304995300002,328,0.9850406907498837,3160.5,0.09443359,-0.0066602277,0.0073619476,724992,1837.1309802532196
727040,355,1.3851403,0.3761165,1930.6304995300002,356,0.9776918832212687,3160.5,0.079589844,-0.005060029,0.0064020655,727040,1843.3716938495636
729088,356,1.3838434,8.257044,1993.0916922500003,417,0.7841217964887619,3250.53,0.08867188,-0.005775843,0.00827625,729088,1849.1205587387085
731136,357,1.3757795,23.3963,1996.5081010000001,414,0.6644289195537567,3255.42,0.10966797,-0.006400194,0.022518728,731136,1854.032620191574
733184,358,1.387892,7.57576,2002.5449858599998,442,0.8230436742305756,3264.36,0.071826175,-0.0077920123,0.0062824944,733184,1858.9778320789337
735232,359,1.4076314,26.3224,2011.3542397499996,400,0.6954320669174194,3276.01,0.095507815,-0.006034014,0.010915205,735232,1863.6050581932068
737280,360,1.411181,8.080948,2018.0049891199994,415,0.7543826848268509,3287.05,0.056005858,-0.0036739097,0.00490839,737280,1868.7240738868713
739328,361,1.4082227,6.678485,2027.7736622399998,426,0.8732787072658539,3300.78,0.06411133,-0.004667045,0.00591343,739328,1873.653785943985
741376,362,1.4231613,5.986519,2029.7683170799999,349,0.8665198981761932,3303.53,0.07421875,-0.00073893403,0.007052616,741376,1878.4619631767273
743424,363,1.445146,0.3031886,2029.7683170799999,382,0.965412113815546,3303.53,0.1144043,-0.007106868,0.010006919,743424,1884.327824831009
745472,364,1.4404585,0.330869,2029.7683170799999,400,0.9761702194809914,3303.53,0.042675782,-0.00431889,0.0041296794,745472,1889.6858637332916
747520,365,1.4289445,0.25473744,2029.7683170799999,372,0.9760754592716694,3303.53,0.082617186,-0.007459957,0.0063267103,747520,1894.796499490738
749568,366,1.4348376,0.41344792,2029.7683170799999,375,0.953246459364891,3303.53,0.08984375,-0.0061120326,0.007925107,749568,1900.292555809021
751616,367,1.4604266,0.25002903,2029.7683170799999,370,0.9672072641551495,3303.53,0.09833984,-0.0046399855,0.009171283,751616,1905.7481579780579
753664,368,1.4721187,0.32670754,2029.7683170799999,397,0.9605322033166885,3303.53,0.056591798,-0.0052498356,0.0047968603,753664,1911.2763650417328
755712,369,1.4718711,0.94070786,2029.7683170799999,377,0.8452886343002319,3303.53,0.06933594,-0.0025117989,0.005923045,755712,1916.431036233902
757760,370,1.4722965,0.3128373,2029.7683170799999,367,0.9721521139144897,3303.53,0.056396484,-0.008951079,0.0050761574,757760,1921.8524775505066
759808,371,1.4603094,0.18667725,2029.7683170799999,407,0.9772795755416155,3303.53,0.06772461,-0.007603568,0.005498214,759808,1927.4323513507843
761856,372,1.4515995,0.12741026,2029.7683170799999,429,0.98319729603827,3303.53,0.07285156,-0.0062710443,0.0057830913,761856,1932.4555995464325
763904,373,1.4531604,7.8072176,2187.6980032799997,444,0.8226271420717239,3540.6,0.052001953,-0.0044696503,0.0053848675,763904,1937.224544763565
765952,374,1.4500617,0.44604534,2187.6980032799997,401,0.9639505371451378,3540.6,0.06875,-0.0049601765,0.005660072,765952,1941.8294212818146
768000,375,1.4533472,0.25207308,2187.6980032799997,374,0.9753974005579948,3540.6,0.053808592,-0.0061817043,0.004717893,768000,1946.9255030155182
770048,376,1.4540564,0.7997211,2187.6980032799997,403,0.9629097245633602,3540.6,0.072753906,-0.0052632033,0.005844056,770048,1952.3997485637665
772096,377,1.4418347,0.22010556,2187.6980032799997,382,0.9765341002494097,3540.6,0.059326172,-0.006004352,0.005178939,772096,1957.4824583530426
774144,378,1.4315664,0.39836752,2187.6980032799997,406,0.9717447645962238,3540.6,0.060009766,-0.0040214704,0.0051536006,774144,1962.8342711925507
776192,379,1.4319025,0.364587,2187.6980032799997,382,0.9625111259520054,3540.6,0.087646484,-0.00881862,0.0069121122,776192,1967.8756437301636
778240,380,1.4439867,7.117063,2273.26942343,425,0.8396336287260056,3666.41,0.064453125,-0.0020736728,0.006323668,778240,1973.2260310649872
780288,381,1.4644883,22.203115,2281.47224611,417,0.6561854183673859,3678.71,0.081445314,-0.0036388654,0.0071008853,780288,1978.0456974506378
782336,382,1.4702125,0.30807328,2281.47224611,359,0.9686561562120914,3678.71,0.06552734,-0.0026303846,0.0051462776,782336,1982.95308303833
784384,383,1.4635236,0.19197452,2281.47224611,362,0.9791638534516096,3678.71,0.08779297,-0.008826511,0.0069549284,784384,1988.6487109661102
786432,384,1.4588869,0.20924787,2281.47224611,419,0.9815273769199848,3678.71,0.092236325,-0.0064633735,0.0071847057,786432,1994.2945823669434
788480,385,1.4555353,0.39267018,2281.47224611,394,0.9739695508033037,3678.71,0.10058594,-0.007000325,0.0076098577,788480,1999.1720895767212
790528,386,1.4535055,0.44118682,2281.47224611,366,0.9705124162137508,3678.71,0.055615235,-0.00681905,0.0049125305,790528,2004.3706948757172
792576,387,1.4581649,0.60166156,2281.47224611,418,0.897591769695282,3678.71,0.089501955,-0.008122243,0.0079066055,792576,2009.9592792987823
794624,388,1.4587111,0.54945374,2281.47224611,371,0.9589119218289852,3678.71,0.032568358,-0.0071816137,0.003250646,794624,2014.8515884876251
796672,389,1.4498651,0.41896367,2281.47224611,418,0.9721598122268915,3678.71,0.041064452,-0.0055650985,0.0037314612,796672,2020.3717157840729
798720,390,1.4477336,0.27566713,2281.47224611,397,0.9772395640611649,3678.71,0.054003906,-0.0057679163,0.0048750206,798720,2025.2705137729645
800768,391,1.4451863,0.3353234,2281.47224611,374,0.9774936083704233,3678.71,0.070214845,-0.006578992,0.0060267034,800768,2030.429680109024
802816,392,1.4449213,0.19734825,2281.47224611,370,0.9837910272181034,3678.71,0.08911133,-0.008647243,0.007118312,802816,2035.903639793396
804864,393,1.4483895,0.34608385,2281.47224611,418,0.9679145701229572,3678.71,0.069970705,-0.0050857277,0.005514954,804864,2041.4334268569946
806912,394,1.4520715,0.4356323,2281.47224611,392,0.9672054350376129,3678.71,0.07841797,-0.006962476,0.0066515044,806912,2046.333758354187
808960,395,1.4530824,8.523856,2477.4959100300002,433,0.8143178373575211,3963.39,0.0675293,-0.008443018,0.04123576,808960,2051.5560183525085
811008,396,1.4572666,0.691476,2477.4959100300002,416,0.9814810715615749,3963.39,0.07290039,-0.006867497,0.0072630495,811008,2056.2845661640167
813056,397,1.4570547,0.32540658,2477.4959100300002,365,0.9752827882766724,3963.39,0.08457031,-0.0073545305,0.0065899203,813056,2061.203728914261
815104,398,1.459326,1.1517141,2477.4959100300002,401,0.8578474223613739,3963.39,0.074560545,-0.003619964,0.0067729345,815104,2066.812029361725
817152,399,1.4620788,1.0075147,2477.4959100300002,413,0.7717343270778656,3963.39,0.077539064,-0.0005453491,0.006377811,817152,2071.9162583351135
819200,400,1.476821,0.5643801,2477.4959100300002,382,0.8920290172100067,3963.39,0.075927734,4.3478572e-05,0.0068243733,819200,2076.86780667305
821248,401,1.5015382,29.876282,2531.1623908100005,394,0.5108948349952698,4045.3,0.07875977,-0.0045190845,0.008391252,821248,2082.2187407016754
823296,402,1.5121969,15.1881695,2536.82957562,403,0.7778176516294479,4054.18,0.0659668,-0.0041694054,0.005634354,823296,2087.406989097595
825344,403,1.5181835,16.408176,2536.57375456,395,0.6609368622303009,4054.84,0.06020508,-0.0038102362,0.006643175,825344,2092.4845530986786
827392,404,1.5283438,0.1672841,2536.57375456,399,0.9846100965514779,4054.84,0.043115236,-0.004794412,0.003832817,827392,2097.6594932079315
829440,405,1.5257668,6.995791,2555.03796698,411,0.8517905175685883,4081.92,0.04433594,-0.0040354696,0.0042505856,829440,2102.78964471817
831488,406,1.5345047,27.992023,2493.7058915199996,397,0.6247602701187134,3987.97,0.06040039,-0.0042002797,0.0055671157,831488,2107.7700934410095
833536,407,1.5414221,9.127884,2465.6591260299997,382,0.8943515941500664,3944.41,0.063769534,-0.002023898,0.0053964006,833536,2112.9223725795746
835584,408,1.5473993,0.28493047,2465.6591260299997,369,0.9695316925644875,3944.41,0.07851563,-0.00720632,0.0073385225,835584,2118.273193836212
837632,409,1.5521146,0.4710191,2465.6591260299997,426,0.9684941321611404,3944.41,0.04296875,-0.004585565,0.0038428914,837632,2123.814952135086
839680,410,1.5547245,6.429189,2509.98933951,349,0.8838621824979782,4008.96,0.05722656,-0.0079427045,0.011188555,839680,2128.612431526184
841728,411,1.5613028,6.373783,2517.6531203799996,432,0.8969048708677292,4020.25,0.04067383,-0.0033197994,0.0037065037,841728,2134.4659678936005
843776,412,1.5694065,5.3875837,2492.51558645,411,0.8757908865809441,3981.36,0.08183594,-0.007481399,0.0071838843,843776,2139.203858613968
845824,413,1.5753192,5.5668025,2493.5927157399997,409,0.921155646443367,3982.91,0.07304688,-0.006056801,0.009884903,845824,2144.183739423752
847872,414,1.5815257,8.2873535,2281.6338582900003,439,0.8630439341068268,3611.67,0.055761717,-0.005530214,0.004980811,847872,2149.182697534561
849920,415,1.5830653,5.2391257,2286.1457494,431,0.9204524531960487,3619.57,0.062353514,-0.010009365,0.005737585,849920,2153.8485519886017
851968,416,1.5711466,0.24982235,2286.1457494,405,0.9808914866298437,3619.57,0.11450195,-0.009290891,0.00889148,851968,2158.59610915184
854016,417,1.5606239,0.2888662,2286.1457494,388,0.9743829369544983,3619.57,0.09121094,-0.0049192035,0.009299687,854016,2163.644426584244
856064,418,1.5464593,0.18025504,2286.1457494,390,0.9802254121750593,3619.57,0.083984375,-0.0068929577,0.0069066836,856064,2168.9120829105377
858112,419,1.5378823,0.17892045,2286.1457494,389,0.9850201020017266,3619.57,0.06611328,-0.00523935,0.0053932974,858112,2174.1524362564087
860160,420,1.5370445,0.31544644,2286.1457494,410,0.976494800299406,3619.57,0.05810547,-0.0074575446,0.005626592,860160,2179.4085018634796
862208,421,1.5294867,0.3195734,2286.1457494,424,0.9770234860479832,3619.57,0.055126954,-0.0051605487,0.0047148624,862208,2184.402543783188
864256,422,1.5142958,0.27698988,2286.1457494,406,0.9770982377231121,3619.57,0.07119141,-0.0044808406,0.0059905867,864256,2189.2244551181793
866304,423,1.5045979,0.23781212,2286.1457494,376,0.9807592201977968,3619.57,0.08276367,-0.0019115051,0.0076083033,866304,2194.2671484947205
868352,424,1.4997683,0.22094777,2286.1457494,413,0.9824865981936455,3619.57,0.06254883,-0.004186671,0.0053522843,868352,2199.708628177643
870400,425,1.4934528,0.24915364,2286.1457494,392,0.9646903425455093,3619.57,0.09946289,-0.009126188,0.00889342,870400,2204.6581144332886
872448,426,1.4838407,1.0773704,2286.1457494,396,0.9562126509845257,3619.57,0.052783202,-0.0048625874,0.00669331,872448,2209.8822190761566
874496,427,1.4855255,12.0855255,2462.06663744,391,0.8314975500106812,3876.74,0.063085936,-0.0014761,0.006910374,874496,2215.0450942516327
876544,428,1.487479,12.252153,2454.87114881,409,0.8340179622173309,3864.95,0.07978515,-0.0045605088,0.0066169887,876544,2220.2747933864594
878592,429,1.4898487,5.8092966,2456.8983321399996,387,0.9044443666934967,3868.81,0.08222656,-0.007927938,0.008447207,878592,2225.2797305583954
880640,430,1.4999921,0.24955885,2456.8983321399996,373,0.9803536795079708,3868.81,0.055908203,-0.0055155475,0.0051297485,880640,2230.5652256011963
882688,431,1.5043252,0.42017013,2456.8983321399996,364,0.9437084533274174,3868.81,0.06640625,-0.0015204547,0.006629227,882688,2236.047327041626
884736,432,1.5226637,0.38391638,2456.8983321399996,359,0.9518277011811733,3868.81,0.07392578,-0.0041503552,0.007067361,884736,2241.671217918396
886784,433,1.5360123,0.2720821,2456.8983321399996,393,0.9701427705585957,3868.81,0.09033203,-0.0080013685,0.007095275,886784,2247.369191646576
888832,434,1.533996,0.26456884,2456.8983321399996,414,0.9803402870893478,3868.81,0.051367186,-0.004294972,0.004463291,888832,2252.572506427765
890880,435,1.5402873,5.1663733,2539.5254951999996,388,0.8967350795865059,3993.15,0.049609374,-0.007912381,0.005263551,890880,2257.5141773223877
892928,436,1.5500437,0.83337593,2539.5254951999996,379,0.9707939717918634,3993.15,0.06850586,-0.0062956116,0.005709426,892928,2262.781959295273
894976,437,1.5514084,0.20317903,2539.5254951999996,399,0.9833793547004461,3993.15,0.06586914,-0.0085170325,0.0053804656,894976,2268.1833708286285
897024,438,1.5524259,5.526454,2590.3404329899995,433,0.9130581840872765,4066.56,0.063085936,-0.004586469,0.005487985,897024,2273.305687189102
899072,439,1.5597428,5.1828127,2600.95506679,346,0.8983905464410782,4083.21,0.07724609,-0.00808743,0.0068809753,899072,2278.025910615921
901120,440,1.5671775,7.303682,2589.2630176999996,386,0.8666533082723618,4063.85,0.079394534,-0.0062500304,0.0063110203,901120,2283.9391465187073
903168,441,1.5587318,0.24957725,2589.2630176999996,401,0.9753221403807402,4063.85,0.06953125,-0.004259263,0.0060660406,903168,2289.241847038269
905216,442,1.5493352,0.24806595,2589.2630176999996,391,0.9810711983591318,4063.85,0.080126956,-0.006248973,0.006311407,905216,2294.3485820293427
907264,443,1.5529053,0.29414013,2589.2630176999996,416,0.9821296911686659,4063.85,0.07104492,-0.0034601674,0.005615505,907264,2299.586941242218
909312,444,1.5446436,0.25177464,2589.2630176999996,354,0.9848646223545074,4063.85,0.06479492,-0.0048256167,0.0058593857,909312,2304.504083633423
911360,445,1.5340483,0.23685634,2589.2630176999996,422,0.9803333282470703,4063.85,0.058935545,-0.007020183,0.0050297426,911360,2310.2869970798492
913408,446,1.5338911,0.7142336,2589.2630176999996,414,0.9383687824010849,4063.85,0.06337891,-0.0029856232,0.005537436,913408,2315.1310131549835
915456,447,1.5443047,0.9703428,2589.2630176999996,392,0.7654845118522644,4063.85,0.074560545,0.001197871,0.0063379975,915456,2320.069524049759
917504,448,1.560071,0.6139972,2589.2630176999996,416,0.911502830684185,4063.85,0.050488282,-0.0023137252,0.004353601,917504,2325.286011695862
919552,449,1.562856,0.44850403,2589.2630176999996,389,0.9720207303762436,4063.85,0.03754883,-0.003358902,0.003500219,919552,2330.205463886261
921600,450,1.5766472,1.5296078,2589.2630176999996,387,0.6699720621109009,4063.85,0.09067383,-0.008339435,0.008236175,921600,2335.469574213028
923648,451,1.5867393,0.354005,2589.2630176999996,434,0.9747413489967585,4063.85,0.04160156,-0.0040735886,0.0035712658,923648,2340.7590425014496
925696,452,1.5858376,0.3102026,2589.2630176999996,373,0.9734906814992428,4063.85,0.04140625,-0.004797888,0.0037129107,925696,2345.474506378174
927744,453,1.5876023,0.3351301,2589.2630176999996,429,0.9733366332948208,4063.85,0.050683595,-0.0071927807,0.0044007734,927744,2350.954725265503
929792,454,1.5782626,0.31127864,2589.2630176999996,383,0.9709167238324881,4063.85,0.027929688,-0.004337913,0.0031278986,929792,2355.729155778885
931840,455,1.5729325,0.27402347,2589.2630176999996,432,0.9678962267935276,4063.85,0.05024414,-0.005986029,0.0044032997,931840,2361.071597337723
933888,456,1.5783489,0.11993817,2589.2630176999996,374,0.9877131255343556,4063.85,0.07358398,-0.004839199,0.0062086256,933888,2365.804173707962
935936,457,1.5926496,1.526931,2589.2630176999996,399,0.8094271868467331,4063.85,0.077539064,-0.0058713313,0.0067419233,935936,2371.272893667221
937984,458,1.5979431,0.1785188,2589.2630176999996,395,0.9810789618641138,4063.85,0.07329102,-0.008369843,0.0057385406,937984,2376.3964688777924
940032,459,1.5981447,0.25131947,2589.2630176999996,398,0.9697762802243233,4063.85,0.06064453,-0.0057604364,0.005104345,940032,2381.572828769684
942080,460,1.6212003,0.43838224,2589.2630176999996,392,0.9450038485229015,4063.85,0.093408205,-0.0047720335,0.010501511,942080,2386.7088174819946
944128,461,1.6504841,0.4419849,2589.2630176999996,399,0.9280148968100548,4063.85,0.09296875,-0.009654457,0.0072635943,944128,2391.9283559322357
946176,462,1.6593536,0.32632822,2589.2630176999996,424,0.9793311916291714,4063.85,0.08847656,-0.010348527,0.007200461,946176,2397.060768842697
948224,463,1.6502044,0.48631802,2589.2630176999996,412,0.960284486413002,4063.85,0.062158205,-0.008703845,0.005409718,948224,2401.887724161148
950272,464,1.6498448,8.110561,2920.4567910899996,417,0.885481670498848,4549.01,0.04345703,-0.0025154932,0.0044857683,950272,2406.8528237342834
952320,465,1.656139,9.500253,2918.3798083599995,436,0.7914702296257019,4544.87,0.10478516,-0.0034263625,0.008813613,952320,2411.759546518326
954368,466,1.6616627,6.9948897,2921.06243784,389,0.9147599637508392,4552.1,0.051611327,-0.004199071,0.004598726,954368,2416.4526448249817
956416,467,1.6692364,0.30867475,2921.06243784,417,0.9471941031515598,4552.1,0.109960936,-0.0064641302,0.01058507,956416,2421.7127912044525
958464,468,1.675757,5.5125217,2927.2813297599996,378,0.921488881111145,4562.32,0.062402345,-0.008641445,0.005697654,958464,2426.6241130828857
960512,469,1.6657655,0.18955089,2927.2813297599996,340,0.9864058634266257,4562.32,0.054833986,-0.0061618197,0.0049353447,960512,2432.0401442050934
962560,470,1.6424834,0.16431615,2927.2813297599996,416,0.9875341523438692,4562.32,0.064453125,-0.0058313906,0.005479012,962560,2438.064590215683
964608,471,1.6354405,6.4740896,2954.58420902,382,0.8971780017018318,4598.98,0.047167968,-0.001327791,0.004677579,964608,2442.9863278865814
966656,472,1.631211,0.2942348,2954.58420902,405,0.9832591377198696,4598.98,0.056103516,-0.005878016,0.0046913167,966656,2448.342293024063
968704,473,1.6297251,0.17261055,2954.58420902,407,0.9839336853474379,4598.98,0.051416017,-0.0057428195,0.0045943414,968704,2453.3912024497986
970752,474,1.6283419,7.7540803,2995.7927747999993,400,0.884713813662529,4655.46,0.06708984,-0.0050722244,0.00603716,970752,2458.414832830429
972800,475,1.6245203,0.2376335,2995.7927747999993,376,0.9771210812032223,4655.46,0.08203125,-0.0055453563,0.0067205997,972800,2463.5273184776306
974848,476,1.6156229,0.24455583,2995.7927747999993,394,0.9787716120481491,4655.46,0.07299805,-0.0070453584,0.0063361535,974848,2468.968810558319
976896,477,1.6033531,0.33311868,2995.7927747999993,384,0.9815366044640541,4655.46,0.04951172,-0.0040143426,0.004282197,976896,2474.16641330719
978944,478,1.5904537,0.23836096,2995.7927747999993,368,0.9845526041463017,4655.46,0.07856445,-0.00680774,0.006452347,978944,2479.49347949028
980992,479,1.5924485,0.6658491,2995.7927747999993,396,0.9378184340894222,4655.46,0.07768555,-0.0048197187,0.0070070005,980992,2485.044981241226
983040,480,1.6106402,0.8937315,2995.7927747999993,398,0.8084708452224731,4655.46,0.10341797,-0.005053104,0.008173886,983040,2490.2073526382446
985088,481,1.612348,0.28668478,2995.7927747999993,405,0.9769184589385986,4655.46,0.05620117,-0.0054904455,0.0051788087,985088,2495.3487906455994
987136,482,1.6127418,0.37494487,2995.7927747999993,360,0.9622520059347153,4655.46,0.048095703,-0.0059263776,0.0043122103,987136,2500.4027280807495
989184,483,1.6141313,0.4110113,2995.7927747999993,371,0.9663603343069553,4655.46,0.07758789,-0.009769622,0.006705366,989184,2506.082733154297
991232,484,1.6049007,0.15232807,2995.7927747999993,388,0.9879512842744589,4655.46,0.07954101,-0.0082212705,0.0066943383,991232,2511.602621078491
993280,485,1.6055975,0.66224045,2995.7927747999993,376,0.921636201441288,4655.46,0.08989258,-0.0081920605,0.008958911,993280,2516.8781175613403
995328,486,1.6002934,0.7741599,2995.7927747999993,356,0.8760108724236488,4655.46,0.083300784,-0.0016758215,0.007131113,995328,2522.317195892334
997376,487,1.5892847,0.47391352,2995.7927747999993,397,0.9719283059239388,4655.46,0.06777344,-0.007830206,0.005717396,997376,2528.0551800727844
999424,488,1.582779,0.45304218,2995.7927747999993,367,0.969167472794652,4655.46,0.05581055,-0.0067050373,0.0052528917,999424,2533.203237056732
