#{"t_start": 1566689566.0195577, "env_id": null}
r,l,t
228.936363,1563,4.537963
79.556009,444,5.551188
106.82503,650,8.080619
75.858608,448,9.198201
70.584749,451,10.40424
167.429631,932,13.399529
77.578959,481,14.811121
148.899955,823,17.038593
324.183152,2049,22.990655
112.873171,590,25.008751
43.067912,245,25.674607
61.25281,366,26.625944
76.576708,366,27.545308
51.212242,267,28.344977
57.822532,375,29.302189
118.167859,697,31.658833
414.465114,2049,37.612994
426.788371,1653,42.648902
35.933857,196,43.189825
30.576106,162,43.625109
41.64239,252,44.260457
254.644217,1095,47.201827
37.336888,182,47.644418
31.854411,161,48.693298
52.427106,268,49.449187
129.84757,625,51.113363
250.714676,978,53.735936
34.736904,177,54.770748
39.237468,259,55.482237
85.099379,367,56.482788
73.610927,363,57.384562
32.994027,187,57.875037
49.950125,220,58.438192
78.821364,388,59.426043
73.122484,363,60.930701
52.85446,369,61.886234
52.787017,241,62.589189
48.714464,244,63.219718
50.1716,236,63.829384
53.799604,241,64.469854
60.737413,268,65.157242
46.773641,222,65.692063
54.935437,286,66.994149
90.578859,374,67.964163
49.435918,239,68.576816
47.073404,259,69.329336
72.298969,321,70.157552
28.727399,149,70.548191
70.667181,341,71.411548
173.244742,712,73.937401
149.777398,657,75.711305
37.835925,315,76.67335
80.098861,367,77.615605
216.93154,770,80.315966
346.428917,1165,83.535584
251.403643,1037,86.929894
53.739965,322,87.760178
512.200851,1638,92.926047
372.507619,1229,96.242334
408.486583,1344,100.593628
121.09709,600,102.194261
90.039749,358,103.744935
756.26097,2049,110.041196
699.681969,2049,116.327583
611.238717,2049,122.614557
577.617056,2049,128.878045
541.297687,2049,135.09373
578.654279,2012,141.247272
256.497474,958,143.877668
590.594443,2049,150.246911
615.853157,2049,156.587029
58.321508,354,157.467185
323.795311,1078,161.0767
521.09256,1496,165.111388
649.504087,2049,171.405763
587.628044,2049,177.617357
577.326943,2049,183.883781
534.761362,2049,190.152742
617.619448,1897,196.122695
142.553556,626,198.375772
681.702602,2049,204.79123
394.501018,1212,208.293246
702.367996,2049,214.628294
702.688754,2049,221.021124
389.98021,1147,224.769301
718.572586,2049,231.14188
642.833195,2049,237.56183
629.892829,2049,243.899562
634.661727,2049,250.242962
633.423391,2049,256.643124
706.106547,2049,263.068178
804.037783,2049,269.375276
712.990572,2049,275.786056
700.005483,2049,282.104492
708.886814,2049,288.417604
720.074412,2049,294.857527
763.66285,2049,301.245157
813.842185,2049,307.694728
45.503657,279,308.425349
47.233196,273,309.138054
48.488495,271,309.972687
499.540336,1360,314.34127
787.263365,2049,320.760007
774.536968,2049,327.082624
31.396983,173,327.552032
230.454571,730,329.540428
917.974033,2049,335.911176
298.589,885,339.024255
859.735635,2049,345.313675
567.08955,1454,349.874181
760.610583,2049,356.236426
684.705145,1664,361.019818
915.962462,2049,367.407393
328.244651,928,370.562245
664.271455,1616,375.67635
438.662749,1173,378.996017
566.531411,1392,383.45316
134.396822,465,384.692528
478.002674,1251,388.840172
24.437683,150,389.219039
313.670403,894,391.640675
54.343751,275,392.452728
51.344396,273,393.171839
880.602091,2049,399.40595
116.96518,408,401.040046
29.59226,157,401.442026
48.188212,255,402.112148
61.462313,275,402.800048
58.485485,287,403.565382
22.963547,140,403.938861
933.356387,2013,410.067382
236.899944,639,411.898118
220.217978,610,414.281295
714.220145,1671,419.399934
711.864709,1672,424.078351
911.221902,2049,430.35551
354.069095,911,433.511888
441.494684,1003,436.263046
869.171739,1895,442.116914
927.257274,2049,448.357824
268.755605,669,450.756119
301.869771,759,452.836649
753.889914,1648,457.838421
182.301146,498,459.164605
855.689121,1793,464.615609
262.099294,666,466.42654
704.374215,1526,471.172524
127.309039,398,472.207731
981.351053,2049,478.21763
848.428388,1865,483.851191
630.190629,1458,488.499396
934.548041,2049,494.650265
228.855458,643,496.490647
443.730873,1111,500.110334
469.81379,1154,503.356365
75.705701,247,504.022106
919.473873,2049,510.194481
991.813504,2049,516.248062
502.823976,1127,519.816785
301.581965,755,521.842221
1022.398882,2049,527.842266
360.742649,803,530.620987
328.018782,774,532.701874
445.595429,1044,536.021063
711.69335,1416,539.865466
582.070867,1195,543.643904
318.080319,757,545.707036
326.059874,779,548.327947
180.597323,490,549.644415
439.276685,935,552.250306
162.925199,467,553.53613
193.387325,517,555.522352
72.528749,249,556.204803
333.646246,777,558.352697
184.168971,496,559.692892
612.630386,1237,563.552552
197.417654,495,564.950257
83.337787,251,565.607894
215.670874,523,567.57648
338.141602,776,569.646482
79.800581,243,570.261766
431.386462,897,573.289643
219.711404,509,574.629539
376.942276,830,576.818771
210.614273,524,578.884856
89.6944,274,579.602355
370.377223,843,581.810707
255.288356,599,583.384337
202.580557,496,585.365598
210.544493,549,586.84219
435.147503,926,589.248129
242.220767,554,591.267364
216.690304,523,592.748284
191.84331,476,593.986966
208.219573,519,595.405866
211.502935,527,597.339125
191.887389,493,598.709861
192.768286,504,600.109132
283.200586,629,601.735108
204.155461,523,603.681851
416.791655,891,606.157561
76.241173,256,606.816383
498.349064,1029,610.059824
190.667108,516,611.453297
204.883667,523,612.948015
188.584552,488,614.275476
288.571766,639,616.562331
247.159136,590,618.131656
266.838029,613,619.856466
191.909675,488,621.709769
508.513271,1029,624.367601
83.722869,257,625.046785
1021.222162,1991,630.806209
419.283438,898,633.864486
266.938249,612,635.505697
631.751666,1313,639.439908
397.240115,876,641.917815
643.698655,1304,645.939617
556.92181,1127,648.992326
1028.778876,2049,655.151963
957.891479,2049,661.309878
613.87849,1358,665.593799
992.617453,2049,671.752228
977.867171,2049,677.933185
1032.080945,2049,683.978508
939.404584,2049,690.350415
939.560003,2049,696.58537
1037.501364,2049,702.642002
1004.559662,2049,708.68418
1073.415214,2049,714.703342
334.017346,740,716.736105
315.029149,720,719.235743
497.662906,986,721.786629
395.097547,847,724.085064
675.42429,1301,728.029596
819.018628,1538,732.717207
394.3079,803,734.848391
413.192588,851,737.704261
360.394661,757,739.750235
772.069847,1439,744.096548
688.973296,1357,747.671098
988.458997,1930,753.426485
723.128458,1390,757.657642
615.46086,1171,761.379945
649.702335,1268,764.720373
334.938668,694,767.173715
550.5353,1090,770.073526
463.549656,902,773.065152
389.94329,823,775.283497
403.722087,805,777.406454
331.644247,746,780.053971
471.262867,964,782.620926
380.305715,779,785.215999
323.265611,733,787.289013
477.928853,978,789.80698
320.344468,708,792.227848
380.679292,795,794.452188
308.694328,665,796.160349
380.493031,771,798.762558
432.741358,879,801.126738
367.679466,759,803.721079
325.851933,716,805.596593
356.763417,770,807.750552
383.30089,799,810.476831
384.802608,827,812.64766
358.373819,702,814.570512
607.071835,1193,818.289752
365.063289,772,820.394364
411.281048,848,823.290483
304.021816,659,825.028646
659.608036,1336,829.206535
315.687122,707,831.109165
362.750551,827,833.905758
423.976752,915,836.504962
528.217363,1070,839.8738
630.164295,1329,843.578446
372.566485,820,846.3209
949.512207,1827,851.224593
525.092183,1069,854.645173
488.242421,1045,857.542475
539.223255,1113,861.098626
550.007661,1095,864.627113
418.308486,878,866.95906
659.673079,1254,870.859792
930.654289,1848,876.371461
548.641822,1134,879.499854
547.1115,1093,882.856573
478.223037,974,885.546937
723.117796,1286,889.426601
455.197926,916,892.049788
467.465099,952,895.114733
754.004054,1419,899.011562
560.319026,1131,902.548547
470.840386,967,905.160534
611.015731,1253,909.075852
1060.185854,1944,914.837269
1051.37379,2002,920.702334
580.025767,1153,923.742915
1105.195894,2049,929.808393
1057.544839,2049,935.995624
1058.432803,2049,942.086426
991.622618,1736,947.278396
856.244435,1674,952.273033
1138.097875,2049,958.354348
796.796118,1541,963.078992
818.85309,1557,967.71033
658.730653,1263,971.041244
778.839244,1449,975.550748
1141.512797,2049,981.534385
632.649213,1163,985.078853
1121.178185,2049,991.148396
920.342878,1757,995.947715
865.52969,1633,1000.768955
1095.999075,2049,1006.850659
582.161417,1100,1010.357321
1112.105295,2049,1016.461218
1034.389167,2049,1022.629167
1143.985189,2049,1028.607488
1120.664091,2049,1034.731743
1149.218139,2049,1040.775354
21.576594,76,1040.94539
1130.291453,2049,1047.143105
1134.496739,2049,1053.194407
1213.0506,2049,1059.237476
1088.831079,2049,1065.265255
1197.406711,2049,1071.277799
1181.375489,2049,1077.206326
1207.299014,2049,1083.1597
1203.87351,2049,1089.189894
1215.180255,2049,1095.190365
474.9697,992,1097.806015
1244.60365,2049,1103.815362
720.889216,1287,1107.891574
1214.311524,2049,1113.676996
1212.762509,2049,1119.567817
1206.65375,2049,1125.495751
480.59079,952,1128.133426
1222.183057,2049,1134.148528
627.231869,1137,1137.6652
472.3273,951,1140.160692
1260.966256,2049,1146.082593
20.057555,67,1146.234134
19.507999,65,1146.380798
1256.734775,2049,1152.193419
487.478721,987,1155.367548
570.368076,1106,1158.166843
480.746586,975,1161.3604
19.246448,67,1161.54328
20.61363,73,1161.729386
475.714906,965,1164.20993
22.458956,81,1164.405027
20.292085,69,1165.115347
1173.10762,2049,1171.009809
505.255513,992,1173.604912
647.555334,1167,1177.391898
19.388925,66,1177.550724
237.844242,533,1178.990363
19.047269,66,1179.153827
20.19062,70,1179.329584
792.626383,1380,1183.582498
326.291012,680,1185.392911
19.559077,66,1185.549083
21.076415,71,1185.72272
360.181484,750,1187.695007
340.195456,664,1190.111828
499.613443,915,1192.518116
464.18766,914,1195.48936
965.120035,1661,1199.880322
573.628899,1056,1203.293995
285.171364,571,1204.846483
735.870871,1305,1208.848582
1233.391471,2049,1214.848352
1146.146184,1947,1220.615982
317.02977,666,1222.369859
428.830913,803,1225.082718
700.89482,1290,1228.38832
387.019017,777,1230.992909
736.703736,1251,1234.264842
671.449359,1182,1238.014093
552.082875,1035,1240.770578
767.578821,1381,1245.109554
272.021072,561,1246.637226
823.192264,1363,1250.704335
466.228393,867,1253.022274
517.61053,993,1256.276202
325.929321,673,1258.044532
649.776172,1096,1261.607965
820.992224,1523,1265.681945
1228.981254,2049,1271.556285
1286.595355,2049,1277.484049
351.418099,751,1280.085276
304.943937,678,1281.925069
1273.658866,2049,1287.854817
504.757499,920,1290.283249
1035.544011,1751,1295.564131
1196.18271,2049,1301.677045
1250.1969,2049,1307.760976
1243.991611,2049,1313.65911
1218.927522,2049,1319.665043
20.299659,67,1319.822978
1250.59812,2049,1325.932772
1236.529287,2049,1331.933268
1236.732443,2049,1338.115482
1256.51592,2049,1344.065089
155.653041,448,1345.768398
269.972421,573,1347.273591
1224.894617,2049,1353.303603
1227.845288,2049,1359.356629
1302.81398,2049,1365.330397
1197.604797,1979,1371.186231
1350.717667,2049,1377.134583
1255.923138,2049,1383.195218
1280.117104,2049,1389.214076
1023.44965,1704,1394.296967
1281.153504,2049,1400.284494
194.013163,470,1401.525355
1293.767378,2049,1407.492655
611.861374,1038,1410.248229
1249.756649,2049,1416.336066
264.013501,568,1418.417544
1264.259161,2049,1424.418562
753.177193,1369,1428.258006
863.426343,1454,1432.784861
1164.114729,1935,1438.467433
1263.381691,2049,1444.493879
210.118176,462,1445.735615
1273.257311,2049,1451.863158
1289.169927,2049,1457.906228
1279.122116,2049,1463.957384
506.518686,917,1466.983968
204.569877,454,1468.251356
1251.856824,2049,1474.257972
1255.666041,2034,1480.189044
1268.509739,2049,1486.246631
591.317437,995,1488.962761
383.218768,707,1491.365014
241.642976,485,1492.652761
556.080557,935,1495.172344
426.404157,753,1497.75856
156.577333,370,1498.733701
708.237969,1261,1502.722678
1011.041961,1633,1506.979062
653.130335,1089,1510.559248
1294.829847,2049,1516.625001
1308.291832,2049,1522.664596
243.311585,555,1524.147657
1233.64208,1984,1530.056839
167.791935,370,1531.029584
201.602079,463,1532.808663
1118.984412,1798,1537.644079
556.60477,946,1540.738391
183.334198,442,1541.908841
200.593533,457,1543.227869
126.323104,347,1544.677998
893.441443,1470,1548.537049
1001.141243,1599,1553.360031
1297.606181,2049,1559.381229
725.780465,1218,1563.248608
461.840013,848,1565.476428
546.576923,919,1567.891354
292.999973,577,1570.090695
229.327188,496,1571.392845
902.551551,1513,1575.957767
17.31762,58,1576.103477
17.162936,59,1576.274558
656.767048,1157,1579.402582
192.828332,461,1581.161009
214.210952,468,1582.394495
311.100687,599,1584.114546
17.839702,57,1584.255143
18.287341,59,1584.400849
19.308833,62,1584.555552
363.082277,654,1586.854566
18.16958,58,1587.002638
267.763702,510,1588.354886
17.840401,57,1588.498432
239.841584,507,1589.867085
18.839781,61,1590.050518
16.799218,56,1590.207677
418.713326,750,1592.240878
565.996642,996,1595.368885
335.733099,619,1597.066027
505.892955,866,1599.868441
18.306078,60,1600.048226
262.320383,519,1601.360898
17.688237,57,1601.497397
170.412267,386,1602.508708
228.334376,461,1603.80838
18.002539,60,1603.951414
17.20668,58,1604.090682
173.630718,382,1605.645437
17.57837,57,1605.786083
17.629324,57,1605.931696
243.993898,513,1607.288081
17.799284,63,1607.455758
305.335413,600,1609.017551
269.310784,520,1611.020905
179.682352,403,1612.089309
130.557561,357,1613.02233
16.071352,55,1613.152041
207.349641,464,1614.374108
16.142996,54,1614.518641
187.382043,462,1615.748184
16.948987,55,1615.882818
324.912823,619,1618.149964
591.492863,1068,1620.987042
17.37624,56,1621.120588
282.290349,606,1623.259101
357.273415,703,1625.195046
887.536227,1439,1629.479004
18.213289,58,1629.621724
18.934499,60,1629.762702
1258.916925,1891,1635.295929
162.897191,377,1636.277166
171.225068,400,1637.346911
173.873213,396,1638.440755
225.152133,478,1639.714748
225.175494,472,1641.526077
186.012374,405,1642.578715
564.692337,952,1645.193978
18.102125,58,1645.333389
501.585358,867,1648.158739
211.275284,481,1649.439174
159.518441,375,1650.399459
239.203231,494,1651.785979
214.325453,476,1653.582034
265.519558,529,1654.995433
16.775536,56,1655.135737
322.804031,614,1656.732873
345.755975,638,1659.036607
607.985722,1054,1661.810147
241.598947,521,1663.098277
293.608036,541,1665.182732
240.091947,500,1666.488416
191.99181,396,1667.513319
458.421474,798,1669.569309
185.705202,388,1671.151309
435.055375,768,1673.244796
176.642378,384,1674.230993
174.384992,381,1675.231651
19.51582,63,1675.386079
17.342558,56,1675.524172
814.755507,1344,1679.653402
242.787808,505,1681.032241
215.848213,474,1682.822229
311.957094,560,1684.263717
206.596305,487,1685.640316
458.802207,804,1687.734272
234.070031,434,1689.398259
310.763909,636,1691.005131
437.29324,782,1693.159614
1234.834982,2034,1699.118178
181.462802,385,1700.695573
19.778614,65,1700.854879
18.883349,61,1700.998493
147.69071,364,1701.935937
186.05797,389,1702.940862
461.579541,807,1705.039121
195.912079,464,1706.94303
415.356286,743,1708.872052
17.961514,58,1709.005581
205.651481,461,1710.201385
679.755377,1180,1713.902542
198.112974,396,1714.935154
19.214088,61,1715.075715
169.069173,371,1716.034519
202.962965,401,1717.05026
229.285274,423,1718.691679
19.605832,60,1718.839972
1162.066647,1881,1724.41201
624.556857,1030,1727.19915
182.314628,395,1728.182763
501.798265,852,1730.994633
156.898755,363,1731.941663
429.35,722,1733.895185
361.891973,596,1735.484846
119.096416,285,1736.770449
181.147386,389,1737.779056
140.271256,345,1738.66622
164.675203,373,1739.617164
187.613565,388,1740.720907
161.342306,361,1742.200059
491.08321,844,1744.447972
414.471266,716,1746.289329
191.108979,394,1747.394458
702.835614,1139,1750.906603
353.583413,606,1752.482724
354.419793,638,1754.784131
204.459343,409,1755.838792
344.831074,652,1757.598782
333.385836,601,1759.168646
184.663465,379,1760.75091
183.250324,388,1761.813669
226.572856,427,1762.88788
194.102745,380,1763.841267
217.307154,421,1764.91697
330.603807,592,1767.035228
1198.774708,2049,1773.241813
148.391515,355,1774.212831
1254.229897,2049,1780.22922
193.408901,413,1781.301494
203.876941,424,1782.391664
195.528646,394,1783.386277
174.842023,385,1784.914616
172.352194,378,1785.886362
173.417456,381,1786.859624
166.591487,371,1787.832196
183.916765,385,1788.917592
191.844128,412,1790.507959
218.155759,417,1791.591121
214.672268,410,1792.61335
193.032725,392,1793.651124
386.045816,684,1796.148185
176.915431,378,1797.107777
217.620793,411,1798.135242
192.836802,407,1799.187404
977.973259,1611,1804.207625
163.078491,370,1805.138434
198.964983,395,1806.151474
632.301796,1093,1809.692323
221.512329,476,1810.993432
221.231325,475,1812.237332
192.440108,391,1813.256838
264.573962,564,1815.328075
482.18709,841,1817.657829
245.001082,496,1818.961167
672.537361,1143,1822.683308
258.83949,512,1824.092262
195.746581,393,1825.111249
1197.267312,2013,1831.156091
1269.065391,1984,1837.034666
199.633044,407,1838.673916
404.242376,734,1840.593797
178.626691,386,1841.568699
279.927221,587,1843.169224
309.164993,614,1845.330109
221.327792,471,1846.580502
418.533158,815,1848.686985
189.914654,455,1850.558077
345.986133,692,1852.373416
266.902257,515,1853.710566
310.329404,624,1855.328488
511.790376,902,1858.386861
20.286152,65,1858.54804
533.554258,916,1860.920236
419.07972,755,1863.595358
858.124892,1622,1868.391582
1231.227048,2049,1874.383901
1295.670832,2049,1880.444389
1271.09071,2049,1886.529646
632.889756,1126,1889.535063
1244.810906,2049,1895.666066
765.783328,1294,1899.799926
20.623843,66,1899.983701
561.018222,1012,1902.649044
288.644981,602,1904.873411
1236.769154,2049,1910.962116
1251.101436,2049,1916.530337
1206.878473,2049,1921.871487
1234.436698,2049,1927.167856
1277.864031,2049,1932.294906
1217.33269,2049,1937.328027
1192.613799,2049,1942.454503
1244.590996,2036,1947.546655
1256.083232,2049,1952.773629
1261.336863,2049,1957.787062
1221.277134,2049,1962.768094
1224.300214,2049,1968.109148
1253.098452,2049,1973.739028
1248.662615,2049,1978.918079
1125.45471,2049,1984.085686
1240.714571,2049,1988.958341
19.746694,65,1989.088251
18.167312,60,1989.203089
640.882236,1190,1991.864925
174.282077,457,1992.925688
117.599383,357,1994.078211
1262.7708,2049,1999.394277
1270.653785,2049,2004.51695
1246.467303,2049,2010.052197
1237.438595,2049,2015.243359
1235.86751,2049,2020.214535
1065.969676,1790,2024.735906
1279.486554,2049,2029.948612
1260.270886,2049,2035.239113
1019.340165,1695,2039.707764
1186.129872,2049,2044.806851
1243.234837,2049,2049.832093
53.929001,180,2050.20988
53.643245,177,2050.634536
1319.92585,2049,2056.069147
1277.491825,2049,2061.242638
1265.543486,2049,2066.24937
1233.512083,2049,2071.613078
1294.146044,2049,2076.798179
1225.459739,2049,2081.921602
1281.81632,2049,2087.252024
1313.562127,2049,2093.095902
1295.311451,2049,2098.11157
1325.711923,2049,2103.268962
1173.268659,1918,2108.337688
1280.534166,2049,2113.673494
1286.700058,2049,2118.659098
1325.766884,2049,2123.67122
1296.486236,2049,2128.642908
1229.041872,2049,2134.017561
1269.897587,2049,2139.115524
1304.276637,2049,2144.668839
1348.250988,2049,2149.561666
1307.032316,2049,2154.792629
1320.52555,2049,2160.043772
1297.058567,2049,2165.24516
1268.744123,2049,2170.328054
1277.899591,2049,2175.634278
1298.133287,2049,2180.7309
1202.512543,1974,2185.749685
1318.674391,2049,2191.19277
1321.393232,2049,2196.357322
1276.308093,2049,2201.236715
1275.325113,2049,2206.654955
1300.590642,2049,2211.806847
1285.462183,2049,2217.093093
1271.915132,2049,2222.309602
1294.394251,2049,2227.485449
1279.044684,2049,2232.43362
155.014512,372,2233.708377
1289.3202,2049,2239.018392
1293.518546,2049,2244.156184
1313.255872,2049,2249.664336
1328.327235,2049,2254.966255
1323.50976,2049,2260.271722
1328.226626,2049,2265.167937
1332.217438,2049,2270.405386
474.711672,901,2272.476007
1299.007356,2049,2277.507069
1300.614037,2049,2282.775523
1325.5109,2049,2288.033171
1269.281013,2049,2293.231446
1293.432279,2049,2298.459616
1315.603419,2049,2303.460795
1279.516012,2049,2308.670564
244.630261,575,2310.099548
1306.649327,2049,2315.471105
1324.14017,2049,2320.279311
1341.261828,2049,2325.833267
198.631097,457,2326.995172
1209.388128,2049,2332.124573
1331.20986,2049,2337.882829
1326.756599,2049,2343.346745
1311.508981,2049,2348.664936
1297.885782,2049,2353.7148
1348.082125,2049,2359.221132
1283.282805,2049,2364.591512
1298.156687,2049,2369.884228
1312.935184,2049,2375.115124
210.512904,462,2376.291804
1311.459645,2049,2381.166257
1325.699893,2049,2386.377036
1100.54251,1743,2390.773462
1329.89133,2049,2395.939141
1336.846425,2049,2401.308998
1306.914153,2049,2406.525167
1349.72952,2049,2411.848518
1329.458692,2049,2417.013591
1318.18973,2049,2422.345967
1317.091806,2049,2427.997492
1343.859108,2049,2433.772361
1324.160579,2049,2439.091505
1319.502597,2049,2444.297027
1337.861063,2049,2449.545765
1286.452592,2049,2454.87046
1372.10709,2049,2460.373028
1334.20928,2049,2465.340933
1320.784589,2049,2470.84702
1357.566815,2049,2475.815029
1330.450243,2049,2480.766786
1311.546293,2049,2486.0254
1119.162528,1717,2490.266912
268.319839,507,2491.835531
1368.93452,2049,2496.82163
180.582267,361,2497.552579
1265.078347,2049,2502.569484
1296.473989,2049,2507.612063
1329.126361,2049,2513.288748
1333.584572,2049,2518.262447
1286.760094,2049,2523.272218
1317.118875,2049,2528.984951
1294.63931,2049,2534.28827
1336.935494,2049,2539.628671
1333.379625,2049,2544.552144
1320.180769,2049,2549.61024
1340.250799,2049,2554.549428
1313.131603,2049,2560.153461
1324.460889,2049,2565.35289
1318.744761,2049,2570.661139
1318.474856,2049,2575.970872
1352.733995,2049,2581.214698
1279.607781,2049,2586.33957
1288.964178,2049,2591.490625
1245.021767,2049,2596.689763
1283.782928,2049,2601.929008
1323.714015,2049,2607.404632
1304.521458,2049,2612.565159
1305.462132,2049,2617.957244
1357.627344,2049,2622.830148
298.47784,592,2624.13423
1347.215722,2049,2629.307433
292.568777,576,2630.498657
1356.945089,2049,2636.120072
106.556603,263,2637.105357
1341.095258,2049,2642.485707
1367.634301,2049,2647.853641
1263.243814,2049,2652.895595
196.908447,440,2653.857373
1309.920136,2049,2659.226964
1353.41103,2049,2664.764303
1313.566108,2049,2670.108048
1382.645692,2049,2675.282921
1342.070914,2049,2680.451108
1303.239459,2049,2685.977863
1334.701946,2049,2690.866628
654.569924,1056,2693.169277
160.778515,369,2693.966384
307.214994,553,2695.668802
203.445035,391,2696.428284
172.838579,368,2697.241203
180.173399,375,2698.037941
1292.117424,2049,2703.330225
1335.632356,2049,2708.887572
1322.374548,2049,2714.471094
1294.368315,2049,2720.187146
1300.679551,2049,2725.651884
1337.154977,2049,2731.33474
1303.993665,2049,2736.376858
769.473791,1246,2739.637564
915.24556,1396,2743.427066
839.783201,1375,2746.599879
1375.225903,2049,2751.637651
962.861276,1540,2755.771845
676.432042,1078,2758.557296
1345.891137,2049,2764.196028
314.836474,549,2765.477501
188.281139,374,2766.246148
498.134654,848,2768.163279
1312.911469,2049,2773.27255
1392.395971,2049,2778.223072
1392.160148,2049,2783.375737
1283.905806,2049,2789.146104
764.711636,1205,2792.561375
854.715448,1360,2796.016566
349.044405,628,2797.563733
846.480073,1370,2801.102777
1305.450645,1970,2806.083617
1277.008,2049,2811.310155
1356.827717,2049,2816.58478
168.406126,367,2817.370475
1358.567082,2049,2822.806888
1362.048801,2049,2828.184738
890.671015,1386,2831.175653
212.965043,458,2832.55129
1365.147188,2049,2837.804439
1339.587634,2049,2842.950428
705.960228,1142,2845.82167
682.350664,1109,2848.832399
726.208385,1131,2851.36253
1325.547584,2049,2856.586085
1307.592069,2049,2862.094546
1311.647864,2049,2867.229324
1341.59831,2049,2872.255265
1002.541119,1547,2876.267932
1315.057505,2049,2881.407113
163.006934,356,2882.138003
1415.237911,2049,2887.357083
599.169642,961,2890.027917
843.047642,1299,2893.237784
225.896242,407,2894.504835
942.915738,1449,2897.914993
208.172908,458,2899.34259
180.702495,377,2900.208852
1334.077679,2049,2905.510081
116.52188,270,2906.177469
1249.515915,1917,2910.922667
695.373321,1157,2913.516502
1358.596472,2049,2918.621559
155.23275,351,2919.422969
1253.172526,1985,2924.546173
544.255891,901,2927.018742
1345.248397,2049,2932.40725
1350.751105,2049,2937.163836
1335.167898,2048,2942.14329
1370.469296,2049,2947.352535
263.066528,491,2948.341046
341.13019,610,2949.857283
1323.928307,2049,2955.004982
183.062413,375,2956.191607
211.192505,407,2957.106468
1314.580872,2049,2962.775824
232.724663,468,2963.743629
349.005866,614,2965.133053
110.336416,269,2965.768721
178.130143,368,2966.995048
623.531232,1001,2969.3035
149.978176,344,2970.077004
1346.657206,2049,2975.316678
1405.169595,2049,2981.025865
388.499189,650,2982.942418
321.881946,546,2984.422829
132.949254,294,2985.145256
108.508893,259,2985.665213
1350.387128,2049,2990.84742
173.399791,357,2991.717863
372.132159,646,2993.731206
160.937042,355,2994.543701
690.234133,1097,2997.4065
277.311087,504,2998.995535
260.223643,485,3000.017722
798.678964,1303,3003.068078
112.803861,262,3004.093762
718.339272,1132,3006.678437
212.607966,403,3007.540741
1320.655833,2049,3012.730961
136.259658,291,3013.911989
119.91337,272,3014.463635
101.814033,246,3015.000869
126.763788,280,3015.77552
641.350207,993,3018.224762
111.679083,269,3019.162147
119.994831,263,3019.740232
291.430315,522,3020.981039
132.30246,281,3021.602878
185.841841,369,3022.434517
274.267146,506,3023.748329
327.754582,596,3025.521075
504.81583,860,3027.485855
267.390441,499,3028.54692
183.308792,372,3029.757014
693.790215,1087,3032.610771
1276.495817,2049,3037.64204
936.42542,1530,3041.69352
457.338527,779,3043.375112
132.464404,330,3044.112707
317.504777,565,3045.917421
182.459381,370,3046.873812
57.912137,161,3047.344911
115.958043,266,3048.00957
584.66784,966,3050.742544
326.390633,559,3052.076418
101.500415,261,3052.602256
109.915191,262,3053.255335
133.322077,292,3053.913653
274.241057,502,3055.050555
463.205761,827,3057.304929
1093.468493,1632,3061.47335
696.626579,1161,3064.411491
1336.311751,2049,3069.706896
180.290117,378,3070.630032
1303.016919,2049,3075.68935
99.803155,254,3076.723661
228.772295,420,3077.67947
125.780337,289,3078.255403
178.23899,377,3079.070822
646.451701,1025,3081.770371
1304.479864,2049,3087.394103
107.058362,269,3088.317466
1350.674846,2049,3093.765463
310.839056,591,3095.171551
170.899988,362,3095.918594
937.85298,1497,3099.883104
185.068838,377,3100.768902
109.647378,258,3101.445458
1348.985891,2049,3106.793801
1345.37904,2049,3112.058276
270.726678,498,3113.321205
1214.930805,1846,3117.904997
180.101702,382,3119.223256
1289.873472,2049,3124.173385
118.116513,277,3124.765394
1321.714517,2049,3130.3144
1313.267013,2049,3135.394085
1344.79005,2049,3140.844582
1322.59837,2049,3146.337455
303.458966,523,3147.608778
798.932707,1251,3150.859684
102.28839,267,3151.430508
1344.802814,2049,3156.426097
1363.612693,2049,3161.789294
908.674713,1453,3165.034804
1359.816339,2049,3170.355268
1312.907937,2049,3175.783111
121.383504,290,3176.842416
1010.831953,1577,3180.524295
1302.09271,2049,3185.916636
1309.107277,2049,3191.221114
1325.007362,2049,3196.765272
443.575671,788,3198.949381
1344.440915,2049,3204.507508
1314.376285,2049,3209.937114
1329.492831,2049,3215.37316
1410.654971,2049,3220.87969
1291.998081,2049,3226.34766
1329.847767,2049,3231.882413
1274.213511,2049,3237.61481
1333.213362,2049,3242.851239
1318.535145,2049,3248.230208
1315.072216,2049,3253.316643
1327.880662,2049,3258.405382
1310.568821,2049,3263.814447
1301.825183,2049,3269.168485
1326.432513,2049,3274.46698
1292.381959,2049,3280.066164
1353.097282,2049,3285.462164
1288.680831,2049,3290.742671
232.931894,468,3291.913438
1292.906986,2049,3297.12557
1330.754502,2049,3302.080749
1357.841945,2049,3307.378359
1382.37185,2049,3312.341895
1335.608201,2049,3317.264023
1337.784119,2049,3322.367159
1318.029119,2049,3327.43499
1330.700623,2049,3332.558102
1317.904928,2049,3337.587116
1317.768287,2049,3342.913831
1329.595311,2049,3347.732568
294.355376,578,3349.022688
342.723252,634,3350.815639
1374.490794,2049,3356.33785
1308.063146,2049,3361.23146
1372.038404,2049,3366.351819
122.414039,277,3366.92774
270.864795,505,3368.064873
1357.863211,2049,3373.459117
1324.264014,2049,3378.550806
134.906282,289,3379.165968
130.918221,282,3379.739488
1361.370524,2049,3384.948691
1358.756579,2049,3390.278384
285.807745,508,3391.36334
823.097611,1288,3394.706738
342.150387,605,3396.177698
278.106434,524,3397.807289
1377.819699,2049,3403.10457
1346.750165,2049,3408.579896
167.349441,353,3409.304449
1381.689725,2049,3414.463073
251.511403,471,3415.563389
1349.708586,2049,3420.585915
914.85699,1397,3424.099412
467.18653,747,3426.06722
1353.074267,2049,3431.118003
1370.989916,2049,3436.531504
1305.00007,1991,3441.609894
286.289668,577,3443.03079
1348.83219,2049,3448.238155
1314.352696,2049,3453.260886
1306.082667,2049,3458.271353
837.349002,1267,3461.602816
1391.957028,2049,3466.851849
253.772039,477,3468.001732
675.106354,1058,3470.669129
1373.780657,2049,3475.720817
1334.162021,2049,3480.591118
1225.407487,1963,3485.650198
1370.92831,2049,3491.135341
1336.42282,2049,3496.430969
1377.790791,2049,3501.901128
1143.721638,1728,3506.372571
1342.7157,2049,3512.066481
666.300418,1062,3514.364038
1330.699124,2049,3519.264441
133.191302,279,3519.896693
1353.97935,2049,3525.036471
102.949101,261,3525.626692
1354.292955,2049,3530.765435
1335.109668,2049,3536.087109
1348.297286,2049,3541.69449
516.516182,844,3544.200877
700.798069,1084,3546.568594
379.628339,659,3548.422218
1404.612949,2049,3553.454296
397.628584,721,3555.085942
428.06891,721,3556.818935
83.655186,206,3557.267628
556.408125,936,3559.920655
1348.444029,2026,3565.136436
436.264153,707,3566.662043
260.437649,507,3567.829187
1068.201862,1675,3572.138504
442.673397,755,3574.264047
98.621847,249,3574.891903
115.301095,263,3575.53338
1360.569048,2049,3580.564942
1312.399978,2049,3585.636553
1386.393059,2049,3590.874154
1200.100881,1808,3595.633494
73.509871,190,3596.019846
279.893261,574,3597.413909
60.76296,175,3597.843398
244.477303,483,3599.023661
70.566791,190,3599.79789
119.872638,265,3600.373101
204.722278,410,3601.412022
108.15726,260,3602.115675
105.791022,268,3602.802432
144.398507,340,3603.640879
110.623763,261,3604.226629
679.660812,1068,3606.949222
1349.78188,2010,3612.030661
272.400962,494,3613.09087
147.241623,335,3613.942573
1310.456401,2049,3619.146664
1422.719173,2049,3624.292467
1369.731784,2049,3629.855857
402.051884,678,3631.909687
106.415738,258,3632.483177
1322.541541,2049,3637.541802
154.838189,331,3638.242709
247.244835,470,3639.228362
125.214874,271,3639.792911
85.603251,209,3640.257843
1435.436712,2049,3645.488794
273.849893,497,3647.129921
803.769548,1207,3649.988006
773.442106,1260,3653.245552
148.883288,322,3654.041894
1375.108163,2049,3659.198421
1310.330857,2049,3664.754689
1409.079918,2049,3670.040882
1353.035664,2049,3675.3788
1338.415099,2049,3680.594773
445.487384,748,3682.274936
1411.803938,2049,3687.698469
1434.731385,2049,3693.205941
1365.845858,2049,3698.472471
124.217113,284,3699.034837
1363.493089,2049,3704.100116
1346.349769,2049,3709.450802
988.537073,1535,3713.261153
1362.879605,2049,3718.210261
163.579457,367,3719.101629
24.58452,85,3719.287876
59.304431,164,3720.035588
852.878276,1331,3723.293717
1361.188473,2049,3728.459215
189.611097,383,3729.251087
1362.360806,2049,3734.187172
1361.683561,2049,3739.672492
962.385497,1427,3743.391881
100.952593,262,3743.923442
438.182798,717,3745.945257
1422.791026,2049,3750.911298
677.006242,1060,3753.235506
235.154773,461,3754.272483
1034.853734,1565,3758.369433
765.900012,1248,3761.529333
1351.549606,2049,3766.64592
1040.370782,1604,3770.645343
514.54857,873,3773.318024
17.6614,58,3773.486404
93.209787,255,3773.971898
539.36999,899,3776.09342
1378.735401,2049,3781.696699
913.479718,1442,3785.481294
163.290772,353,3786.353766
1315.109259,2049,3791.744587
198.605798,394,3793.017721
551.347646,888,3794.961563
1128.330186,1658,3799.432666
17.837687,58,3799.561647
229.039332,420,3800.477761
682.966695,1148,3803.551502
788.559326,1194,3806.460651
1369.264352,2049,3811.850473
17.010788,56,3811.977027
18.827448,62,3812.10963
17.593778,62,3812.234253
111.036395,260,3812.759521
18.207186,59,3812.873485
17.515905,58,3812.986827
161.533373,338,3814.235352
1152.11841,1813,3818.691588
271.049683,511,3820.165252
1384.665423,2049,3826.015238
1343.418366,2049,3831.153921
527.498372,841,3833.037974
1331.152786,2049,3838.17248
206.498955,392,3839.061831
111.687873,270,3839.686008
1338.67531,2049,3844.76475
1310.389459,2049,3849.898806
1317.745818,2049,3855.334946
712.216201,1112,3858.293038
94.830478,251,3858.856101
110.167715,266,3859.40165
1322.370562,2049,3864.744389
1340.660737,2049,3870.203208
1369.090555,2049,3875.723351
280.139707,532,3877.613059
89.568041,253,3878.127352
17.942174,59,3878.246874
1279.680291,2002,3883.392446
610.860127,925,3885.584531
216.650015,399,3886.577311
1360.250385,2049,3891.8484
1320.532777,2049,3897.609179
1404.987163,2049,3903.006028
1398.728382,2049,3908.172051
123.193227,274,3908.742267
293.178807,522,3910.33928
1359.559674,2049,3915.40707
1315.865235,2049,3920.449035
1277.297055,2049,3925.672435
1317.840824,2049,3931.046923
1301.049483,2049,3936.348036
412.769058,674,3937.827363
992.762796,1502,3941.585131
1347.739713,2049,3946.853128
482.924888,792,3948.688857
1399.757301,2049,3953.604357
1401.686488,2049,3958.856768
477.445966,792,3961.035353
1180.222071,1760,3965.300514
1338.763427,2049,3970.624325
96.651025,222,3971.55923
591.518251,892,3973.58092
230.990176,426,3974.762286
108.478706,261,3975.319029
319.895134,563,3977.248443
1393.047127,2049,3982.259608
186.898101,392,3983.283937
1355.275729,2049,3988.722775
226.438909,459,3989.886444
1327.399556,2049,3995.030144
661.950087,1133,3997.975183
1381.126614,2049,4003.240813
1269.496885,2049,4008.56517
1336.227651,2049,4013.847272
96.93368,255,4014.45506
1355.162968,2049,4020.098744
18.870208,61,4020.214709
1300.693353,2049,4025.775285
1400.352419,2049,4031.059273
1364.869815,2049,4036.738454
1418.547289,2049,4041.754735
478.174911,795,4043.579537
434.170798,710,4045.161704
1291.292284,2015,4050.642569
339.283922,636,4052.466566
1343.784012,2049,4057.702382
1045.513245,1685,4062.330542
922.436477,1435,4065.910588
1343.84419,2049,4071.511234
1315.018967,2049,4076.9836
371.284829,626,4078.753963
218.052688,415,4079.595081
953.569541,1525,4083.32559
1370.788043,2049,4088.827423
1294.033966,2049,4094.294367
1350.269309,2049,4099.823215
210.213256,442,4101.346303
1349.260354,2049,4106.788535
1383.417994,2049,4112.610235
108.861455,256,4113.173616
1331.42442,2049,4118.380767
761.9784,1255,4121.470869
1452.535166,2049,4126.652188
1322.796825,2049,4132.151467
818.985314,1285,4135.450055
1375.639392,2049,4140.662422
1367.685228,2049,4146.193865
1363.985208,2049,4151.717265
1313.857122,2049,4156.796302
421.559012,732,4158.544404
113.157201,270,4159.53387
1349.804859,2049,4164.490545
209.045237,398,4165.498631
455.288668,727,4167.248628
829.992216,1310,4170.717651
365.487807,649,4172.182854
359.212189,619,4173.429435
263.875872,507,4174.915535
1354.633447,2049,4180.709015
591.290417,962,4183.06651
316.763113,529,4184.452829
621.85522,987,4187.225628
282.833183,522,4188.415943
207.173369,396,4189.190022
311.410907,521,4190.739485
1339.499408,2049,4196.138037
115.089563,268,4196.689673
1378.913946,2049,4201.954844
1328.879874,2049,4207.065629
1404.993478,2049,4212.270295
1393.101255,2049,4217.679837
1368.084714,2049,4222.733085
1322.803529,2049,4228.015943
1099.597595,1648,4232.066097
1010.070114,1490,4235.956182
1407.413242,2049,4240.928345
121.138988,278,4241.555111
443.959605,710,4243.523008
1342.986503,2049,4248.699975
110.647725,265,4249.253075
244.48976,426,4250.1239
19.739516,64,4250.266771
20.171687,66,4250.414162
147.558457,302,4251.086528
1356.94753,2049,4256.15493
1432.875261,2049,4261.17258
1371.467061,2049,4266.570006
16.47564,53,4266.665771
17.254346,56,4266.773223
153.605421,297,4267.301492
1315.684005,2049,4272.659459
490.423334,796,4274.746575
939.955967,1391,4277.70896
122.095608,276,4278.677446
237.401165,475,4279.877432
909.857083,1327,4283.092711
116.891003,283,4283.669776
155.365917,320,4284.432014
345.327194,555,4285.956892
670.489953,1065,4288.733238
108.400998,258,4289.296505
850.397319,1363,4292.541759
1027.705414,1591,4296.624763
136.602859,304,4297.252777
121.354987,273,4297.951959
868.327943,1343,4301.440471
1372.529359,2001,4306.361609
1361.452429,2049,4311.745764
17.1457,56,4311.869132
1332.980441,1953,4316.90221
1414.773367,2049,4322.342148
736.3201,1121,4325.254548
1409.685787,2049,4330.326013
112.614724,271,4330.919619
1346.003804,2049,4336.163874
1338.745583,2049,4341.125084
1340.626822,2049,4346.387584
1281.837359,2049,4351.560869
1373.827755,2049,4356.768882
175.00985,375,4357.617494
1388.105688,2049,4362.777093
1342.432807,2049,4367.966453
1397.334204,2049,4372.988458
132.776984,298,4373.634573
1339.071863,2049,4379.330259
835.495826,1357,4383.078725
1014.701488,1598,4387.177154
866.571422,1329,4390.160632
305.994403,570,4391.484289
1376.242434,2049,4396.547555
293.906941,579,4398.463464
1401.690185,2049,4403.568502
1329.738351,2049,4408.970112
307.906892,556,4410.315326
1397.031498,2049,4415.317258
205.653141,392,4416.276615
164.941238,389,4417.095028
1073.957084,1661,4421.330411
788.326142,1243,4424.58154
1299.912971,2049,4430.117118
1377.151821,2049,4435.133252
105.658327,266,4435.687268
1366.015879,2049,4440.993957
769.900594,1171,4444.284603
1354.757908,2049,4449.447511
268.298119,492,4450.70119
103.230868,269,4451.266816
1439.606781,2049,4456.466895
425.213742,698,4457.974453
1357.733724,2049,4463.210162
1432.782915,2049,4468.40005
1347.349923,2049,4474.019871
1064.625943,1633,4478.486439
1134.739758,1745,4483.042725
1401.144857,2049,4488.300239
170.774564,362,4489.251381
390.874951,630,4490.696669
1413.84318,2049,4495.820256
1122.262781,1709,4500.304263
17.343562,60,4500.49338
178.206985,380,4501.347708
16.741441,54,4501.483351
883.335036,1376,4505.114431
197.009589,389,4506.054191
1365.31784,2049,4511.434999
1390.501272,2049,4516.547408
1402.501534,2049,4522.252154
17.84517,61,4522.394876
1412.265586,2049,4527.772727
1438.024299,2049,4533.173987
235.329829,466,4534.53878
400.599728,681,4536.06092
19.51921,63,4536.186485
530.30185,812,4538.166792
1289.756147,2049,4543.800802
115.062831,268,4544.395932
17.255597,56,4544.502931
1290.543798,2049,4549.819311
118.590038,279,4550.839609
1316.012074,2049,4556.226102
1339.36626,2049,4561.896682
1442.930943,2049,4567.600815
17.94766,60,4567.722588
581.635677,969,4569.80583
21.27066,72,4569.960923
1373.85867,2049,4574.978025
1333.861033,2049,4580.126803
957.943898,1353,4583.911678
109.795602,256,4584.569707
77.786878,197,4584.983351
640.478776,1032,4587.805343
264.393825,485,4588.867352
16.620542,57,4588.981543
212.221616,453,4589.877583
157.755594,325,4590.620823
332.85042,569,4591.919328
144.33145,302,4592.915372
428.712955,725,4594.66323
197.111358,383,4595.425179
20.339353,69,4595.587143
218.199375,397,4596.875654
733.661822,1153,4599.774957
244.876468,424,4600.748894
343.060583,576,4602.187532
881.949925,1277,4605.3797
1336.651917,2044,4610.845025
1327.253835,2049,4616.183161
1321.995135,1981,4621.165888
330.223516,584,4622.535738
683.014955,1033,4625.200714
1134.580527,1691,4629.748653
234.769136,425,4630.748069
435.464932,689,4632.234036
202.801511,396,4633.026914
1381.109804,2049,4638.346495
1350.833536,2049,4643.786841
383.497713,655,4645.753656
1388.403858,2049,4650.864079
1468.724524,2049,4655.928282
18.580531,61,4656.039726
1332.495359,1879,4660.783887
1148.629957,1761,4664.766262
557.905811,951,4667.258584
512.658408,786,4668.935984
1382.88732,2049,4674.278733
140.663867,301,4675.070426
113.701494,279,4676.147178
160.307358,293,4676.868292
657.136042,1015,4679.442399
1435.339537,2049,4684.898862
1419.804517,2049,4690.544804
1333.278899,2049,4695.70974
177.276505,378,4696.546162
1435.805463,2049,4701.810133
104.822999,261,4702.739758
1190.924333,1759,4706.8902
1400.862106,2049,4711.927598
547.501881,822,4714.275469
1362.73282,2049,4719.331925
404.265451,641,4720.871177
125.503024,275,4721.557017
220.41994,405,4722.42533
172.579422,365,4723.676528
374.348407,628,4725.0667
1440.830715,2049,4730.055605
153.109758,344,4730.847438
1482.576667,2049,4735.976338
277.532374,504,4737.127319
521.552186,833,4739.33514
1114.326435,1681,4743.343673
268.460626,479,4744.353652
105.12278,230,4744.815581
200.01814,375,4745.811916
335.870265,562,4747.019812
1403.692445,2049,4752.161675
113.099585,262,4753.253901
231.140556,428,4754.45709
1402.447841,2049,4759.434508
504.897661,848,4761.249303
724.421902,1105,4764.313725
1421.55882,2049,4769.633591
970.048389,1488,4773.191288
1346.595877,1952,4778.316821
751.740752,1124,4781.39288
209.808373,397,4782.287772
120.183807,273,4782.877352
278.524486,470,4783.913491
250.312273,473,4785.404312
666.739584,1039,4787.775022
176.609472,365,4788.571313
426.443091,682,4790.698238
1086.458982,1547,4794.101394
1362.507501,2049,4799.319543
314.284813,582,4800.992108
199.784274,397,4801.949975
123.489631,282,4802.668774
138.636241,296,4803.288476
126.94154,284,4803.934397
810.152346,1159,4807.091701
179.077981,363,4808.028433
1432.668265,2049,4813.096928
702.096493,1060,4816.000751
1386.374109,2049,4821.079628
448.060452,702,4822.546894
140.306298,317,4823.218886
753.338061,1105,4826.389235
372.310064,620,4827.990675
1360.691137,2049,4833.127036
1260.180446,2049,4838.2366
554.395082,855,4840.230475
196.185735,389,4841.524051
18.413227,59,4841.658207
214.47255,420,4842.62759
18.171495,64,4842.810789
430.849605,732,4844.62733
1363.009402,2049,4849.98407
127.892241,282,4850.53723
319.767861,533,4852.070731
216.726564,409,4852.931437
18.697714,67,4853.065292
18.456213,62,4853.195182
1419.350977,2049,4858.925131
1411.60236,2049,4863.954432
1322.104044,1746,4868.356138
324.965983,605,4869.657129
222.007532,444,4870.592577
763.0724,1214,4873.689837
115.879449,272,4874.291199
430.395968,672,4875.890095
509.578623,861,4878.343275
714.418216,1084,4880.807647
1322.510443,2049,4885.962105
1359.294796,2049,4891.035512
1556.958678,2049,4896.247156
172.056392,352,4897.026602
205.465752,387,4898.202137
608.587749,953,4900.36364
217.544373,445,4901.222031
362.241224,604,4902.983149
1379.773024,2049,4908.347902
818.64573,1164,4911.079859
1442.447554,2049,4916.218183
172.43143,358,4917.014413
1130.813287,1661,4921.209556
111.716208,263,4921.788241
1422.044719,2049,4926.871399
187.197114,375,4927.86369
1014.621544,1569,4931.820573
162.584118,340,4932.570658
151.283329,316,4933.733514
19.459419,80,4933.895295
222.070965,419,4934.837319
166.36794,342,4935.752666
144.997711,306,4936.458033
1296.473177,2049,4941.78214
200.061639,413,4942.863088
649.180778,1040,4945.647104
207.549755,395,4946.622956
1194.881315,1760,4951.179054
112.585579,273,4951.757392
224.729897,433,4952.881517
1418.203053,2049,4958.044297
668.909802,1013,4960.85525
619.152884,953,4962.85817
133.219788,302,4963.506781
993.988818,1591,4967.763684
1431.817596,2049,4973.173375
406.226742,683,4974.636506
809.944441,1247,4977.913923
223.040953,421,4978.873186
88.617206,212,4979.310013
728.186836,1117,4982.227934
977.298735,1364,4985.773863
224.311879,405,4986.657393
133.73021,288,4987.235904
185.039562,377,4988.193704
296.710272,541,4989.56838
388.370198,640,4991.526177
125.258308,279,4992.184021
207.612094,412,4993.388264
1429.888064,2049,4998.730047
1432.49681,2049,5003.979085
323.091722,585,5005.29566
1224.289755,1760,5009.998615
369.836802,652,5011.42297
191.811109,395,5012.745463
1396.13548,2049,5018.121167
1457.297708,2049,5023.403958
1359.426263,2049,5028.396349
1393.806308,2049,5034.029802
146.613151,306,5034.717901
135.184744,291,5035.356509
1364.055895,2049,5040.669466
1152.855186,1672,5045.351863
1403.835322,2049,5050.496657
1441.626927,2049,5056.09999
1417.153588,2049,5061.810333
138.282513,288,5062.39759
127.205281,298,5063.130789
124.409831,281,5063.985355
1424.806261,2049,5069.278377
144.928057,290,5069.867065
734.083075,1131,5072.874933
1381.582279,2049,5077.967491
133.100242,289,5078.578355
1194.896484,1766,5083.237463
220.414471,445,5084.14184
1400.202535,2049,5089.220557
236.471524,445,5090.262025
1348.573045,2049,5095.349845
118.640282,274,5096.09718
282.437383,535,5097.742784
120.403267,284,5098.416557
591.165655,1020,5100.755587
462.405296,782,5103.247136
164.01903,374,5104.09902
1399.681434,2049,5109.67698
1378.244024,2049,5114.857983
1442.877015,2049,5120.136782
143.88887,301,5120.813939
1401.696292,2049,5126.025754
1368.885917,2049,5131.164613
1401.364802,2049,5136.556674
109.428422,268,5137.400326
260.83136,477,5138.522739
138.081031,294,5139.577743
1344.091212,2049,5144.471853
807.218576,1193,5147.925067
129.123161,285,5148.622681
621.266115,963,5151.224897
202.739742,405,5152.233198
1329.72793,1931,5157.290206
126.837409,293,5158.394009
1154.18053,1740,5162.712496
618.29847,969,5164.77933
18.362724,60,5164.899061
891.403433,1392,5168.343878
1407.102307,2049,5173.641394
337.26358,585,5175.20816
582.744797,884,5177.641708
369.492297,622,5179.092108
384.539287,674,5180.653403
1447.70965,2049,5186.266475
155.526191,347,5187.369757
1345.515622,2049,5192.42263
1361.408821,2049,5197.485389
1419.70776,2049,5202.618568
406.842593,642,5204.053091
110.298971,242,5204.598459
1057.624985,1531,5208.479859
485.468417,735,5210.242246
126.523401,278,5210.825163
802.158017,1280,5214.292486
201.806002,380,5214.998141
1387.675755,2049,5220.533388
310.232453,574,5221.780727
228.195565,469,5223.146431
436.371417,757,5224.771645
172.487292,356,5225.493586
213.965468,432,5226.461845
1308.652531,1930,5231.584526
216.243493,450,5232.931642
413.542992,729,5234.576778
550.193321,843,5236.395996
944.356026,1476,5240.241978
855.330654,1270,5243.712159
1466.012743,2049,5249.116641
991.990301,1366,5252.050179
1233.967685,1760,5256.735994
122.864755,277,5257.601406
1075.250731,1616,5261.901622
720.949666,1127,5265.030835
702.397433,999,5267.290263
1082.507077,1555,5271.371533
908.967122,1309,5274.634878
20.540357,73,5274.811481
1372.179768,1812,5278.958055
431.588528,764,5281.071294
1289.175343,2049,5286.5798
911.005985,1312,5289.644066
1537.878933,2049,5294.9402
290.124751,552,5296.547674
268.300586,492,5297.840627
21.35994,79,5297.990591
140.102763,298,5298.592801
167.91843,337,5299.483692
745.463002,1136,5302.493494
1218.366261,2049,5308.021133
158.243009,306,5308.857695
1172.75763,1814,5313.389482
1065.386296,1516,5317.252058
1235.973072,2049,5322.875371
164.760661,341,5323.593941
213.21461,415,5324.504067
110.538006,269,5325.295728
345.324931,595,5326.880594
1476.748928,2049,5332.579579
115.108025,269,5333.589918
101.45706,225,5334.044755
19.857329,66,5334.194208
197.966503,392,5335.090301
855.004279,1247,5338.319112
20.15933,67,5338.45698
1385.368783,2049,5344.029839
269.219015,470,5345.184864
169.429456,371,5345.979216
618.24176,893,5348.133949
908.546289,1307,5351.495484
156.083138,323,5352.121662
174.041588,387,5353.016356
123.889393,292,5354.09698
374.312838,634,5355.409198
1257.700681,2049,5360.600225
115.54055,273,5361.179173
656.533954,909,5363.381768
377.276054,636,5365.11347
18.523228,59,5365.247323
395.777174,717,5366.71851
831.93347,1263,5369.991708
272.391585,556,5371.173748
1451.959543,2049,5376.471997
1011.540893,1486,5380.590745
1475.192043,2049,5386.199172
1054.836371,1521,5390.031897
21.932631,80,5390.221231
325.123486,587,5391.981807
170.663082,373,5392.863286
1423.689927,2049,5398.081409
583.122898,957,5400.218297
1311.899896,1868,5404.972777
973.295558,1497,5409.240007
1462.129337,2049,5414.544075
1422.47073,2049,5419.472582
1467.220336,2049,5424.37699
1197.416108,1819,5428.836507
20.929684,72,5429.055119
376.723071,651,5430.583218
1398.059308,1955,5435.383343
1266.641005,2049,5440.56292
1399.725362,2049,5446.147653
20.914334,77,5446.309099
171.56815,384,5447.063521
1543.737574,2049,5452.579885
1276.412445,2049,5458.02305
1519.931547,2049,5463.214819
1491.909808,2049,5468.55408
1305.487059,2049,5474.030094
1403.22949,2049,5479.237005
734.470129,1107,5482.311062
1225.843762,2049,5487.461605
1498.387225,2049,5493.068561
1316.986985,2049,5498.667687
1224.847898,2049,5504.302496
544.759117,788,5506.088339
1334.523773,2049,5511.613253
1480.747907,2049,5516.92035
897.028908,1335,5520.44527
430.646512,749,5522.060782
149.560398,283,5523.029704
1380.85126,2049,5528.242175
1415.608465,2049,5533.571269
843.635373,1172,5536.523455
322.362783,559,5537.700667
1103.112961,1570,5541.572437
1508.941399,2049,5546.376967
1285.680937,2049,5551.482099
852.594478,1306,5554.765438
1577.671511,2049,5560.041927
18.813903,61,5560.156158
1133.256163,1629,5564.541961
146.445203,297,5565.356329
132.8355,294,5566.194024
335.095952,568,5567.467525
340.783658,565,5569.199373
838.645075,1142,5572.04921
488.882756,773,5573.829664
862.171278,1475,5577.606952
332.287947,538,5578.844349
175.85418,357,5580.019039
348.433223,635,5581.655441
553.807612,821,5583.446691
171.254213,357,5584.180834
819.105123,1109,5587.272647
123.172045,272,5587.875691
1253.602642,1964,5593.355176
1274.001137,1800,5598.737512
1398.785251,2033,5604.442276
194.893973,381,5605.290412
1176.853793,1637,5609.615189
150.302499,282,5610.166379
1223.451445,1750,5614.590982
135.954361,276,5615.153963
1214.851943,1868,5620.090448
1073.598142,1587,5624.05454
135.698281,284,5624.645336
529.906955,782,5626.514338
396.546356,619,5628.279064
156.259183,326,5628.957291
511.814651,788,5630.798363
350.589616,592,5632.250322
168.136963,356,5633.443138
1504.853177,2049,5639.052418
1543.220286,2049,5644.416708
164.308796,360,5645.24001
1251.992789,2049,5650.491235
154.440456,296,5651.126627
413.463572,736,5652.839187
160.942922,346,5653.631132
124.87101,276,5654.642756
170.727615,364,5655.481347
139.597584,303,5656.184489
125.858703,278,5656.824051
367.781397,619,5658.144805
952.114832,1396,5661.884943
123.797426,281,5662.563351
157.478377,310,5663.32718
1523.652572,2049,5668.554485
17.108295,56,5668.670617
332.115449,558,5670.32632
170.769468,362,5671.162932
831.34249,1135,5673.754327
131.698929,299,5674.843809
132.667801,283,5675.579641
621.106344,784,5677.719119
154.666596,330,5678.492698
884.736302,1208,5681.649469
792.694043,1166,5684.570648
150.038223,291,5685.394545
419.115028,653,5687.528758
309.397234,565,5688.76107
1067.548077,1505,5692.765767
1582.801796,2049,5698.01127
158.345452,306,5698.630717
1146.191968,1601,5703.032258
159.565173,330,5703.790928
159.171417,317,5704.525395
562.113746,887,5707.030495
247.678086,415,5708.142973
233.722717,449,5709.296384
1333.564968,1764,5713.790442
176.165524,360,5714.551074
547.321689,866,5716.510712
1295.393732,1871,5721.661962
236.87971,462,5723.178802
459.722947,661,5724.727906
168.457561,345,5725.568028
1618.071766,2032,5730.983431
154.593753,312,5731.640038
667.779265,890,5734.240956
645.213638,931,5736.457752
1404.473803,2049,5742.207202
726.634553,1250,5745.497609
347.625321,621,5746.862369
121.071885,269,5747.531526
325.103226,544,5748.896742
900.2801,1361,5752.429431
134.777071,295,5753.070748
144.799153,299,5753.917909
119.441937,290,5754.591491
1543.243893,2049,5759.949425
536.513397,864,5762.637223
228.505036,420,5763.514526
480.192365,809,5765.410908
1498.087827,2049,5770.890193
796.182233,1154,5773.895276
163.832162,307,5774.51195
138.654513,295,5775.161529
114.68893,271,5775.765091
507.218672,834,5777.985662
1244.937654,2049,5783.326207
136.518062,292,5784.058616
758.502005,1137,5787.47174
577.095993,912,5789.692164
23.593301,81,5789.854651
229.766644,434,5791.091302
392.55283,627,5792.871458
244.368584,453,5794.063225
777.007017,1176,5796.895689
1046.177329,1526,5800.882826
1598.014402,2049,5806.0519
1167.540823,1625,5810.034276
1480.424008,2049,5815.146963
296.968532,507,5816.202448
929.05057,1360,5819.667383
1469.573235,2049,5824.965988
1269.891939,2049,5830.165025
1425.82631,2049,5835.673902
884.80124,1219,5838.349391
309.702233,573,5840.027825
1491.095825,2049,5845.35817
924.920861,1483,5848.658851
1486.103404,2049,5853.496295
863.422121,1262,5856.725555
465.386821,703,5858.274064
1447.226039,2049,5863.677808
1554.50685,2049,5869.063693
586.82837,951,5871.733311
1381.154348,2049,5876.953869
1467.675826,2012,5881.941677
500.091079,795,5883.886348
522.077128,821,5886.257007
1607.187901,2049,5891.602229
188.689473,373,5892.393802
935.096174,1347,5895.406994
116.969128,275,5896.374315
428.850481,673,5898.206325
247.369232,471,5899.257328
160.378499,335,5900.037769
1153.437429,1759,5904.695601
1599.545768,2049,5910.271156
1483.337019,2049,5915.421715
1456.192151,1877,5920.418205
18.807019,59,5920.540868
893.448506,1194,5923.65562
17.46263,63,5923.805354
17.00074,56,5923.906878
17.206586,58,5924.012931
17.316255,58,5924.119707
1623.058028,2049,5929.493913
15.664092,57,5929.605835
1353.803476,2049,5934.836667
16.962356,55,5934.939787
263.132313,431,5935.917967
1514.504518,2049,5941.140607
1317.946927,2049,5946.428912
118.338104,287,5946.976749
246.749684,470,5947.981655
18.814535,67,5948.139612
18.096575,62,5948.662029
11.987066,56,5948.789366
15.774391,53,5948.906304
17.420759,60,5949.046119
22.135106,85,5949.229357
1563.114331,2049,5954.989797
1607.255696,2049,5960.350814
1241.011268,2049,5965.594907
1200.397635,1869,5970.513384
872.494438,1295,5973.487556
266.785342,465,5974.501088
1494.234215,2049,5979.991944
17.672041,58,5980.144817
1422.663009,2049,5985.21197
1490.868983,2049,5990.53123
1506.932049,2049,5996.231479
1404.139289,2049,6001.472283
1235.377036,1586,6006.1607
1481.956537,2049,6011.525371
1071.761973,1403,6015.415343
1382.493389,2049,6020.399482
1368.244921,2049,6025.581428
1618.803938,2049,6030.81617
587.117208,887,6033.059934
513.550906,781,6035.098499
592.262055,878,6036.946005
1716.695021,2049,6042.742561
1544.275708,2049,6047.973856
169.091059,355,6048.820211
1237.011739,2049,6054.333356
144.406825,304,6055.008096
1116.509213,1405,6059.041309
522.826302,756,6061.172475
17.61158,58,6061.280199
17.86868,59,6061.412957
266.542768,494,6062.652437
20.487699,67,6062.787611
19.199372,64,6062.909458
20.612482,69,6063.03647
1372.404532,1863,6067.597702
1456.717806,2049,6073.001442
16.973084,56,6073.123796
904.581972,1239,6076.023182
18.506763,63,6076.523646
17.812412,64,6076.664608
16.341905,56,6076.777375
15.355339,52,6076.883198
17.426107,60,6077.004749
20.0672,67,6077.141055
1541.720462,2049,6082.67665
16.556885,54,6082.803017
754.473958,1075,6085.391396
16.998389,56,6085.50841
17.34821,55,6085.61637
1633.775908,2049,6091.192024
786.330868,1188,6094.355599
1679.058136,2049,6099.927684
219.621242,422,6100.83752
1719.361107,2049,6106.374379
802.166643,1056,6109.256682
1507.828416,2049,6114.830932
1218.491224,1489,6118.409941
1426.816886,1766,6123.136136
666.190776,910,6125.841548
18.266926,62,6125.985182
15.929081,56,6126.087472
16.547944,56,6126.18593
16.30045,55,6126.287245
16.099888,58,6126.401848
16.287541,63,6126.517369
15.452877,52,6126.60929
16.250254,56,6126.708225
18.181014,63,6126.822431
16.442181,56,6126.921685
101.54118,280,6127.486393
17.066978,56,6127.599565
13.120255,55,6127.705037
15.869786,61,6127.818289
16.629959,55,6127.916932
16.655625,57,6128.030038
14.692421,63,6128.158027
12.675552,61,6128.278906
17.032164,58,6128.396531
16.3904,56,6128.508823
14.286141,54,6128.623471
14.760303,55,6128.731943
16.544736,54,6128.826515
17.426098,68,6128.953979
17.229574,56,6129.05387
19.318468,66,6129.184568
17.066825,55,6129.293502
649.805346,891,6131.846763
16.676776,56,6131.976292
559.842271,827,6134.044011
14.018156,62,6134.186516
14.300377,55,6134.292266
16.251034,59,6134.425729
16.934979,63,6134.570023
15.567309,57,6134.688331
14.577004,55,6134.804163
17.427901,59,6135.331679
17.989294,59,6135.464373
17.193834,60,6135.588593
15.676189,57,6135.702118
514.724922,778,6137.346373
17.591486,61,6137.45762
16.682124,55,6137.561388
16.758163,55,6137.659348
143.438136,315,6138.293752
17.090577,59,6138.423467
18.62456,68,6138.574427
14.629909,73,6138.73234
17.354366,64,6138.856044
16.294534,58,6138.969416
11.483926,55,6139.073456
16.551568,56,6139.174139
16.35405,60,6139.283798
18.057794,64,6139.786136
15.983028,56,6139.913609
15.62782,53,6140.027662
11.939243,58,6140.15307
16.730431,61,6140.284827
1755.592031,2049,6145.871808
16.724732,56,6145.989027
17.492962,60,6146.118714
257.240064,477,6147.194127
17.249004,58,6147.322405
16.258905,56,6147.435277
16.173933,56,6147.559804
17.226631,58,6147.686476
17.509459,63,6147.821864
16.561154,56,6147.942981
317.899588,574,6149.244853
433.577116,660,6151.064803
889.888289,1175,6153.953681
144.470788,317,6154.573519
16.79014,56,6154.675468
18.313946,71,6154.810726
18.163181,63,6154.933396
108.678685,277,6156.004377
17.348471,65,6156.138731
17.121585,63,6156.273227
122.25149,284,6156.867617
1454.075117,1739,6161.717683
1209.195824,1568,6165.467403
620.040142,1007,6168.262188
1486.486237,1849,6173.274876
19.334078,69,6173.420109
502.13297,750,6175.291024
18.392518,65,6175.421222
1125.416967,1536,6179.662081
1124.419467,1479,6183.569398
772.032723,1036,6186.085046
639.136193,904,6188.649948
796.356712,1101,6191.191759
1574.380416,1937,6196.644794
728.957805,1124,6199.657896
1080.426216,1496,6203.370883
269.435748,481,6204.871275
1541.145928,1834,6210.175606
513.273795,723,6212.069536
1651.782749,2049,6217.605349
18.099967,58,6217.71416
1577.442749,2018,6223.305426
226.558699,396,6224.177072
586.937846,987,6226.871684
461.340177,628,6228.382516
344.31606,596,6229.765113
913.916573,1161,6232.968986
1047.591526,1319,6235.924951
1641.26017,2049,6241.363797
306.169788,554,6242.975773
759.753776,991,6245.295909
106.472791,253,6245.94328
182.339613,373,6246.900089
1004.382026,1265,6250.411931
448.003912,680,6252.008904
1682.277333,2049,6257.627678
655.024188,882,6260.215835
1583.816759,1859,6265.771454
191.536508,390,6266.633376
236.948111,465,6267.867207
1529.030987,1901,6272.928213
1713.704226,2049,6278.694151
1459.087771,2049,6283.9448
1289.372681,1679,6288.681086
822.543398,1071,6291.20232
1737.586511,2049,6296.964836
1228.027456,1615,6301.698821
1619.589353,1930,6306.808921
1012.920839,1281,6310.200294
1772.893347,2049,6315.789168
1713.031423,2049,6321.112228
378.783598,625,6322.40213
1694.026585,2049,6327.754942
162.345904,336,6328.604599
975.764426,1315,6332.163317
106.395722,256,6332.720574
1580.822842,2049,6338.426557
1765.089213,2049,6343.805081
1117.477866,1427,6347.83151
250.17742,477,6348.854463
1479.434378,1882,6353.627661
1787.353921,2049,6359.578976
104.523982,266,6360.24618
364.230753,624,6361.58638
130.939397,304,6362.640263
1728.462128,2049,6368.169407
1723.705822,2049,6374.058151
1641.333437,2049,6380.298304
196.572547,372,6381.097133
236.234224,451,6382.075681
1653.147767,2049,6387.30841
1755.32543,2049,6392.756804
256.06604,488,6394.208108
228.643958,467,6395.225563
264.586275,492,6396.726229
1741.597838,2049,6402.329817
276.224973,509,6403.512997
108.433788,264,6404.049548
125.417473,305,6404.69014
1762.005002,2049,6410.421854
116.319334,277,6411.035065
116.566446,265,6411.559395
1789.86375,2049,6417.3785
238.847458,437,6418.877394
278.855379,514,6420.051638
1762.716558,2049,6425.633796
1803.35542,2049,6431.081254
1707.296174,2049,6436.475739
96.746826,256,6437.089391
320.648995,601,6438.298358
1745.208533,2049,6443.949502
623.272967,968,6446.617187
1764.292022,2049,6452.235244
327.289047,617,6453.723646
186.539196,388,6454.569851
285.947961,548,6456.253336
101.014522,258,6456.768225
82.837875,247,6457.304576
94.233226,251,6457.872039
119.684681,283,6458.547035
1702.996884,2049,6463.850531
1312.27305,2049,6469.55065
1625.342824,2049,6474.672069
1713.763203,2049,6480.314738
1710.801761,2049,6485.82706
19.53159,73,6485.970271
425.444529,724,6487.4774
1633.204614,2049,6493.071497
1556.251117,2049,6498.367482
1770.619046,2049,6504.140446
1571.12833,2049,6509.631735
1755.148278,2049,6515.007301
317.375941,599,6516.788157
116.239443,292,6517.432528
222.439358,416,6518.491113
404.186353,651,6519.949785
1750.305741,2049,6525.706634
214.028206,448,6526.990505
1769.86301,2049,6532.613341
1134.288938,1437,6536.236569
1780.924712,2049,6541.984617
1776.765531,2049,6547.758462
1219.923904,2049,6552.931814
1698.911849,2049,6558.876701
798.743795,1211,6562.158594
102.96936,263,6562.797597
1732.325076,2049,6568.24374
111.629518,259,6568.945424
264.941449,506,6570.037806
1562.88359,2049,6575.273613
126.95247,290,6576.444786
16.259159,62,6576.572553
255.298558,479,6577.669837
90.572471,249,6578.22511
140.505188,349,6579.120981
100.74182,255,6579.654846
90.531469,258,6580.235089
96.484549,266,6580.814034
97.797986,260,6581.833915
19.05913,63,6581.95035
102.871485,266,6582.500996
104.945041,261,6583.10606
305.148868,559,6584.392658
127.461357,291,6585.079626
101.081524,256,6585.657119
1707.868918,2049,6591.48204
101.769501,249,6592.399558
1774.731308,2049,6597.983772
91.636328,237,6598.480018
1758.100171,2049,6604.140895
220.091086,434,6605.080214
19.407921,72,6605.215238
284.51634,546,6606.351268
85.801468,255,6606.887196
1605.327679,2049,6612.266739
1716.122866,2049,6617.801594
1519.988423,2049,6623.148248
1695.382643,2049,6628.718402
1424.745094,2049,6634.345854
1656.842597,2049,6639.846807
19.876191,77,6640.001111
302.734554,588,6641.813742
1743.870019,2049,6647.317103
108.272589,268,6647.849622
1740.689626,2049,6653.223435
130.901548,309,6653.922898
1744.452574,2049,6659.648276
1716.694522,2049,6665.040802
318.332771,505,6666.217475
89.183319,255,6666.740542
20.997763,79,6666.903595
1744.469113,2049,6672.581423
1763.381729,2049,6678.218976
83.777514,256,6678.816876
1579.150394,2049,6684.196504
760.543177,1148,6687.266448
281.611728,574,6688.568777
19.012009,71,6688.70452
811.51603,1417,6692.118425
1825.904967,2049,6697.968416
1748.969805,2049,6703.453948
240.498953,459,6704.425975
241.356425,464,6705.535791
307.523315,571,6707.423377
236.203622,541,6708.573425
1427.971171,1865,6713.694796
570.77326,945,6715.807492
443.243557,808,6717.986167
271.342107,498,6719.025699
174.78402,395,6720.200373
1701.425195,2049,6725.601174
1598.695616,2049,6730.74833
1624.133156,2049,6736.483772
1157.935528,1568,6740.823569
1778.853862,2049,6746.815548
1710.477446,2049,6752.52657
1612.380042,2049,6757.822755
486.228338,882,6759.975786
1819.727465,2049,6765.541152
1791.746397,2049,6771.307011
1695.390715,2049,6777.128143
304.909798,595,6778.762118
1760.770669,2049,6784.421583
1788.458115,2049,6790.094012
234.266658,443,6791.20442
1306.925621,1611,6795.497444
1665.311509,2049,6800.737313
1384.17719,2049,6806.445901
1800.767896,2049,6812.210582
1747.59477,2049,6817.719555
1670.677534,2049,6823.151602
1742.807084,2049,6828.427981
1756.528442,2049,6834.232158
1755.663409,2049,6839.933711
217.242669,428,6840.753107
101.624039,250,6841.302957
1724.715448,2049,6846.864064
83.735444,213,6847.31838
1804.9956,2049,6853.055929
113.612682,277,6853.632824
1754.441597,2049,6859.507531
1559.205932,2049,6864.690754
1791.999079,2049,6870.358977
1748.082781,2049,6875.900954
1788.249653,2049,6881.427533
306.694139,549,6883.064066
1806.254735,2049,6888.511986
405.910628,795,6890.481786
289.621573,567,6891.724227
107.638127,272,6892.312977
104.2401,256,6892.834879
1827.326851,2049,6899.25917
332.800703,631,6901.03551
1736.080069,2049,6907.311278
632.902363,1090,6909.771724
1733.117354,2049,6916.15679
1807.910937,2049,6921.639759
94.615394,251,6922.178117
203.250151,438,6923.493742
227.188156,457,6924.566948
1761.6683,2049,6930.143086
1571.565393,2049,6935.737576
90.856291,215,6936.273156
286.529072,508,6937.439772
434.223043,797,6939.671294
114.495214,291,6940.317694
91.159935,250,6940.914526
512.657484,914,6942.985237
1619.324773,2049,6948.677955
1143.302785,1551,6952.674702
1597.056914,2049,6958.017183
361.206813,716,6959.582872
1650.201427,2049,6965.320374
1728.346938,2049,6970.920107
254.453952,494,6972.345391
1644.365269,2049,6977.977809
312.448472,562,6979.382755
484.723387,823,6981.264871
1701.560086,2049,6986.937183
156.805329,326,6988.124738
438.797901,765,6989.920986
71.82936,189,6990.3262
793.631567,1194,6993.445709
113.70422,292,6994.161981
92.729235,251,6994.738096
93.083369,247,6995.270474
164.804858,356,6996.01063
310.591572,534,6997.287022
113.538854,295,6998.288489
123.282339,306,6999.045859
92.94303,242,6999.585618
302.892272,558,7000.817278
1594.599051,2049,7006.838958
77.573429,209,7007.238909
15.408206,76,7007.420851
1773.669392,2049,7012.942062
90.734715,240,7013.425331
250.786426,495,7015.211053
288.990149,551,7016.492715
656.974189,1066,7018.786579
1753.66834,2049,7024.569205
1635.268721,2049,7030.190296
104.585115,252,7030.764748
1739.452665,2049,7036.28745
128.36035,289,7037.2954
318.089008,589,7038.561672
224.28643,461,7039.538143
1791.749664,2049,7045.697778
1790.380312,2049,7051.350173
1683.796728,2049,7056.572633
1698.068923,2049,7061.976953
554.865288,960,7064.621091
1717.612459,2049,7070.382885
207.267857,443,7071.444261
1543.49176,2049,7077.369709
1762.350936,2049,7083.073892
1721.116846,2049,7088.506312
1758.418287,2049,7093.93416
316.412873,594,7095.288719
1626.496435,2049,7100.69523
1654.55325,2049,7106.340404
418.885055,706,7107.874727
1770.519039,2049,7113.394269
327.505452,586,7115.400116
1687.890893,2049,7121.375851
1510.372229,2049,7126.777057
1693.323507,2049,7132.06289
509.167772,861,7134.072419
1683.02793,2049,7139.555623
1735.878463,2049,7145.292521
1809.450071,2049,7151.264973
120.805112,286,7151.943873
1520.537536,2049,7157.757483
1705.596247,2049,7163.765416
1755.141241,2049,7169.678869
104.016483,272,7170.491209
1604.05212,2049,7176.256976
1752.70513,2049,7181.856692
66.260987,179,7182.643214
164.033191,346,7183.57171
159.113773,350,7184.427426
59.099467,168,7184.778956
170.465251,360,7185.712815
122.200292,298,7186.437649
152.651989,334,7187.209051
388.278545,676,7189.040651
1616.112076,2049,7194.426484
111.237597,272,7194.953844
147.716135,342,7195.749508
145.842358,340,7196.525512
1661.839593,2049,7202.304414
244.821391,476,7203.36226
101.368521,263,7204.388338
194.074536,390,7205.430716
1324.603509,2049,7211.08527
1657.599437,2049,7216.588786
160.990377,347,7217.381829
127.364391,291,7218.069276
121.977265,274,7218.669822
1712.800274,2049,7224.292837
159.207877,341,7225.064045
1721.193236,2049,7230.888196
424.458432,716,7233.076417
255.705525,427,7234.179703
91.991875,235,7234.709177
1054.39141,1425,7238.695996
91.102273,247,7239.225995
686.052508,1121,7241.692748
377.731303,735,7243.643476
1293.981044,1713,7248.555873
1554.685887,2049,7254.364748
543.854336,910,7256.464482
1577.49401,2049,7262.045025
190.262896,379,7262.961473
1744.618517,2049,7268.3505
613.991176,1073,7271.252116
222.159858,444,7272.289042
220.981494,437,7273.422571
177.984565,359,7274.304941
530.826639,915,7276.961647
1437.257869,2049,7283.112882
1768.637121,2049,7288.878783
382.078256,700,7290.514977
261.423972,481,7291.59173
53.256603,170,7292.346354
190.297536,410,7293.254261
1350.785436,2049,7298.706579
1675.099546,2049,7304.103145
159.378804,353,7305.026666
1661.492104,2049,7310.897209
478.804913,816,7312.875447
154.733479,343,7313.590553
1770.260909,2049,7319.401944
106.815061,253,7320.335286
121.535365,278,7320.936547
323.814582,516,7322.200366
1690.215778,2049,7327.805866
60.508462,173,7328.237379
98.156044,271,7328.955742
1701.353146,2049,7334.553443
592.303309,970,7337.148658
156.477121,347,7338.094922
1574.538352,2049,7344.352639
773.267268,1270,7347.300314
342.276651,625,7349.328953
110.212883,280,7349.882262
95.654237,248,7350.478503
102.013937,261,7351.058115
1788.74949,2049,7356.977401
420.64434,732,7358.512751
1745.436394,2049,7364.070157
1611.53571,2049,7369.663058
230.738072,458,7371.063527
1586.119752,2049,7376.469563
210.504134,439,7377.419689
407.988657,710,7378.942378
419.056541,707,7380.973579
98.535119,264,7381.564685
95.265275,260,7382.189847
1778.742334,2049,7387.901824
99.421735,253,7388.389341
419.074162,665,7389.841451
92.340712,232,7390.349808
296.673223,539,7391.987739
1763.044309,2049,7397.647995
363.712884,688,7399.106741
310.021274,593,7400.368239
89.278486,234,7400.857361
1799.566331,2049,7406.993056
93.970032,261,7408.027699
1775.104862,2049,7414.005573
277.983948,517,7415.099041
356.309344,679,7416.631795
200.954846,454,7417.641457
346.208041,621,7419.340433
1605.762803,2049,7424.806155
1758.35101,2049,7430.53196
107.903597,266,7431.089804
236.139192,431,7432.030248
1799.143286,2049,7437.359669
1762.79491,2049,7442.961105
1762.275228,2049,7448.692024
1663.357795,2049,7454.176136
255.188348,485,7455.247669
1756.934182,2049,7460.734255
228.15458,448,7461.835387
1743.441942,2049,7467.44922
1790.251478,2049,7473.162776
695.442047,949,7475.732103
1753.914877,2049,7481.444143
1794.097873,2049,7487.087932
1759.307419,2049,7492.615119
320.225739,573,7493.822165
1779.606879,2049,7499.480876
106.080951,265,7500.039657
116.376737,280,7500.61039
1795.570146,2049,7506.267561
232.306979,455,7507.663605
1787.966903,2049,7513.266273
1235.354739,2049,7518.494004
301.346379,559,7519.646576
1398.280026,2049,7524.919652
471.786162,848,7526.722539
1732.356564,2049,7532.417987
160.180133,341,7533.59451
1787.714802,2049,7539.404901
263.062132,492,7540.474358
102.958986,248,7541.038057
1725.372693,2049,7546.333766
1772.132774,2049,7551.746837
94.620295,250,7552.250098
1445.406013,1971,7557.594817
221.994568,418,7558.636986
234.222912,458,7559.876127
206.805805,422,7561.202722
397.661018,682,7562.704401
264.700055,498,7563.80319
1691.031898,2049,7569.548337
106.415982,258,7570.167664
119.624945,273,7570.763172
103.828612,260,7571.673279
1765.747547,2049,7577.218028
1606.876591,2049,7582.740666
1734.341134,2049,7588.318199
245.32387,484,7589.328555
1243.225964,1518,7593.589552
1745.89175,2049,7599.082417
1723.153747,2049,7604.808249
251.665343,483,7605.936696
1745.533332,2049,7611.598029
1788.391351,2049,7617.23383
1789.871916,2049,7622.843584
119.366022,289,7623.56016
1771.555961,2049,7629.158429
1748.753308,2049,7634.898625
696.028556,1156,7637.880063
1727.322513,2049,7643.424204
1731.84584,2049,7648.761678
92.071548,267,7649.354512
1695.555732,2049,7655.223507
98.973934,261,7655.788207
784.712786,1076,7658.245628
139.929933,296,7658.89353
142.333969,357,7660.239857
1534.673294,2049,7665.933867
1663.669271,2049,7671.377143
1695.668747,2049,7677.234918
166.91245,355,7678.169491
249.943916,477,7679.362162
261.816754,484,7680.448952
1779.45763,2049,7686.134332
107.76917,267,7686.813092
1716.444685,2049,7692.417941
103.826751,279,7693.573663
1750.403984,2049,7699.495047
382.222673,676,7701.086695
172.043241,372,7701.950085
58.503597,171,7702.394536
1601.144829,2049,7707.785324
1673.698363,2049,7713.307313
1720.137127,2049,7718.904799
1612.641181,2049,7724.302354
158.051801,343,7725.082847
101.596615,266,7725.617163
1789.110568,2049,7731.363066
1741.988891,2049,7737.516945
1768.557712,2049,7743.228165
1676.323123,2049,7748.798298
1723.166247,2049,7754.422804
128.582119,293,7755.479355
245.399592,479,7756.664018
1706.733219,2049,7762.263548
1755.80286,2049,7767.775957
227.054156,469,7768.823901
267.927964,491,7770.094394
1771.556234,2049,7776.146127
1750.732073,2049,7781.854023
1768.718332,2049,7787.51454
1802.445506,2049,7793.53805
391.016045,773,7795.672427
90.440563,250,7796.191061
459.79342,785,7798.034661
1808.965475,2049,7803.754265
1766.18331,2049,7809.120389
283.521762,561,7810.277589
1828.390244,2049,7816.229459
359.490928,667,7818.178152
1731.140414,2049,7823.988942
287.063831,539,7825.213727
239.109542,462,7826.201784
1795.574231,2049,7831.852279
289.421089,531,7833.565528
365.200999,630,7835.234682
337.884695,625,7836.724073
1785.393152,2049,7842.38872
1786.610878,2049,7848.099329
1035.322019,1568,7852.074793
1309.251576,1642,7856.712259
1285.378504,1550,7860.69775
1820.597268,2049,7866.58986
1714.778718,2049,7872.098713
1666.617947,2049,7877.563574
1770.245361,2049,7883.425207
1690.859314,2049,7889.156693
111.634462,267,7890.117028
1748.917574,2049,7895.691384
1717.455205,2049,7901.550356
1776.756955,2049,7907.548589
1738.990796,2049,7913.068762
1775.404602,2049,7918.63556
1798.123914,2049,7924.925205
223.635625,424,7926.025168
1757.401397,2049,7931.517449
1693.970111,2049,7937.205548
231.377022,440,7938.192299
245.799618,452,7939.378446
1807.508737,2049,7945.087615
274.251254,513,7946.636829
1717.098035,2049,7952.542692
184.254409,371,7953.358544
1761.48245,2049,7958.715277
389.366701,672,7960.136502
515.708538,900,7962.140316
547.998643,951,7964.73244
221.499591,434,7965.816831
1674.076094,2049,7971.101782
105.255149,269,7971.706414
461.188088,795,7974.08453
126.724234,281,7974.722675
1154.211449,1553,7978.912958
193.007245,381,7979.752827
476.981541,771,7981.688434
322.204645,587,7982.998652
373.348346,674,7984.817769
116.001571,269,7985.476962
1763.115947,2049,7991.09988
1067.044252,1334,7995.054984
98.184632,255,7995.704713
90.676384,254,7996.311025
224.302209,459,7997.563504
1752.067182,2049,8002.976554
101.349293,263,8003.75546
276.181205,561,8005.030457
1726.848436,2049,8010.909224
483.451074,832,8013.203584
1762.805613,2049,8019.014202
1277.179858,1673,8023.475774
