ep_reward_mean,ep_len_mean,total_timesteps,fps,approxkl,value_loss,policy_entropy,policy_loss,clipfrac,explained_variance,n_updates,time_elapsed,serial_timesteps
0.0,519.6666666666666,2048,260,0.0023313088,0.0062908577,1.4147388,-0.004270405,0.018945312,0.20813393592834473,1,1.1682510375976562e-05,2048
0.0,508.7142857142857,4096,204,0.002819827,0.0013846192,1.3979895,-0.003478498,0.025878906,0.4313202500343323,2,7.852682828903198,4096
0.0,528.0,6144,196,0.0017535212,0.00069843937,1.3893139,-0.0021435092,0.012792969,0.44621628522872925,3,17.86868190765381,6144
0.0,463.0,8192,154,0.0033572265,0.00032973156,1.3860787,-0.004662513,0.034277342,0.6012381315231323,4,28.31520986557007,8192
0.0,467.2631578947368,10240,216,0.0026917642,0.0003324395,1.3821478,-0.0022876721,0.025537109,0.212557852268219,5,41.59425973892212,10240
0.0,546.35,12288,347,0.0019537418,0.00014990856,1.3752303,-0.00042424072,0.0128417965,0.1811438798904419,6,51.05126357078552,12288
0.0,617.9047619047619,14336,341,0.0043007405,8.857531e-05,1.3625059,-0.005097165,0.0440918,0.29621946811676025,7,56.95209980010986,14336
0.0,682.9545454545455,16384,339,0.0037930303,5.0206167e-05,1.3575057,-0.0034348716,0.043310545,0.37800121307373047,8,62.94236135482788,16384
0.0,742.3478260869565,18432,285,0.0034226906,3.7389986e-05,1.3591139,-0.0028708105,0.034228515,0.45530176162719727,9,68.97217917442322,18432
0.0,796.7916666666666,20480,248,0.003588292,1.1613991e-05,1.3582802,-0.0044657104,0.037646484,0.34558236598968506,10,76.13619542121887,20480
0.0,846.88,22528,398,0.0052846232,1.4844851e-05,1.3509979,-0.006275659,0.068164065,0.19976019859313965,11,84.37017512321472,22528
0.0,893.1153846153846,24576,339,0.0059134276,1.0894256e-05,1.3439497,-0.008417051,0.07758789,-0.04335463047027588,12,89.50841903686523,24576
0.0,935.925925925926,26624,301,0.0028300504,1.3473982e-05,1.3263602,-0.0018268835,0.02368164,-0.8715043067932129,13,95.53578400611877,26624
0.0,975.6785714285714,28672,402,0.0033447084,1.9144316e-05,1.2983053,-0.0047107167,0.031591795,-0.0023626089096069336,14,102.32643175125122,28672
0.0,1012.6896551724138,30720,301,0.0046513085,9.507436e-06,1.2778141,-0.004576697,0.055761717,0.013255715370178223,15,107.4161581993103,30720
0.0,993.875,32768,177,0.0028584318,8.995803e-06,1.2694347,-0.0027041086,0.024804687,-0.001341700553894043,16,114.20906901359558,32768
0.0,1025.8484848484848,34816,306,0.0037265967,7.22271e-06,1.264309,-0.0033632596,0.037353516,0.19295907020568848,17,125.73979806900024,34816
0.0,1031.7714285714285,36864,220,0.0053705093,5.842695e-06,1.2678548,-0.009016575,0.06772461,-0.17919421195983887,18,132.41554403305054,36864
0.0,1060.0277777777778,38912,256,0.0025211559,1.0370224e-05,1.2637126,-0.0018664778,0.021972656,-0.058283209800720215,19,141.72232675552368,38912
0.0,1086.7567567567567,40960,260,0.0037322242,1.1519456e-05,1.2634451,-0.0031249956,0.040722657,-0.5269826650619507,20,149.71121859550476,40960
0.0,1108.3947368421052,43008,291,0.0036613666,4.19236e-06,1.2604086,-0.003842196,0.038232423,-0.34291350841522217,21,157.56649708747864,43008
0.0,1109.125,45056,278,0.002625911,5.2246e-06,1.2469338,-0.0025333983,0.022802735,-0.47031092643737793,22,164.584805727005,45056
0.0,1114.0,47104,415,0.003668633,7.0855212e-06,1.2479575,-0.004524554,0.036816407,-0.8127790689468384,23,171.95201468467712,47104
0.0,1136.2619047619048,49152,402,0.003925231,2.9434657e-06,1.2447096,-0.003733625,0.03720703,-0.2137216329574585,24,176.87971115112305,49152
0.0,1155.5348837209303,51200,341,0.0036492334,5.5810187e-06,1.232259,-0.00419286,0.04082031,-1.1199238300323486,25,181.97357869148254,51200
0.0,1175.840909090909,53248,385,0.0051176976,6.8988456e-06,1.2208468,-0.0044993605,0.058251955,-0.443096399307251,26,187.9857795238495,53248
0.0,1195.2444444444445,55296,378,0.003600999,8.332949e-06,1.2131215,-0.0036390058,0.04135742,-0.48792314529418945,27,193.30537462234497,55296
0.0,1213.804347826087,57344,382,0.0032913662,4.8655606e-06,1.2150369,-0.0045777336,0.034814455,-0.7224526405334473,28,198.7111964225769,57344
0.0,1232.7916666666667,59392,213,0.004307692,3.1688946e-06,1.2209588,-0.005400108,0.053222656,0.0055866241455078125,29,204.07143902778625,59392
0.0,1245.591836734694,61440,360,0.002691746,1.2251871e-05,1.2280949,-0.0030224058,0.025732422,0.07457935810089111,30,213.67232656478882,61440
0.0,1240.7254901960785,63488,278,0.002901812,5.6290737e-06,1.2305357,-0.0015626444,0.025292968,-0.0900430679321289,31,219.34965300559998,63488
0.0,1256.2692307692307,65536,375,0.004560872,2.1617816e-06,1.2232404,-0.004777846,0.051953126,-0.5019774436950684,32,226.7168526649475,65536
0.0,1256.3584905660377,67584,267,0.0022856907,1.4920272e-05,1.2167084,-0.0015309376,0.02060547,-0.7409534454345703,33,232.16514992713928,67584
0.0,1259.3703703703704,69632,276,0.0030556177,3.8732505e-06,1.2130158,-0.004007778,0.02841797,0.15464413166046143,34,239.81638050079346,69632
0.0,1231.7931034482758,71680,222,0.0044272854,5.4679126e-06,1.2168354,-0.006650164,0.054541014,-0.20953261852264404,35,247.2249367237091,71680
0.0,1149.953125,73728,152,0.0029826995,4.2628144e-06,1.2277428,-0.0025739842,0.025683593,0.1496882438659668,36,256.42082500457764,73728
0.0,1081.1142857142856,75776,161,0.0052107736,3.7131813e-06,1.2272576,-0.006929121,0.06801758,0.27074581384658813,37,269.83706641197205,75776
0.0,1036.4666666666667,77824,152,0.0024300986,4.550713e-06,1.2236254,-0.0024814517,0.0203125,0.0017496347427368164,38,282.5133194923401,77824
0.0,983.6913580246913,79872,183,0.0038060967,2.2377366e-05,1.2357605,-0.0036851831,0.042138673,0.4294259548187256,39,295.9560236930847,79872
0.0,937.6321839080459,81920,169,0.0036629091,8.372831e-06,1.2426122,-0.0028792839,0.038476564,0.2773544192314148,40,307.1399025917053,81920
0.0,880.7052631578947,83968,122,0.0056948545,6.044093e-06,1.2474085,-0.005270059,0.076123044,0.3298153281211853,41,319.2159721851349,83968
0.0,838.16,86016,110,0.0052514244,3.724776e-06,1.2535111,-0.0036484469,0.06538086,0.22399014234542847,42,335.87162947654724,86016
0.0,811.43,88064,84,0.0044771433,2.535358e-06,1.2596573,-0.004682759,0.049560547,0.2921448349952698,43,354.33920550346375,88064
0.0,709.33,90112,83,0.0037403132,9.070869e-06,1.2510662,-0.0038425624,0.037353516,-0.26152658462524414,44,378.5904257297516,90112
0.0,561.53,92160,99,0.0040622666,3.4607754e-06,1.2408557,-0.0038701866,0.043847658,-0.07776856422424316,45,402.986008644104,92160
0.0,423.38,94208,97,0.0020649938,7.5275734e-06,1.2396318,-0.0016819106,0.019677734,-0.504975438117981,46,423.5207028388977,94208
0.0,261.07,96256,82,0.0048294608,2.1089469e-05,1.2464707,-0.00712482,0.059472658,-0.3944958448410034,47,444.44145226478577,96256
0.0,240.03,98304,94,0.0035320788,2.012232e-06,1.2475694,-0.002373719,0.032568358,0.5282900035381317,48,469.22101855278015,98304
0.0,218.06,100352,103,0.0023806447,1.5399106e-06,1.2407062,-0.002263064,0.015429688,0.6338958740234375,49,490.8801164627075,100352
0.0,202.37,102400,94,0.0049988744,1.829975e-06,1.2304854,-0.004240594,0.058544923,0.6671834886074066,50,510.7563946247101,102400
0.0,193.07,104448,96,0.004829708,3.0046988e-06,1.219291,-0.00479401,0.054296874,0.4895322322845459,51,532.541766166687,104448
0.0,186.47,106496,87,0.002664484,2.4571626e-05,1.211702,-0.0025026028,0.02631836,-0.24157798290252686,52,553.8135099411011,106496
0.0,183.31,108544,72,0.0043210303,6.5976747e-07,1.2129936,-0.004814643,0.0515625,-0.4426974058151245,53,577.2211763858795,108544
0.0,177.51,110592,80,0.0051238127,1.91687e-06,1.2206799,-0.005385748,0.057373047,-1.3812916278839111,54,605.4878597259521,110592
0.0,173.04,112640,68,0.004548315,3.0929205e-06,1.2195103,-0.0054700384,0.04975586,-1.617799997329712,55,630.989068031311,112640
0.0,165.47,114688,88,0.0031145574,1.566573e-06,1.2138175,-0.0012208136,0.031933594,-1.930661916732788,56,661.0352711677551,114688
0.0,157.02,116736,81,0.003822508,4.286541e-05,1.2114826,-0.0026635886,0.0418457,-0.32237422466278076,57,684.0963487625122,116736
0.0,150.31,118784,87,0.005457596,9.142993e-07,1.2165419,-0.0040814322,0.066992186,-0.24253308773040771,58,709.20747423172,118784
0.0,143.01,120832,69,0.005960798,2.189167e-06,1.2121769,-0.004118049,0.06962891,-1.1729745864868164,59,732.632654428482,120832
0.0,134.3,122880,62,0.0037516777,1.5906189e-06,1.2144684,-0.0023721347,0.038183592,-0.9734659194946289,60,762.1373934745789,122880
0.0,125.82,124928,65,0.0059997374,7.565455e-06,1.2230136,-0.0076050973,0.06982422,-1.5596697330474854,61,794.9022793769836,124928
0.0,121.18,126976,53,0.005495574,7.892274e-06,1.229269,-0.005441336,0.06948242,-0.4916945695877075,62,826.2078273296356,126976
0.0,117.06,129024,71,0.0054623247,1.5660546e-06,1.2365434,-0.005031697,0.065820314,-0.14907193183898926,63,864.8202538490295,129024
0.0,112.49,131072,54,0.0034344613,6.2407235e-06,1.2468026,-0.0015957814,0.0340332,0.6274735033512115,64,893.6404540538788,131072
0.0,109.46,133120,49,0.0025321518,6.038895e-06,1.2471334,-0.0012905446,0.02368164,-0.04953646659851074,65,931.1494421958923,133120
0.0,107.15,135168,62,0.0031985934,1.2434444e-05,1.2373073,-0.0021996195,0.031884767,0.8709215223789215,66,972.8518755435944,135168
0.0,105.19,137216,62,0.0050193435,7.4162176e-06,1.2335508,-0.0034414888,0.062207032,0.8041164875030518,67,1005.7437410354614,137216
0.0,103.95,139264,52,0.0029050927,3.064309e-06,1.2418792,-0.0003943052,0.02734375,0.6915546357631683,68,1038.61177110672,139264
0.0,103.63,141312,73,0.0034071952,4.1363914e-05,1.2424662,-0.0029571801,0.034423828,0.5512378215789795,69,1077.2847051620483,141312
0.0,104.3,143360,55,0.0025710068,1.7994349e-05,1.231538,-0.00067758764,0.021826172,-0.3178243637084961,70,1105.251515865326,143360
0.0,105.06,145408,59,0.003398399,3.513797e-07,1.2286296,-0.0030937833,0.03754883,-1.4284141063690186,71,1142.4328799247742,145408
0.0,106.68,147456,68,0.006347501,5.2447615e-07,1.2302673,-0.008351333,0.08647461,0.2532803416252136,72,1176.7059769630432,147456
0.0,107.32,149504,55,0.0037216046,4.3710025e-07,1.2292826,-0.005176096,0.043603517,-0.03853142261505127,73,1206.7355470657349,149504
0.0,108.69,151552,66,0.0070575336,4.969031e-07,1.2147019,-0.009635289,0.09287109,-0.20144152641296387,74,1243.5151619911194,151552
0.0,110.25,153600,68,0.0063200393,4.5316065e-07,1.2039905,-0.0077274935,0.080517575,-0.7364894151687622,75,1274.3645820617676,153600
0.0,111.27,155648,54,0.0060843937,1.1099407e-05,1.2017229,-0.0044999872,0.07558594,-1.2880048751831055,76,1304.4186186790466,155648
0.0,111.52,157696,64,0.005436071,6.380378e-06,1.2012566,-0.0016308868,0.06323242,0.46704959869384766,77,1342.063368320465,157696
0.0,110.95,159744,77,0.0047852634,1.1314894e-06,1.2071264,-0.003373156,0.056933593,0.5580772757530212,78,1373.6178843975067,159744
0.0,109.98,161792,55,0.0061674677,5.9533e-05,1.209254,-0.0029786152,0.07885742,0.7725739479064941,79,1400.069180727005,161792
0.0,109.29,163840,66,0.0055286675,4.7686575e-07,1.2064576,-0.0018890569,0.06850586,0.42099589109420776,80,1436.8973076343536,163840
0.0,109.46,165888,61,0.0066272095,2.226268e-07,1.2049105,-0.0047475705,0.093652345,0.5754997432231903,81,1467.5651972293854,165888
0.0,113.73,167936,71,0.005857207,2.934167e-07,1.1972764,-0.003528942,0.074560545,0.030029654502868652,82,1501.0889544487,167936
0.0,116.1,169984,59,0.00358636,2.9246797e-07,1.198561,-0.0010117313,0.038916014,-0.19667434692382812,83,1529.82261800766,169984
0.0,118.51,172032,89,0.004717022,3.3278207e-06,1.1947466,-0.0033108399,0.053515624,-4.041903495788574,84,1564.3925249576569,172032
0.0,121.98,174080,83,0.0050906534,1.9639887e-07,1.1944511,-0.0023223092,0.058154296,-0.10669612884521484,85,1587.2272591590881,174080
0.0,124.02,176128,59,0.0057012076,3.7939924e-06,1.1951358,-0.004813806,0.067675784,0.44057947397232056,86,1611.691640138626,176128
0.0,125.3,178176,58,0.0056402395,2.5813285e-06,1.1888425,-0.0046255956,0.070898436,-0.8170541524887085,87,1646.0185329914093,178176
0.0,124.42,180224,68,0.0036925513,3.690672e-05,1.1838465,-0.0018953437,0.039794922,-0.89467453956604,88,1681.1527791023254,180224
0.0,125.8,182272,70,0.004066092,4.0962004e-07,1.1705215,-0.0037951437,0.044433594,0.573551595211029,89,1710.8650870323181,182272
0.0,127.13,184320,69,0.0050355485,5.6401575e-07,1.1664654,-0.0043629627,0.05908203,0.5617896616458893,90,1739.8337252140045,184320
0.0,126.03,186368,58,0.0054642824,1.862646e-07,1.1723927,-0.0067733983,0.07128906,0.37308579683303833,91,1769.1179583072662,186368
0.0,125.4,188416,85,0.005162115,4.365338e-07,1.1747719,-0.0042511486,0.068798825,0.2457951307296753,92,1803.989037513733,188416
0.0,123.66,190464,67,0.0068932846,1.6299355e-06,1.1791388,-0.009028849,0.09667969,0.2242528796195984,93,1827.9422771930695,190464
0.0,118.84,192512,58,0.008088267,0.00011316825,1.1726735,-0.0076592593,0.109228514,-2.582716703414917,94,1858.1594257354736,192512
0.0,111.3,194560,51,0.0029678638,2.5625502e-07,1.1577556,-0.0016398991,0.031396486,-6.755680561065674,95,1892.9993150234222,194560
0.0,106.19,196608,52,0.0070870174,1.4209775e-07,1.1487719,-0.007957963,0.0921875,-7.433551788330078,96,1933.0399751663208,196608
0.0,100.82,198656,48,0.0035819437,2.2549882e-07,1.1446381,-0.0032789768,0.03671875,-4.343754291534424,97,1971.8406536579132,198656
0.0,96.33,200704,65,0.0041957074,2.135447e-07,1.1420003,-0.0038987678,0.04868164,-4.763534069061279,98,2014.0130591392517,200704
0.0,93.47,202752,45,0.0040135277,1.7448735e-07,1.1448396,-0.0016396841,0.04736328,-6.269565105438232,99,2045.3138020038605,202752
0.0,91.89,204800,44,0.004711238,2.17254e-07,1.1468194,-0.0035219355,0.05366211,-4.47357177734375,100,2090.388589143753,204800
0.0,90.8,206848,51,0.004627209,1.359276e-06,1.1355479,-0.0036194003,0.05253906,-2.832853078842163,101,2136.687675476074,206848
0.0,91.3,208896,54,0.0055654757,3.6335775e-06,1.130473,-0.0053631337,0.06796875,0.10269135236740112,102,2176.280675172806,208896
0.0,90.98,210944,53,0.0041369544,4.441607e-07,1.1298354,-0.002268064,0.04848633,-0.2586207389831543,103,2213.593934774399,210944
0.0,89.8,212992,51,0.0072307414,2.062929e-06,1.1074715,-0.0059061726,0.087451175,-1.8073241710662842,104,2251.9382874965668,212992
0.0,88.6,215040,52,0.002979185,1.1532544e-05,1.0925786,0.00032716556,0.031103516,-1.481168270111084,105,2291.6500086784363,215040
0.0,86.45,217088,50,0.003439153,1.4400139e-05,1.0913644,-0.0020091287,0.03540039,0.5409380793571472,106,2330.6489808559418,217088
0.0,85.73,219136,41,0.00625496,2.9575125e-07,1.0923084,-0.003863606,0.079833984,0.6907797753810883,107,2371.5828897953033,219136
0.0,85.0,221184,51,0.004757825,2.4484376e-07,1.0926106,-0.0038288436,0.056396484,0.40865373611450195,108,2420.8166959285736,221184
0.0,84.14,223232,45,0.0047097513,5.7771005e-05,1.0876343,-0.004159308,0.0546875,0.6897681653499603,109,2460.411872148514,223232
0.0,83.4,225280,43,0.0050269957,3.4175608e-07,1.0856252,-0.003573009,0.057958983,-2.71077299118042,110,2505.9250531196594,225280
0.0,82.26,227328,44,0.004919022,1.4777319e-07,1.0770347,-0.0038969785,0.054296874,-5.251892566680908,111,2552.816899061203,227328
0.0,82.2,229376,44,0.0038407326,1.1256661e-07,1.0659487,-0.0029779999,0.042578124,-9.165157318115234,112,2598.782474756241,229376
0.0,82.98,231424,52,0.0039899256,2.2922836e-07,1.062922,-0.004224498,0.046777345,-1.5192854404449463,113,2644.842852830887,231424
0.0,83.41,233472,54,0.0037967484,3.1260691e-07,1.0601313,-0.0030958848,0.04091797,-4.428353786468506,114,2683.838700771332,233472
0.0,84.31,235520,43,0.0046294793,3.0039027e-07,1.061168,-0.0041310927,0.055566408,-2.4555823802948,115,2721.713867664337,235520
0.0,84.32,237568,40,0.00416994,1.4995323e-06,1.0575466,-0.004259185,0.048535157,-4.786602020263672,116,2768.577336549759,237568
0.0,85.23,239616,44,0.0058863508,1.1904873e-06,1.0554241,-0.0074935467,0.07197265,0.5676063299179077,117,2818.7365357875824,239616
0.0,86.32,241664,49,0.0053404695,9.819246e-07,1.0558927,-0.0024738505,0.06533203,0.530634880065918,118,2865.150266647339,241664
0.0,86.61,243712,54,0.0058258893,5.590246e-06,1.063637,-0.006750853,0.075732425,0.5835391879081726,119,2906.171948671341,243712
0.0,87.21,245760,51,0.0040926794,1.0639956e-05,1.0593975,-0.0039639943,0.047216795,0.3087047338485718,120,2943.5870428085327,245760
0.0,86.05,247808,55,0.004841392,5.037887e-07,1.0565091,-0.003018871,0.05356445,0.24910956621170044,121,2983.3713297843933,247808
0.0,83.98,249856,47,0.0042948215,1.9439332e-05,1.0475924,-0.0059363563,0.04482422,0.3061797022819519,122,3020.046309709549,249856
0.0,81.95,251904,43,0.0039662276,2.9234783e-05,1.0282146,-0.0011588864,0.044287108,-1.4896080493927002,123,3063.495309114456,251904
0.0,80.63,253952,43,0.0026618396,2.2121883e-06,1.0226183,0.0007187801,0.02626953,0.8152997046709061,124,3110.99365401268,253952
0.0,79.64,256000,48,0.003880335,9.981189e-07,1.0162688,-0.0025966817,0.04272461,0.8459244519472122,125,3158.1908843517303,256000
0.0,79.57,258048,44,0.0042051626,1.019975e-06,1.0029185,-0.0031791911,0.046289064,0.6799799203872681,126,3200.438094139099,258048
0.0,79.62,260096,50,0.004710259,3.9604984e-07,1.0029006,-0.0040185074,0.058203124,0.43814384937286377,127,3246.4137563705444,260096
0.0,79.57,262144,40,0.005542849,2.784339e-07,1.0142535,-0.0046771048,0.067871094,0.27544885873794556,128,3286.9644918441772,262144
0.0,80.29,264192,48,0.0037223897,1.721427e-07,1.0115514,-0.0016619457,0.040527344,-0.05568742752075195,129,3337.750203371048,264192
0.0,80.95,266240,55,0.0047892136,2.1688368e-07,1.0015068,-0.0045758453,0.06098633,-1.0455260276794434,130,3380.3747820854187,266240
0.0,81.56,268288,41,0.0037931644,7.987522e-07,0.989339,-0.0024353657,0.041992188,-0.7837979793548584,131,3417.2235395908356,268288
0.0,82.52,270336,49,0.004823759,1.79479e-05,0.97549325,-0.0062136287,0.053808592,-0.974398136138916,132,3466.8611187934875,270336
0.0,83.67,272384,51,0.0055912463,1.9747058e-07,0.9720491,-0.005941024,0.074804686,0.3969011902809143,133,3508.282853126526,272384
0.0,85.65,274432,55,0.006465873,2.7378172e-07,0.9732987,-0.00869932,0.08686523,0.15321993827819824,134,3548.176898241043,274432
0.0,87.59,276480,45,0.004617668,2.2333293e-07,0.96513015,-0.004841919,0.057373047,-0.08599042892456055,135,3585.118472337723,276480
0.0,88.79,278528,61,0.0042699077,7.093318e-06,0.9630248,-0.0045117056,0.053759765,-0.5521941184997559,136,3629.9378015995026,278528
0.0,90.55,280576,60,0.0049848007,2.0959192e-06,0.95414275,-0.0022981765,0.057128906,-0.5735304355621338,137,3663.206988096237,280576
0.0,91.61,282624,55,0.0037742474,1.4623321e-06,0.9532636,-0.0022699398,0.043701172,-0.9226856231689453,138,3697.2374448776245,282624
0.0,91.97,284672,55,0.0034406097,2.5837633e-05,0.9557556,-0.0026019518,0.034277342,0.3164595365524292,139,3734.160830259323,284672
0.0,92.65,286720,44,0.0042392076,3.8230037e-06,0.96749794,-0.002208201,0.046972655,-1.7191169261932373,140,3770.9136950969696,286720
0.0,93.31,288768,51,0.0055134282,2.158226e-06,0.98678076,-0.003986977,0.06875,0.7358277142047882,141,3816.485147714615,288768
0.0,93.45,290816,59,0.00406175,1.4845439e-06,0.97904074,-0.0021364272,0.044677734,0.8649218082427979,142,3856.2320606708527,290816
0.0,93.1,292864,53,0.0036661327,1.0899535e-06,0.96275234,-0.0010139866,0.038427733,0.7910251170396805,143,3890.425128698349,292864
0.0,93.86,294912,52,0.0024479225,3.7966379e-06,0.9542158,-0.00027878222,0.021044921,0.6549557149410248,144,3928.8122475147247,294912
0.0,94.22,296960,45,0.0036136429,3.6663886e-07,0.9440166,-0.0011677052,0.03959961,0.41639888286590576,145,3967.829591035843,296960
0.0,94.86,299008,59,0.003078914,7.598987e-07,0.9406816,-0.0015329046,0.030859375,0.1900041103363037,146,4013.2206814289093,299008
0.0,95.74,301056,55,0.004853449,1.129536e-05,0.9265335,-0.0023974844,0.054882813,-0.794829249382019,147,4047.390441417694,301056
0.0,96.73,303104,54,0.0046320735,1.9487466e-07,0.91399354,-0.0031424896,0.05644531,-0.5981980562210083,148,4084.5152266025543,303104
0.0,97.79,305152,49,0.004923499,2.1089529e-05,0.9135871,-0.0040024174,0.058496095,-2.9905974864959717,149,4121.822269678116,305152
0.0,98.83,307200,54,0.0053514205,4.364138e-07,0.919664,-0.003195649,0.068359375,-1.6444923877716064,150,4163.424744844437,307200
0.0,100.41,309248,51,0.00415253,2.1738818e-07,0.9207405,-0.004561909,0.04765625,-0.028986811637878418,151,4200.960276603699,309248
0.0,101.64,311296,55,0.0048534917,8.4172626e-07,0.91174114,-0.002567272,0.05649414,-0.4144599437713623,152,4240.822878837585,311296
0.0,103.01,313344,60,0.0067832908,1.1955103e-06,0.89817524,-0.0047022705,0.089501955,-0.16418111324310303,153,4277.788427591324,313344
0.0,104.63,315392,77,0.0055887755,7.585722e-07,0.8858822,-0.003713842,0.06801758,0.13040989637374878,154,4311.431992769241,315392
0.0,106.3,317440,60,0.005196273,3.6712146e-07,0.87648124,-0.0025005988,0.060791016,0.35021936893463135,155,4338.002652645111,317440
0.0,108.26,319488,54,0.006936452,7.261776e-07,0.8828554,-0.0051879967,0.086083986,0.3192700147628784,156,4371.69428062439,319488
0.0,110.51,321536,65,0.004488475,2.5431082e-06,0.8942955,-0.0020033475,0.051464844,0.4486677646636963,157,4409.075607538223,321536
0.0,112.2,323584,67,0.0047929874,2.7028285e-05,0.9013772,-0.000642939,0.056103516,-0.11344277858734131,158,4440.393318891525,323584
0.0,113.39,325632,88,0.0053529465,1.5664052e-07,0.9074089,-0.002555633,0.06416015,0.6881512403488159,159,4470.845060110092,325632
0.0,114.17,327680,79,0.0076803416,2.5813327e-07,0.92346966,-0.0057600164,0.10205078,0.7132284939289093,160,4493.9830276966095,327680
0.0,115.86,329728,55,0.0041379277,1.3963475e-07,0.92818916,-0.0004956343,0.04511719,0.648359090089798,161,4519.841892242432,329728
0.0,117.31,331776,62,0.005494298,1.650422e-07,0.92359084,-0.0023360292,0.06713867,0.42972618341445923,162,4556.62636423111,331776
0.0,118.93,333824,62,0.0052969297,1.4485263e-05,0.92171127,-0.0013790926,0.062353514,-1.2202043533325195,163,4589.261484146118,333824
0.0,121.98,335872,68,0.006499709,4.574936e-06,0.91589355,-0.0072005717,0.07495117,-0.6884974241256714,164,4621.9058928489685,335872
0.0,124.08,337920,63,0.0050985655,5.0845216e-07,0.9066864,-0.005618249,0.06171875,0.10390353202819824,165,4651.833092927933,337920
0.0,126.16,339968,60,0.0058767707,9.639333e-07,0.9070443,-0.005015954,0.07426758,0.7091091871261597,166,4683.990659713745,339968
0.0,128.37,342016,68,0.004679491,8.9124705e-07,0.89659375,-0.002762983,0.049365234,0.4948018789291382,167,4717.592086791992,342016
0.0,130.73,344064,87,0.005629614,1.1727423e-06,0.88986504,-0.0024813635,0.06923828,0.7620309740304947,168,4747.567090034485,344064
0.0,132.85,346112,79,0.004699502,9.620628e-07,0.90378237,-0.001399296,0.054833986,0.16171902418136597,169,4771.099868774414,346112
0.0,134.61,348160,71,0.007403341,1.2621417e-06,0.91087663,-0.0053569013,0.094091795,-0.2293463945388794,170,4796.953964948654,348160
0.0,135.79,350208,94,0.005219292,1.227043e-05,0.9019268,-0.001419616,0.056005858,-1.1102099418640137,171,4825.551606893539,350208
0.0,139.11,352256,76,0.004169804,3.39877e-07,0.8913802,-0.0027662707,0.04790039,-0.26294243335723877,172,4847.3181211948395,352256
0.0,142.04,354304,69,0.0038424558,4.3974947e-07,0.8859438,-0.003914868,0.04194336,0.3486937880516052,173,4874.014248371124,354304
0.0,144.72,356352,77,0.004729872,6.117659e-07,0.8883184,-0.0039937985,0.056640625,0.1455509066581726,174,4903.608116149902,356352
0.0,145.78,358400,60,0.0070770034,4.2359162e-07,0.8963071,-0.0072837085,0.0881836,-0.16033196449279785,175,4930.1288549900055,358400
0.0,148.34,360448,84,0.0053094737,1.5650846e-06,0.8984703,-0.0034261204,0.06064453,-0.737668514251709,176,4963.829933643341,360448
0.0,148.41,362496,83,0.006201695,6.5606935e-07,0.8847586,-0.005568423,0.08295898,0.17033541202545166,177,4988.11443400383,362496
0.0,147.88,364544,65,0.0051533384,5.4622967e-07,0.8656255,-0.0040536844,0.057958983,0.04310727119445801,178,5012.533740520477,364544
0.0,147.15,366592,61,0.0048256167,3.7641698e-06,0.8649093,-0.0013177982,0.056640625,-1.2706351280212402,179,5043.719963788986,366592
0.0,145.38,368640,64,0.0054569324,1.0553484e-05,0.8589901,-0.002623655,0.06201172,-0.22024047374725342,180,5077.0207188129425,368640
0.0,144.57,370688,67,0.004983089,5.775154e-07,0.84449273,-0.0027407976,0.062207032,0.48756444454193115,181,5108.6407771110535,370688
0.0,144.43,372736,77,0.0060359905,5.5111025e-07,0.83715665,-0.0053041666,0.07543945,0.6553648114204407,182,5138.820212841034,372736
0.0,140.71,374784,82,0.0074327984,1.6621709e-06,0.8435141,-0.011695238,0.10185547,0.7228197753429413,183,5165.107528448105,374784
0.0,139.2,376832,65,0.004863843,9.877126e-07,0.8501155,-0.0037521273,0.059667967,0.5395064651966095,184,5189.921273469925,376832
0.0,134.43,378880,82,0.005093294,1.11556965e-05,0.83808786,-0.005501704,0.06064453,0.5259963274002075,185,5221.082415342331,378880
0.0,126.2,380928,58,0.006083833,4.7735983e-07,0.82285035,-0.007263868,0.07773437,0.1879483461380005,186,5245.81897187233,380928
0.0,114.46,382976,60,0.005347898,7.222824e-07,0.81821936,-0.0028363392,0.06914063,-2.1137752532958984,187,5280.658806800842,382976
0.0,102.66,385024,45,0.0035106014,2.471094e-07,0.810984,-0.00046907394,0.03725586,-2.861973285675049,188,5314.6745138168335,385024
0.0,93.55,387072,45,0.0062971227,4.743965e-06,0.8018134,-0.0035160587,0.078466795,0.38199305534362793,189,5359.912713050842,387072
0.0,91.75,389120,54,0.0058347424,5.9733947e-07,0.81238383,-0.0035523796,0.073632814,-0.08771049976348877,190,5404.468297719955,389120
0.0,90.4,391168,46,0.0052601337,8.1566316e-07,0.8154677,-0.002775974,0.061181642,-1.3905653953552246,191,5442.392080068588,391168
0.0,90.01,393216,52,0.007409247,3.5991607e-07,0.8169098,-0.003041647,0.09267578,-2.240039587020874,192,5486.063600301743,393216
0.0,89.94,395264,43,0.00401233,9.960218e-07,0.816506,-0.0009681769,0.045947265,-2.4157562255859375,193,5525.436757326126,395264
0.0,88.41,397312,60,0.00455629,1.2502778e-06,0.82234526,-0.0026476001,0.05415039,-2.1778135299682617,194,5572.68550491333,397312
0.0,87.25,399360,53,0.0030967048,2.3085154e-06,0.8321215,-0.0011266449,0.031933594,-0.613014817237854,195,5606.81240773201,399360
0.0,87.01,401408,53,0.005272806,1.0860412e-05,0.8423322,-0.0024160366,0.06777344,-0.08320832252502441,196,5644.741108894348,401408
0.0,87.71,403456,48,0.006615599,4.0666105e-06,0.865064,-0.0047909715,0.08574219,-2.1055705547332764,197,5683.0919144153595,403456
0.0,91.09,405504,57,0.006006847,8.5142665e-07,0.877659,-0.0049495436,0.07514648,0.27631956338882446,198,5725.556298732758,405504
0.0,95.55,407552,53,0.006539701,2.8531147e-06,0.87879384,-0.0068513863,0.081884764,0.25738251209259033,199,5761.072445869446,407552
0.0,101.56,409600,54,0.006921527,1.0706619e-06,0.87921274,-0.009056285,0.096142575,0.3131232261657715,200,5799.21005988121,409600
0.0,107.96,411648,63,0.005802792,5.707118e-07,0.8660674,-0.0049216365,0.06826172,-0.262967586517334,201,5836.653626680374,411648
0.0,113.64,413696,84,0.0055332035,1.8960618e-07,0.84393036,-0.0048148492,0.06293945,-0.3637162446975708,202,5868.8903613090515,413696
0.0,119.65,415744,82,0.004952674,1.9190364e-07,0.82492286,-0.004858914,0.062451173,-0.19371473789215088,203,5893.267752408981,415744
0.0,124.5,417792,56,0.0055151237,1.4492524e-06,0.8054721,-0.0049410253,0.0680664,-0.672016978263855,204,5918.139489889145,417792
0.0,129.53,419840,61,0.0041633695,1.5347231e-07,0.7806881,-0.00042032907,0.047021486,-0.15023887157440186,205,5954.219141244888,419840
0.0,130.39,421888,70,0.006011623,2.011166e-06,0.75838435,-0.0064164316,0.078466795,0.48169565200805664,206,5987.47517323494,421888
0.0,131.85,423936,75,0.00616964,1.5599494e-07,0.7452601,-0.0038137094,0.07353516,0.17358386516571045,207,6016.677865743637,423936
0.0,132.34,425984,78,0.0059438054,1.5295591e-06,0.7434016,-0.004450813,0.072705075,0.06194788217544556,208,6043.840291023254,425984
0.0,131.97,428032,65,0.005391498,1.5294952e-05,0.7529204,-0.0027973815,0.068798825,-0.030904054641723633,209,6069.980133771896,428032
0.0,131.52,430080,74,0.0061096502,4.6316669e-07,0.76841605,-0.004970474,0.079638675,0.5837280452251434,210,6101.026228904724,430080
0.0,130.66,432128,76,0.008984883,8.061893e-07,0.7897679,-0.014019877,0.11298828,0.6923974454402924,211,6128.602781534195,432128
0.0,127.52,434176,55,0.005784194,6.873712e-07,0.7887677,-0.007161148,0.071777344,0.5381627976894379,212,6155.46540760994,434176
0.0,121.75,436224,62,0.006540998,3.6224776e-07,0.7723459,-0.005665327,0.07709961,0.10399627685546875,213,6192.563175439835,436224
0.0,115.25,438272,51,0.0055982517,1.1271638e-06,0.76788175,-0.0044043353,0.068554685,-0.14971697330474854,214,6225.108190774918,438272
0.0,105.44,440320,48,0.0059939143,6.2324943e-07,0.76594305,-0.003983469,0.076611325,-2.847536087036133,215,6264.6215736866,440320
0.0,98.48,442368,51,0.005630181,1.1761963e-06,0.76032555,-0.0032237328,0.06982422,-0.27308690547943115,216,6306.676774978638,442368
0.0,96.69,444416,62,0.0062880293,2.3251065e-05,0.7500191,-0.0042973724,0.07382812,-2.83432936668396,217,6346.533333778381,444416
0.0,98.01,446464,49,0.0058914395,6.879456e-08,0.7429904,-0.004842746,0.0725586,-1.9013750553131104,218,6379.061610460281,446464
0.0,101.85,448512,63,0.006201517,8.171585e-08,0.7336848,-0.0041448846,0.07724609,-2.753788948059082,219,6420.126662969589,448512
0.0,106.35,450560,82,0.0069995923,5.771839e-08,0.7218301,-0.007909668,0.091308594,-2.283484935760498,220,6452.261135339737,450560
0.0,110.51,452608,67,0.0061487528,9.0111584e-08,0.7018533,-0.003531045,0.072314456,-0.4278831481933594,221,6477.101043701172,452608
0.0,112.04,454656,61,0.006665635,5.986383e-08,0.68952703,-0.00539137,0.083935544,-0.8475106954574585,222,6507.350397825241,454656
0.0,113.47,456704,57,0.0053189835,9.4295785e-08,0.6924696,-0.0019387833,0.064892575,-1.4098033905029297,223,6540.792162895203,456704
0.0,110.7,458752,61,0.005851311,3.9805977e-07,0.6991764,-0.004621727,0.06987305,-3.201775550842285,224,6576.260915517807,458752
0.0,108.72,460800,56,0.0056957966,7.88003e-06,0.70232224,-0.002273766,0.07290039,-0.027750253677368164,225,6609.681689977646,460800
0.0,106.57,462848,56,0.00710312,4.4255998e-08,0.6904155,-0.008308563,0.09238281,-0.2884056568145752,226,6646.090031862259,462848
0.0,105.45,464896,59,0.0051651974,4.877606e-08,0.6854715,-0.001070907,0.06503906,-1.453197717666626,227,6682.055425167084,464896
0.0,104.82,466944,62,0.004775229,9.8391254e-08,0.6751586,-0.00075705186,0.054833986,-1.6087782382965088,228,6716.665797710419,466944
0.0,104.9,468992,48,0.0049467036,5.115794e-07,0.66500324,-0.0019193211,0.058789063,-0.3961261510848999,229,6749.209854841232,468992
0.0,104.7,471040,69,0.006690481,2.895607e-06,0.6706726,-0.0005364109,0.08120117,-0.020067811012268066,230,6791.601121664047,471040
0.0,104.79,473088,69,0.006579303,1.207851e-07,0.68955564,-0.0037039411,0.082617186,0.5224269330501556,231,6821.075416564941,473088
0.0,104.41,475136,60,0.0064814547,4.8616084e-08,0.69933915,-0.0005960159,0.07739258,0.7489879429340363,232,6850.588006973267,475136
0.0,104.12,477184,55,0.0051949425,3.9520546e-06,0.7002044,2.7613767e-05,0.06762695,0.027577102184295654,233,6884.339448451996,477184
0.0,103.53,479232,69,0.0052197743,6.150073e-08,0.68755877,-0.0047279648,0.06225586,-0.3468940258026123,234,6920.999670267105,479232
0.0,103.65,481280,60,0.004878807,3.9341348e-08,0.6746446,-0.0015390227,0.06035156,-1.2335197925567627,235,6950.2626304626465,481280
0.0,103.59,483328,58,0.005573907,5.062329e-08,0.675427,-0.0025981194,0.06923828,-0.01851522922515869,236,6984.0037751197815,483328
0.0,103.43,485376,66,0.0062050954,5.3979214e-08,0.66385186,-0.004233183,0.07397461,-0.9449056386947632,237,7019.105029582977,485376
0.0,103.55,487424,56,0.008247106,5.5829297e-08,0.6431333,-0.0037947693,0.09970703,-1.5265796184539795,238,7049.839267492294,487424
0.0,102.75,489472,54,0.005773357,2.7264819e-06,0.6315322,-0.0018795971,0.06977539,-0.5631763935089111,239,7086.1310160160065,489472
0.0,102.38,491520,62,0.006478183,1.8885098e-07,0.6277846,-0.0034352646,0.075927734,0.4599270224571228,240,7123.687551498413,491520
0.0,102.31,493568,57,0.0056940923,2.3467676e-07,0.6219325,-0.0021028377,0.06948242,-2.2955784797668457,241,7156.322284698486,493568
0.0,102.2,495616,50,0.007863894,2.1365346e-07,0.6139678,-0.004766773,0.09794922,-2.3240883350372314,242,7191.896462440491,495616
0.0,101.88,497664,62,0.0054913377,2.4466905e-07,0.6171829,-0.0008033543,0.065136716,-3.9488935470581055,243,7232.848432064056,497664
0.0,102.93,499712,75,0.0065030656,2.4596957e-06,0.61722606,-0.0002054475,0.07895508,-4.196872711181641,244,7265.8587527275085,499712
0.0,102.13,501760,51,0.005639675,2.4235408e-07,0.61864483,-0.004174211,0.07006836,0.3255156874656677,245,7292.897488594055,501760
0.0,102.06,503808,55,0.005467181,2.4959738e-06,0.6260678,-0.0051083504,0.064892575,0.5637904405593872,246,7333.004300355911,503808
0.0,102.41,505856,72,0.0067641935,8.694921e-06,0.6135937,-0.006130688,0.07915039,0.39133334159851074,247,7369.945714235306,505856
0.0,102.42,507904,65,0.0063322955,1.445602e-07,0.59534097,-0.0004819138,0.07416992,0.19144505262374878,248,7398.286022424698,507904
0.0,102.4,509952,63,0.0066174446,5.886979e-08,0.577063,-0.002692391,0.084423825,0.4017156958580017,249,7429.548654079437,509952
0.0,103.43,512000,63,0.006323976,4.89054e-08,0.566226,-0.0032476024,0.083984375,-0.004820585250854492,250,7461.584960699081,512000
0.0,104.73,514048,56,0.006641618,5.863356e-07,0.5545665,-0.0011250376,0.08154297,-0.5809429883956909,251,7493.821745634079,514048
0.0,104.89,516096,62,0.0063155824,2.8467554e-07,0.5391022,-0.0010833178,0.07841797,-1.5499026775360107,252,7529.856741905212,516096
0.0,105.58,518144,53,0.0060416525,1.8683578e-07,0.5352549,-0.0010343725,0.07680664,-2.3081140518188477,253,7562.377026319504,518144
0.0,105.68,520192,52,0.0051805438,3.3568924e-08,0.5334516,-0.0013266769,0.061425783,-3.0776448249816895,254,7600.56329870224,520192
0.0,106.29,522240,76,0.006085221,2.8074447e-07,0.5275526,-0.000696574,0.07241211,-2.9370875358581543,255,7639.415781497955,522240
0.0,107.07,524288,51,0.007632903,2.8982047e-06,0.52971524,-0.0044298265,0.0993164,-1.7410058975219727,256,7666.075119495392,524288
0.0,107.65,526336,58,0.006276681,5.1972734e-08,0.5360998,-0.0029216367,0.07705078,-1.3277385234832764,257,7705.5085272789,526336
0.0,110.04,528384,79,0.008578623,1.1626774e-06,0.54341936,-0.0041705854,0.10751953,-0.7930558919906616,258,7740.81947684288,528384
0.0,111.26,530432,62,0.00731685,4.7920622e-08,0.553032,-0.002371852,0.08681641,-0.843090295791626,259,7766.49362206459,530432
0.0,111.41,532480,54,0.0068856105,1.4544254e-07,0.5671574,-0.0049852924,0.08208008,-2.1885502338409424,260,7799.194325208664,532480
0.0,110.36,534528,64,0.008074856,1.4260482e-07,0.5790866,-0.006696511,0.103515625,0.454731285572052,261,7836.660841226578,534528
0.0,109.95,536576,60,0.0070952266,1.5430069e-06,0.5808843,-0.005804724,0.09067383,0.5632686018943787,262,7868.661946773529,536576
0.0,109.14,538624,59,0.007746561,1.17562124e-07,0.56208605,-0.00745332,0.091992185,0.42786991596221924,263,7902.587806224823,538624
0.0,109.11,540672,61,0.006742916,2.5917411e-06,0.54396015,-0.0039077555,0.08120117,-0.4262582063674927,264,7937.229665279388,540672
0.0,109.79,542720,57,0.006822338,8.297276e-08,0.5300046,-0.0016374743,0.08710937,-1.9626142978668213,265,7970.504716157913,542720
0.0,110.54,544768,70,0.007266083,4.7602178e-08,0.5188023,-0.003942585,0.0875,-2.924365758895874,266,8006.345554590225,544768
0.0,111.16,546816,66,0.006088278,2.1787025e-07,0.5239332,-0.003006402,0.07397461,-2.6459574699401855,267,8035.551429986954,546816
0.0,110.51,548864,59,0.006646257,4.5709044e-08,0.53923243,-0.0030213404,0.0847168,-2.296220064163208,268,8066.560598611832,548864
0.0,110.77,550912,64,0.006637545,1.4217433e-06,0.5530978,-0.002017216,0.080517575,-4.373765468597412,269,8100.865041255951,550912
0.0,110.62,552960,63,0.007575319,3.0883598e-07,0.5519367,-0.0054413136,0.088378906,-2.54687237739563,270,8132.807333230972,552960
0.0,111.13,555008,59,0.0074975276,6.32693e-08,0.5406748,-0.002978933,0.091552734,-0.031412601470947266,271,8165.038853645325,555008
0.0,111.11,557056,67,0.008635718,7.590667e-08,0.5306616,-0.005400465,0.10874023,0.5253790318965912,272,8199.528694868088,557056
0.0,109.55,559104,56,0.008620381,3.0861446e-07,0.5250157,-0.008372435,0.11621094,0.6173948049545288,273,8229.676135540009,559104
0.0,107.01,561152,50,0.007715275,2.5386325e-06,0.51487106,-0.0062904367,0.102148436,-0.7221794128417969,274,8265.955493450165,561152
0.0,103.54,563200,59,0.00637275,2.3479326e-07,0.5023131,-0.002295496,0.08154297,-3.095600128173828,275,8306.727684497833,563200
0.0,97.47,565248,54,0.0052279322,1.2514195e-07,0.49241376,-0.00017235699,0.06381836,-4.211312770843506,276,8340.962903261185,565248
0.0,92.21,567296,51,0.005564639,5.1712766e-07,0.4938994,-0.00272698,0.06992187,-0.10525143146514893,277,8378.817678689957,567296
0.0,91.05,569344,44,0.0056640925,3.4641216e-06,0.5051602,-0.0024680446,0.07104492,-0.3882640600204468,278,8418.287547588348,569344
0.0,90.39,571392,57,0.008060982,1.9854288e-07,0.5237409,-0.0065924516,0.10830078,-0.06067955493927002,279,8463.963507890701,571392
0.0,91.63,573440,54,0.009435974,1.2118707e-07,0.54115355,-0.008089785,0.11333008,0.2111632227897644,280,8499.752867937088,573440
0.0,94.49,575488,57,0.005532009,7.722555e-08,0.54291445,-0.0028732615,0.06914063,-0.04185199737548828,281,8537.030158042908,575488
0.0,97.25,577536,65,0.008890676,2.599779e-07,0.5403772,-0.0045152353,0.10527344,-0.24777352809906006,282,8572.64055943489,577536
0.0,99.9,579584,52,0.007104551,1.3134921e-07,0.5372478,-0.0016680673,0.08911133,-0.12560606002807617,283,8604.036208868027,579584
0.0,101.5,581632,61,0.005944944,1.675374e-05,0.5298184,-0.00018046846,0.07392578,0.0009157657623291016,284,8643.32019686699,581632
0.0,102.41,583680,62,0.0048257206,2.8184786e-06,0.52290267,0.0009832914,0.056005858,-0.9812774658203125,285,8676.576063394547,583680
0.0,103.06,585728,49,0.00534901,4.8729866e-08,0.52263874,0.002091059,0.06577148,0.5592998266220093,286,8709.580387592316,585728
0.0,103.4,587776,59,0.0059916684,3.3088366e-08,0.5322966,0.00033098465,0.0725586,0.7615863978862762,287,8750.987960577011,587776
0.0,103.81,589824,67,0.006170122,1.3559204e-06,0.54995877,-0.0016422521,0.07172851,0.6415841579437256,288,8785.211270570755,589824
0.0,103.73,591872,66,0.0079613635,5.75247e-07,0.5709438,-0.005812443,0.097753905,0.5646029114723206,289,8815.627549409866,591872
0.0,102.97,593920,43,0.0075427503,1.6701908e-07,0.57303154,-0.0071752006,0.09511719,0.4819125533103943,290,8846.50559258461,593920
0.0,102.25,595968,76,0.0058649257,1.00715376e-07,0.56184167,-0.0040439204,0.072460935,0.5579136610031128,291,8893.184779882431,595968
0.0,100.8,598016,51,0.006696786,1.121964e-07,0.54760885,-0.008746998,0.08198242,0.29186320304870605,292,8919.8763422966,598016
0.0,98.11,600064,58,0.007086308,1.57003e-07,0.53256625,-0.004160193,0.09052734,-2.1652188301086426,293,8959.7792532444,600064
0.0,94.24,602112,60,0.0075352415,2.2939341e-07,0.51706636,-0.00241737,0.09296875,0.3865707516670227,294,8994.652588129044,602112
0.0,91.88,604160,53,0.0052087475,2.8844914e-07,0.50910616,-0.0043559317,0.06577148,0.5661089718341827,295,9028.67829322815,604160
0.0,88.48,606208,60,0.0046130074,4.8880673e-07,0.4988216,-0.0012495115,0.05288086,0.06462365388870239,296,9067.070729017258,606208
0.0,86.71,608256,44,0.0041671637,9.49135e-08,0.48600444,-0.0019061568,0.047607422,-1.4573616981506348,297,9101.178406715393,608256
0.0,86.0,610304,54,0.005190869,2.1389246e-07,0.477637,-0.0011549348,0.06196289,-1.823481798171997,298,9147.252552986145,610304
0.0,86.44,612352,48,0.0058962656,1.4003842e-06,0.47296244,-0.004294666,0.06416015,0.05658400058746338,299,9185.03382730484,612352
0.0,87.6,614400,61,0.008766396,1.553173e-05,0.4727283,-0.0069506755,0.09428711,0.6670787930488586,300,9226.930685281754,614400
0.0,88.83,616448,58,0.008999323,1.2162214e-07,0.47677168,-0.0066804416,0.10175781,0.6276785433292389,301,9260.345042943954,616448
0.0,90.22,618496,43,0.007319736,7.6210064e-08,0.50159854,-0.0084918225,0.09208985,0.5042374730110168,302,9295.598809957504,618496
0.0,92.5,620544,48,0.006689922,8.91318e-08,0.51549035,-0.0026135796,0.083300784,0.010016798973083496,303,9343.130393743515,620544
0.0,95.9,622592,49,0.007481166,5.072892e-08,0.49573976,-0.0051153083,0.091992185,-0.7668204307556152,304,9385.019161701202,622592
0.0,98.98,624640,51,0.007853137,5.0295807e-08,0.47122994,-0.007297723,0.097509764,-0.21963727474212646,305,9426.243032693863,624640
0.0,101.22,626688,53,0.009574442,5.2188454e-08,0.46550566,-0.0058076135,0.1234375,-0.01024329662322998,306,9465.904025554657,626688
0.0,103.86,628736,49,0.0069493973,8.1633246e-08,0.4717281,-0.004438159,0.08173828,-0.19159555435180664,307,9504.402267217636,628736
0.0,105.25,630784,65,0.0076263114,1.4947796e-07,0.47531906,-0.0027542815,0.09282227,-0.29549551010131836,308,9546.150874853134,630784
0.0,105.08,632832,72,0.00592105,2.109451e-05,0.47476855,-0.0021698084,0.07348633,-2.030766487121582,309,9577.191941022873,632832
0.0,105.37,634880,56,0.006406079,4.6253398e-08,0.4680686,-0.00035386434,0.07895508,-5.827547550201416,310,9605.481741189957,634880
0.0,105.69,636928,61,0.005754287,2.3737279e-08,0.47081786,-0.001264393,0.07138672,-8.706379890441895,311,9641.65831398964,636928
0.0,106.16,638976,60,0.006345031,2.1802602e-08,0.46746653,-0.002633818,0.07832031,-7.182154655456543,312,9674.83862733841,638976
0.0,107.09,641024,56,0.007907724,2.8611874e-08,0.4566299,-0.0048627905,0.0972168,-11.086934089660645,313,9708.89870762825,641024
0.0,107.92,643072,61,0.006747351,2.6970218e-08,0.46174628,-0.0019778484,0.07851563,-3.752440929412842,314,9745.067787408829,643072
0.0,108.46,645120,57,0.007863249,2.488363e-07,0.46027002,-0.004071763,0.09072266,-3.318051815032959,315,9778.381996393204,645120
0.0,109.49,647168,54,0.006455964,2.2232882e-06,0.45955104,-6.413836e-05,0.08100586,-4.463897705078125,316,9814.298224925995,647168
0.0,110.38,649216,75,0.007198454,1.4022085e-06,0.46008387,-0.0025346242,0.083544925,-3.909933090209961,317,9851.730022907257,649216
0.0,110.66,651264,72,0.0056003323,5.0952785e-08,0.46375775,-0.0016785229,0.064697266,-4.323132514953613,318,9878.992387533188,651264
0.0,110.82,653312,60,0.008712148,5.953431e-08,0.4697249,-0.0021518946,0.1015625,-5.034284591674805,319,9907.21257019043,653312
0.0,110.78,655360,62,0.0073475116,5.002925e-07,0.46758908,-0.0032268367,0.09335937,-3.778738021850586,320,9941.091931343079,655360
0.0,110.5,657408,71,0.004965155,1.6767814e-05,0.46145335,0.0019979107,0.058251955,-1.5030076503753662,321,9974.098085403442,657408
0.0,110.24,659456,63,0.0048439885,1.6285794e-07,0.45576423,-0.0010168907,0.058544923,0.6963680982589722,322,10002.681094169617,659456
0.0,110.19,661504,53,0.006098894,2.0168257e-07,0.46057278,-0.003786595,0.076855466,0.7784495949745178,323,10034.760424375534,661504
0.0,110.82,663552,53,0.0056079365,4.697973e-08,0.4752675,0.0006436659,0.06616211,0.8103687018156052,324,10073.190848827362,663552
0.0,110.57,665600,50,0.0064057843,1.3587687e-07,0.4725767,-0.0046109306,0.07700195,0.5623404681682587,325,10111.60079073906,665600
0.0,110.03,667648,55,0.0095219435,8.045212e-08,0.46974263,-0.008430684,0.114990234,-0.00193023681640625,326,10152.412291049957,667648
0.0,109.12,669696,46,0.007191771,1.778067e-07,0.49118432,-0.004765015,0.087841794,-0.4686664342880249,327,10189.185621261597,669696
0.0,108.53,671744,73,0.008379122,7.916387e-08,0.5030444,-0.005327186,0.10493164,-0.36691510677337646,328,10233.252422094345,671744
0.0,105.54,673792,51,0.0069387504,5.9329277e-08,0.50177664,-0.006739107,0.08803711,-3.681635856628418,329,10261.085350513458,673792
0.0,100.16,675840,38,0.008627152,1.1474034e-07,0.50708497,-0.002437356,0.106738284,-2.6604883670806885,330,10300.861799001694,675840
0.0,97.5,677888,57,0.007565682,2.3967056e-07,0.51324546,-0.0058081364,0.0871582,-0.14041602611541748,331,10354.508352994919,677888
0.0,95.42,679936,53,0.006419102,3.4103618e-07,0.51916754,-0.0039770147,0.07885742,-0.7953988313674927,332,10390.0044734478,679936
0.0,94.99,681984,55,0.006883759,7.934881e-07,0.51666445,-0.0024417075,0.0847168,-1.77571439743042,333,10428.049894809723,681984
0.0,95.39,684032,48,0.009316338,2.41987e-07,0.5069963,-0.0057854746,0.11196289,-2.948254346847534,334,10465.176170825958,684032
0.0,96.18,686080,82,0.0067820265,2.0009052e-06,0.5015955,-0.0030233252,0.08759765,-11.12564754486084,335,10507.250923156738,686080
0.0,94.51,688128,50,0.006445346,9.836571e-06,0.47650638,-0.005553716,0.07744141,-0.48956429958343506,336,10532.108730316162,688128
0.0,92.77,690176,58,0.0061716447,2.1781264e-07,0.4614625,0.0009991665,0.072216794,0.2216739058494568,337,10572.93650174141,690176
0.0,90.2,692224,44,0.0064985566,8.010468e-08,0.45588094,-0.0038380574,0.0796875,0.5052933990955353,338,10607.910796403885,692224
0.0,88.63,694272,42,0.007207093,5.542376e-08,0.44447932,-0.0012619176,0.08300781,0.30936628580093384,339,10653.897446870804,694272
0.0,86.36,696320,49,0.0056948373,3.6404526e-08,0.4307347,-0.003676702,0.06547852,0.49467235803604126,340,10701.756591320038,696320
0.0,83.7,698368,46,0.0071587986,3.0230012e-08,0.406038,-0.0025659492,0.08847656,0.33060622215270996,341,10743.277615070343,698368
0.0,82.76,700416,53,0.0064967363,3.8696033e-08,0.39140305,-0.002934288,0.07451172,-0.5661342144012451,342,10787.413928031921,700416
0.0,82.2,702464,52,0.005759468,1.1690325e-06,0.38428572,-0.00018112623,0.06694336,-1.759965419769287,343,10825.591439723969,702464
0.0,81.84,704512,53,0.004758698,1.0879755e-07,0.3803634,0.0011052046,0.058691405,-3.5871243476867676,344,10864.501732349396,704512
0.0,81.91,706560,45,0.008202362,3.659578e-07,0.39308056,-0.0020964383,0.09897461,-1.058561086654663,345,10902.996702671051,706560
0.0,80.94,708608,46,0.005147909,1.3345867e-07,0.40114576,-0.00045424662,0.060791016,-4.2926411628723145,346,10947.982233285904,708608
0.0,80.36,710656,47,0.0055897795,4.339821e-08,0.39078447,-0.00079033634,0.06367187,-5.325290203094482,347,10992.393288373947,710656
0.0,80.04,712704,48,0.008084948,4.150042e-06,0.38202792,-0.0034280226,0.09833984,-6.493648529052734,348,11035.657833814621,712704
0.0,79.74,714752,43,0.006951922,1.13725505e-07,0.36685887,-0.00024511016,0.07475586,-0.9305393695831299,349,11077.775030612946,714752
0.0,79.91,716800,50,0.005757808,2.8384411e-08,0.3517645,-0.0010463509,0.06987305,0.7065025866031647,350,11124.801632404327,716800
0.0,79.89,718848,41,0.0065035066,3.821986e-08,0.3411761,-0.00061011664,0.08071289,0.6422487795352936,351,11165.581648349762,718848
0.0,79.77,720896,49,0.0069907806,3.6664468e-07,0.3408861,-0.00087293575,0.08632813,0.24405241012573242,352,11215.225132465363,720896
0.0,79.6,722944,44,0.006865333,2.1300225e-07,0.35057837,-0.0011044688,0.07895508,-1.422940969467163,353,11256.255801439285,722944
0.0,79.26,724992,40,0.0063600466,3.890745e-08,0.35886988,-0.003238958,0.080126956,0.4430222511291504,354,11302.112491846085,724992
0.0,78.92,727040,38,0.0055825757,1.5702166e-06,0.3545339,-0.00012996324,0.06557617,0.6681818664073944,355,11353.09474158287,727040
0.0,78.78,729088,41,0.0060506063,1.4783605e-07,0.36524135,-0.00017336536,0.06201172,-2.5723278522491455,356,11405.772152900696,729088
0.0,78.57,731136,50,0.0056876084,2.0617422e-06,0.38902038,-0.0017718695,0.0671875,-10.2884521484375,357,11454.956442594528,731136
0.0,78.45,733184,44,0.0054428186,3.468548e-08,0.39501518,-0.0006299212,0.063085936,-5.74017858505249,358,11495.170271396637,733184
0.0,78.4,735232,41,0.008114989,3.3552674e-08,0.38937312,-0.002878136,0.107226565,-3.659952163696289,359,11541.157178878784,735232
0.0,78.17,737280,43,0.008021632,4.4733233e-07,0.38907045,-0.005607892,0.09580078,-12.27035140991211,360,11589.986095428467,737280
0.0,78.12,739328,40,0.0056151524,9.659141e-07,0.3947333,0.0014743751,0.065820314,-3.2270894050598145,361,11637.606511116028,739328
0.0,78.17,741376,40,0.0075818496,5.926875e-08,0.40935898,-0.002032617,0.08935547,0.48958903551101685,362,11687.731518983841,741376
0.0,78.21,743424,44,0.006923157,5.282046e-07,0.4059971,-0.0031206268,0.07954101,-4.946429252624512,363,11737.72324681282,743424
0.0,78.32,745472,45,0.0068864324,2.844605e-07,0.40289944,-0.0018770713,0.08911133,-2.125993013381958,364,11784.093892097473,745472
0.0,78.37,747520,59,0.0063359127,8.7926776e-07,0.3937469,-0.0031848128,0.076220706,-0.9792494773864746,365,11829.073026418686,747520
0.0,78.23,749568,51,0.0053205183,2.96454e-07,0.38592464,-0.0015479352,0.06430664,-3.1643433570861816,366,11863.234365940094,749568
0.0,78.12,751616,46,0.0066047,4.2021443e-07,0.38850528,-0.0027232564,0.08461914,-0.8076770305633545,367,11902.882123470306,751616
0.0,77.98,753664,41,0.0065327757,2.8321635e-06,0.39445528,-0.0024224906,0.07875977,-19.870994567871094,368,11947.242844343185,753664
0.0,77.78,755712,45,0.0059173643,1.0190528e-07,0.39770672,-0.0020390688,0.070410155,-5.162797927856445,369,11996.919143676758,755712
0.0,77.69,757760,43,0.0067542223,1.6164043e-07,0.3883736,-0.0026146837,0.08461914,-4.4928460121154785,370,12042.305952310562,757760
0.0,77.39,759808,43,0.0053309295,1.2128215e-06,0.3736063,8.928428e-05,0.06416015,-1.1007707118988037,371,12089.032469511032,759808
0.0,77.23,761856,44,0.006907036,2.328193e-06,0.36668006,-0.0019579628,0.0796875,0.7360811233520508,372,12135.97874546051,761856
0.0,77.25,763904,42,0.00782352,4.5177124e-08,0.3556905,-0.0045199557,0.091357425,0.6956998407840729,373,12181.498498678207,763904
0.0,77.26,765952,41,0.006044659,1.3924888e-08,0.33899903,-0.0029938982,0.07324219,-0.7787778377532959,374,12229.936506032944,765952
0.0,77.33,768000,48,0.0054312996,1.3622602e-08,0.31762707,-0.0026013763,0.06713867,-3.5724315643310547,375,12279.291917324066,768000
0.0,77.45,770048,48,0.0055656186,3.2238624e-08,0.30589533,2.2382942e-06,0.06459961,-1.8098804950714111,376,12321.467696666718,770048
0.0,77.4,772096,40,0.007407247,2.441306e-08,0.3168919,-0.0024203653,0.088574216,-1.4077427387237549,377,12364.075312376022,772096
0.0,77.51,774144,43,0.007001528,4.7230255e-08,0.3331887,-0.0004226325,0.080029294,-4.096929550170898,378,12414.959459781647,774144
0.0,77.7,776192,51,0.00612283,3.4140298e-06,0.3487474,-0.0017973076,0.07133789,-2.7417967319488525,379,12461.777628660202,776192
0.0,77.78,778240,45,0.0045578685,2.926222e-06,0.36067745,0.001283589,0.050927736,-1.5572524070739746,380,12501.85906624794,778240
0.0,78.04,780288,40,0.005234781,2.6527965e-07,0.36715811,-0.0017163893,0.06337891,-1.637578010559082,381,12546.478041410446,780288
0.0,78.36,782336,40,0.007955363,1.7074176e-07,0.37124515,-0.0017882695,0.0887207,-0.6007860898971558,382,12596.49681520462,782336
0.0,78.44,784384,46,0.005035828,1.11615805e-07,0.35896006,0.00038743368,0.058789063,-0.09844505786895752,383,12647.510540246964,784384
0.0,78.55,786432,42,0.005576675,4.859289e-06,0.34651518,-0.00036180828,0.067675784,0.126176655292511,384,12691.626470327377,786432
0.0,78.74,788480,50,0.006153154,1.9039132e-07,0.33516175,-0.0021280008,0.0730957,-1.8111507892608643,385,12739.599915504456,788480
0.0,78.78,790528,40,0.0062929466,1.820074e-08,0.329073,-8.665787e-05,0.07954101,-1.4280204772949219,386,12780.268129110336,790528
0.0,78.96,792576,45,0.005296109,3.7959857e-08,0.33292314,0.00132016,0.06269531,0.029319941997528076,387,12830.450248718262,792576
0.0,79.11,794624,42,0.0066459263,4.985833e-08,0.33598232,-0.0016310469,0.080566406,0.4407109022140503,388,12875.023889780045,794624
0.0,79.1,796672,48,0.0073174215,1.3415365e-08,0.3422625,0.00038405857,0.08457031,-0.003147721290588379,389,12923.18288397789,796672
0.0,79.11,798720,56,0.008377502,5.270848e-08,0.33582515,-0.0012551005,0.10639648,-7.472119331359863,390,12965.269394159317,798720
0.0,78.97,800768,46,0.005575611,6.629586e-08,0.33363035,-0.0010286908,0.06015625,-4.478382110595703,391,13001.832015275955,800768
0.0,78.77,802816,44,0.006455495,1.7480179e-06,0.3264947,-0.0057903533,0.07895508,-0.7714333534240723,392,13045.651318073273,802816
0.0,78.7,804864,45,0.010668179,3.1645705e-08,0.3203754,-0.005971371,0.118945315,0.7018924355506897,393,13091.461164951324,804864
0.0,78.64,806912,42,0.0063847015,5.021083e-07,0.3148597,-0.0006427571,0.07949219,0.6226077973842621,394,13136.766626119614,806912
0.0,78.65,808960,41,0.006258238,6.8206305e-08,0.30819505,-0.0009198116,0.067675784,-0.7983599901199341,395,13185.317046165466,808960
0.0,78.6,811008,43,0.005224505,8.8965544e-07,0.31801236,-0.0010865679,0.06357422,0.34853672981262207,396,13235.206830739975,811008
0.0,78.6,813056,50,0.0061692344,1.1195267e-06,0.32604572,-0.002323466,0.07348633,-2.740037202835083,397,13282.180374860764,813056
0.0,78.7,815104,41,0.0071340455,5.3418665e-07,0.31137374,-0.0019266388,0.075683594,0.31020647287368774,398,13322.682736158371,815104
0.0,78.87,817152,44,0.0049563246,3.7471857e-08,0.2994747,-0.0003561731,0.053613283,-2.9566879272460938,399,13372.337923288345,817152
0.0,79.11,819200,40,0.0076877847,2.7147612e-08,0.31003216,-0.00090292154,0.097509764,-1.2832229137420654,400,13417.968379735947,819200
0.0,79.2,821248,45,0.0069699846,6.2471336e-06,0.32671314,-0.0030164246,0.09052734,-0.06362605094909668,401,13468.850395441055,821248
0.0,79.24,823296,47,0.0056486214,1.714385e-08,0.32681075,-0.0023155527,0.06689453,-2.20015549659729,402,13514.112409830093,823296
0.0,79.09,825344,48,0.0052001253,1.1345166e-08,0.315194,-0.0002496738,0.06484375,-1.413257360458374,403,13557.177953243256,825344
0.0,79.02,827392,43,0.0055418783,3.9700453e-08,0.30984145,0.00015109249,0.06728516,-0.8591498136520386,404,13599.245537042618,827392
0.0,78.85,829440,41,0.0062268088,1.177436e-08,0.30982423,-0.0027115154,0.07416992,-1.961449384689331,405,13646.710172176361,829440
0.0,78.68,831488,42,0.0069440603,2.5885061e-08,0.31649765,-0.0030645605,0.08046875,-9.17393684387207,406,13696.094083309174,831488
0.0,78.38,833536,40,0.0053955065,8.561137e-08,0.31111392,0.0009399851,0.0637207,-15.753467559814453,407,13744.190402507782,833536
0.0,78.21,835584,41,0.006515077,1.9098713e-06,0.31156385,-0.0036673776,0.08613281,-3.7476439476013184,408,13794.999547719955,835584
0.0,78.27,837632,50,0.0064349025,8.200161e-08,0.31482103,-0.00039262866,0.08164062,-0.14181840419769287,409,13843.78936457634,837632
0.0,78.61,839680,48,0.005622241,4.0972843e-08,0.32298365,-0.0005852891,0.06723633,-1.831902265548706,410,13884.334605455399,839680
0.0,79.3,841728,45,0.0059053535,1.066069e-05,0.32331383,-0.0011834658,0.069970705,-4.313929080963135,411,13926.390667200089,841728
0.0,79.78,843776,49,0.0052314634,2.761104e-08,0.32315284,-0.0023419275,0.066064455,-2.2862226963043213,412,13971.437326192856,843776
0.0,80.06,845824,46,0.0064540193,1.2083089e-08,0.31576586,-0.0030686157,0.0746582,-0.12102758884429932,413,14012.44419002533,845824
0.0,80.02,847872,46,0.008182361,1.0494114e-08,0.30026168,-0.004907932,0.103710935,-0.6707768440246582,414,14056.66880607605,847872
0.0,79.92,849920,45,0.006090947,1.3355991e-08,0.2920325,-0.0023651558,0.07382812,-2.086761951446533,415,14100.631160974503,849920
0.0,80.28,851968,51,0.007944325,1.1929357e-06,0.28100047,-0.0058193207,0.08505859,-0.21129190921783447,416,14145.462229013443,851968
0.0,80.75,854016,53,0.006622175,1.3164545e-07,0.27658945,-0.0063139116,0.08461914,0.24892640113830566,417,14185.184474468231,854016
0.0,81.24,856064,45,0.009213885,5.79676e-08,0.28750962,-0.0060846214,0.115917966,0.35091668367385864,418,14223.594450235367,856064
0.0,83.45,858112,48,0.006364898,8.241157e-08,0.30132285,-0.0037092164,0.07319336,-0.09789538383483887,419,14268.950240850449,858112
0.0,85.35,860160,58,0.0077239387,5.5388614e-07,0.30263215,-0.003080537,0.095214844,-0.17956066131591797,420,14311.438833713531,860160
0.0,88.17,862208,60,0.00797833,2.3642869e-07,0.3115279,-0.0025309853,0.10473633,-1.3385095596313477,421,14346.507890701294,862208
0.0,90.81,864256,54,0.0068421317,1.9465156e-07,0.31223956,-0.0056271194,0.08598633,0.5886699855327606,422,14380.429528713226,864256
0.0,92.44,866304,59,0.006533099,8.9818265e-08,0.31695876,-0.0059597148,0.08120117,0.5167307257652283,423,14418.141436100006,866304
0.0,91.54,868352,48,0.0077435747,6.389427e-06,0.3141869,-0.005738241,0.09458008,0.03572654724121094,424,14452.819188117981,868352
0.0,89.95,870400,48,0.0071477843,2.3867418e-08,0.30708367,-0.0044867215,0.09541015,-0.16268575191497803,425,14495.450984477997,870400
0.0,87.71,872448,48,0.008160964,1.9628908e-08,0.2920013,-0.0072483122,0.10439453,-2.038282632827759,426,14537.334029912949,872448
0.0,85.01,874496,41,0.006382961,1.6383435e-08,0.27003124,-0.00173201,0.076220706,-2.895273447036743,427,14579.269093513489,874496
0.0,83.1,876544,45,0.0049679745,3.244002e-08,0.26770103,-0.00019197598,0.060791016,-2.856126308441162,428,14628.927597761154,876544
0.0,82.74,878592,59,0.0065446286,2.3179664e-08,0.26777455,-0.005298292,0.07265625,0.491178035736084,429,14674.017232656479,878592
0.0,83.38,880640,53,0.008755659,2.4602537e-08,0.26051742,-0.006269944,0.10771485,0.26274245977401733,430,14708.720817804337,880640
0.0,84.75,882688,45,0.0115924515,3.3921964e-07,0.25767976,-0.011691299,0.14580078,0.4098949432373047,431,14746.722687005997,882688
0.0,87.1,884736,51,0.0070730336,4.0039755e-08,0.2472585,-0.0033180327,0.08344726,0.4153338670730591,432,14791.821806430817,884736
0.0,88.9,886784,47,0.009094949,8.0785995e-08,0.22625084,-0.005583169,0.109472655,0.35386908054351807,433,14831.247583150864,886784
0.0,90.43,888832,48,0.008851942,8.4591954e-07,0.21642005,-0.0054074447,0.10576172,-0.5512032508850098,434,14874.692966222763,888832
0.0,91.93,890880,46,0.006038611,8.517612e-08,0.22508654,-0.0033280342,0.076855466,0.1658412218093872,435,14916.99643087387,890880
0.0,92.56,892928,44,0.0072594807,4.237161e-08,0.23134477,-0.009395147,0.0902832,0.5713299810886383,436,14961.191402196884,892928
0.0,93.52,894976,54,0.009396017,5.5958566e-07,0.23583782,-0.008639495,0.1159668,0.5653077363967896,437,15006.860223770142,894976
0.0,93.15,897024,48,0.0063988874,2.6511967e-07,0.2447433,-0.0030821569,0.08276367,0.6582217514514923,438,15044.699313640594,897024
0.0,91.38,899072,47,0.005261023,2.2073743e-06,0.23399194,-0.001061369,0.061035156,0.5422085523605347,439,15086.83917093277,899072
0.0,88.3,901120,45,0.0060947523,8.500514e-07,0.2358073,-0.0011987642,0.072509766,0.24338608980178833,440,15130.026790618896,901120
0.0,86.04,903168,59,0.0075176135,8.37876e-08,0.2272915,-0.0040406664,0.09267578,0.6051532328128815,441,15174.98979139328,903168
0.0,84.56,905216,43,0.00880286,7.9069345e-08,0.1959414,-0.0070930407,0.10541992,0.442573606967926,442,15209.566815376282,905216
0.0,82.84,907264,47,0.007425312,7.104605e-08,0.18920209,-0.0014912337,0.08979492,0.6454281806945801,443,15256.56213259697,907264
0.0,82.71,909312,53,0.006412069,2.869388e-07,0.18278451,-0.002270755,0.076855466,-2.3820087909698486,444,15299.961193084717,909312
0.0,81.64,911360,42,0.0058095558,1.0265751e-06,0.17020124,-5.2909287e-05,0.06821289,-1.759605884552002,445,15338.050946950912,911360
0.0,80.84,913408,44,0.009299344,3.610759e-07,0.17921449,-0.00482272,0.10390625,-0.02016627788543701,446,15386.747272729874,913408
0.0,81.35,915456,46,0.011518347,1.0188442e-06,0.1747136,-0.007616423,0.12294922,-0.24468564987182617,447,15433.093682050705,915456
0.0,81.75,917504,47,0.007447251,5.4010854e-07,0.18094975,-0.0006927222,0.08779297,-3.820756435394287,448,15477.251814842224,917504
0.0,81.99,919552,43,0.0063791475,1.1888909e-06,0.18574116,-0.0011587613,0.077539064,0.21344023942947388,449,15520.521277427673,919552
0.0,82.41,921600,50,0.008130261,1.9713302e-06,0.17522006,-0.0024954632,0.09003906,0.7613841444253922,450,15567.317008972168,921600
0.0,82.45,923648,54,0.005945047,4.2736424e-08,0.17131127,0.0003954364,0.069726564,0.7634434103965759,451,15607.756566286087,923648
0.0,82.56,925696,46,0.006048441,2.8530712e-08,0.16546896,-9.5776886e-05,0.07460938,0.41621047258377075,452,15645.114801645279,925696
0.0,82.35,927744,48,0.0071180775,1.2251834e-08,0.17312667,-0.0030206537,0.08696289,0.397006630897522,453,15689.17360830307,927744
0.0,81.87,929792,49,0.008765227,1.5269025e-08,0.18805768,-0.004725509,0.10883789,-0.08431077003479004,454,15731.576115131378,929792
0.0,80.69,931840,46,0.0074569383,4.459533e-08,0.18039241,-0.0032401395,0.09101562,-0.4398024082183838,455,15773.091470956802,931840
0.0,79.74,933888,45,0.0070814556,1.3221428e-07,0.1644768,-0.001504361,0.08676758,-0.44034433364868164,456,15816.67656135559,933888
0.0,79.34,935936,44,0.008336065,8.47943e-07,0.15605931,-0.0030962978,0.103027344,0.4861389398574829,457,15861.722220659256,935936
0.0,79.3,937984,42,0.007856926,3.9289972e-08,0.15532184,-0.0026332936,0.09536133,-0.1278095245361328,458,15907.337747573853,937984
0.0,80.16,940032,54,0.00534265,4.2349193e-06,0.15384153,-0.0016585037,0.061425783,0.2737421989440918,459,15955.750545501709,940032
0.0,80.58,942080,45,0.0073438613,2.5242167e-08,0.14044146,-0.0008509608,0.07768555,-5.901322364807129,460,15993.537477731705,942080
0.0,80.73,944128,44,0.006337044,1.4739103e-08,0.11901518,-0.0020545665,0.07421875,0.22503823041915894,461,16038.841753721237,944128
0.0,80.49,946176,40,0.008628468,1.2087101e-08,0.10974787,-0.0033905418,0.10869141,0.5655059218406677,462,16084.403428316116,946176
0.0,79.86,948224,42,0.008895814,6.0251784e-07,0.11993034,-0.001348619,0.09785156,0.37276095151901245,463,16135.369408130646,948224
0.0,79.25,950272,42,0.0061358023,2.8962358e-08,0.11994721,0.0007982986,0.06772461,0.18943744897842407,464,16183.557455778122,950272
0.0,79.04,952320,41,0.0071247257,4.533921e-08,0.111132085,-0.0012351819,0.09052734,-0.5497219562530518,465,16232.098053693771,952320
0.0,78.94,954368,46,0.008477281,7.9001575e-06,0.11094322,-0.0022938654,0.095263675,-3.1031551361083984,466,16281.907882452011,954368
0.0,78.78,956416,44,0.006913262,7.990557e-09,0.11542485,0.00016240396,0.088330075,0.07131046056747437,467,16326.048224687576,956416
0.0,78.89,958464,57,0.006632153,7.503024e-09,0.11327282,-0.0023696474,0.0831543,-0.23177862167358398,468,16372.13969707489,958464
0.0,78.75,960512,44,0.009298695,8.189924e-09,0.114932835,-0.0048289564,0.11738281,-1.8061728477478027,469,16407.53703904152,960512
0.0,78.65,962560,49,0.005766404,7.759151e-09,0.11472664,-0.00016745702,0.07216797,-8.750268936157227,470,16453.096469163895,962560
0.0,78.74,964608,43,0.008281954,8.1794855e-09,0.11275791,-0.0010013992,0.10205078,-9.957148551940918,471,16494.768715143204,964608
0.0,78.65,966656,40,0.006118716,2.0477504e-08,0.11083676,-0.0017845317,0.07338867,-14.270841598510742,472,16541.77368760109,966656
0.0,78.59,968704,36,0.0059283124,2.3559966e-08,0.107778475,0.000120492616,0.070898436,-7.145438194274902,473,16591.764258623123,968704
0.0,78.7,970752,54,0.0075982222,1.315968e-08,0.097156435,-0.003082639,0.08637695,-3.42909574508667,474,16648.404643535614,970752
0.0,78.67,972800,42,0.0072496273,4.7101857e-08,0.07884431,0.00012379147,0.08383789,-3.3093104362487793,475,16685.803626060486,972800
0.0,78.75,974848,55,0.006851034,6.3969367e-07,0.065380946,-0.0017176389,0.07929687,-0.6121208667755127,476,16733.811125278473,974848
0.0,78.99,976896,42,0.0075797914,1.3790957e-08,0.071706936,-0.00082226016,0.09736328,-4.357653617858887,477,16770.780349493027,976896
0.0,79.17,978944,48,0.006642174,4.0063085e-08,0.07324804,-0.00019325176,0.08095703,-1.819638729095459,478,16818.51381111145,978944
0.0,79.74,980992,42,0.005466152,4.360509e-06,0.06641346,0.00025388115,0.066992186,-2.1627519130706787,479,16860.773635864258,980992
0.0,79.82,983040,50,0.006872593,1.07067315e-08,0.060372256,-0.0013779677,0.08759765,-1.9110808372497559,480,16908.896778345108,983040
0.0,80.39,985088,46,0.005552762,9.005567e-09,0.047811914,-0.00015633692,0.062158205,-2.337038278579712,481,16949.682611703873,985088
0.0,80.75,987136,52,0.009600118,2.8987353e-08,0.04363463,-0.0060022576,0.11171875,-1.748058795928955,482,16993.60461616516,987136
0.0,80.75,989184,52,0.0072726784,1.383423e-06,0.05119393,-0.001119218,0.08286133,-5.391180038452148,483,17032.599499464035,989184
0.0,81.64,991232,43,0.005787797,1.9108646e-07,0.06504945,4.2661453e-05,0.07006836,-0.09399199485778809,484,17071.48543047905,991232
0.0,81.31,993280,47,0.0065036253,1.2861232e-06,0.06234535,0.0005949248,0.065820314,0.5367441177368164,485,17118.564462661743,993280
0.0,80.79,995328,40,0.007909411,3.8566544e-08,0.054108012,-0.0023261537,0.100097656,-3.060819625854492,486,17161.419879198074,995328
0.0,81.06,997376,53,0.00602875,1.1972489e-08,0.04696239,-0.0017550543,0.07304688,-1.8656761646270752,487,17211.990164995193,997376
0.0,81.01,999424,49,0.0069909794,2.4364326e-08,0.033072416,-0.0025866642,0.08852539,-0.9984478950500488,488,17249.95661330223,999424
