policy_loss,total_timesteps,n_updates,serial_timesteps,explained_variance,fps,ep_reward_mean,clipfrac,policy_entropy,value_loss,approxkl,ep_len_mean,time_elapsed
-0.0026062645,2048,1,2048,-0.013024568557739258,273,1532.554909,0.025292968,1.421313,88.43265,0.0027305835,1905.0,1.1920928955078125e-05
-0.0011667418,4096,2,4096,-0.041027188301086426,248,1007.1748019999999,0.0125488285,1.4283488,73.02281,0.0015511544,1328.6666666666667,7.499542474746704
-0.0012533311,6144,3,6144,-0.08629977703094482,160,467.47715924999994,0.011132812,1.4265544,42.128857,0.0020254033,675.0,15.730533361434937
-0.0019446623,8192,4,8192,-0.07621502876281738,84,288.8793083333333,0.017822266,1.4201531,33.541943,0.0022278288,450.8333333333333,28.48997926712036
-0.0021082375,10240,5,10240,-0.14120566844940186,114,218.75494007142856,0.01430664,1.4154041,27.450779,0.0017344372,361.67857142857144,52.66567397117615
-0.0022659262,12288,6,12288,-0.07168459892272949,124,200.19308777777778,0.01953125,1.4066569,34.678413,0.0023630718,339.0,70.59167957305908
-0.0031299896,14336,7,14336,-0.14122748374938965,113,182.41318133333334,0.025976563,1.4040897,30.03834,0.0026674403,316.5111111111111,86.99401807785034
-0.0020595547,16384,8,16384,-0.1973665952682495,109,170.50846442592592,0.011376953,1.3964453,30.188297,0.0016795881,300.5740740740741,105.08746767044067
-0.0024479753,18432,9,18432,-0.1685779094696045,142,172.18646116666665,0.02451172,1.3890059,38.06402,0.0027092893,304.4166666666667,123.84330987930298
-0.002425762,20480,10,20480,-0.0926675796508789,96,167.99671355882353,0.031542968,1.3818932,32.501804,0.0029763044,299.2352941176471,138.21137142181396
-0.0006449575,22528,11,22528,-0.1442575454711914,109,157.30165117721523,0.006201172,1.3758574,22.92468,0.0010732295,284.36708860759495,159.50846672058105
-0.0031434733,24576,12,24576,-0.1425487995147705,121,156.836860372093,0.02709961,1.3751628,30.49242,0.002676021,284.7906976744186,178.28780579566956
-0.0023825672,26624,13,26624,-0.12240850925445557,141,155.28092703225806,0.01118164,1.3746173,28.785788,0.0017451243,283.16129032258067,195.1463258266449
-0.0013948275,28672,14,28672,0.030830800533294678,112,142.08962611,0.016992187,1.3775125,33.785805,0.0019994453,267.46,209.65192532539368
-0.0017787336,30720,15,30720,-0.015894055366516113,131,124.25550557999999,0.03955078,1.3731055,25.53381,0.0037437254,243.11,227.87600421905518
-0.0027363433,32768,16,32768,-0.04076993465423584,339,124.27825527,0.038476564,1.3670278,81.00609,0.003622181,242.98,243.4093999862671
-0.003229563,34816,17,34816,-0.0018385648727416992,259,140.94067188,0.03769531,1.3714831,75.69252,0.0035874997,261.58,249.44278192520142
-0.0051624314,36864,18,36864,0.018597841262817383,176,162.5655736,0.055615235,1.385238,43.933765,0.004357818,287.21,257.3417921066284
-0.0032001045,38912,19,38912,-0.18343937397003174,301,179.20559869000002,0.046923827,1.3951151,79.17173,0.0040875985,305.53,268.91948318481445
-0.0030023598,40960,20,40960,-0.10201847553253174,217,185.64374389999998,0.036572266,1.3925172,54.32065,0.00344381,314.81,275.71676087379456
-0.0024047466,43008,21,43008,0.05207622051239014,379,202.23208173999996,0.029492188,1.405999,74.60512,0.0027781979,333.49,285.1540529727936
-0.0031053436,45056,22,45056,-0.1297246217727661,271,220.62616004,0.03803711,1.4192355,61.054554,0.0033946238,354.74,290.54648089408875
-0.0013830059,47104,23,47104,-0.08004188537597656,252,225.27707246999995,0.02241211,1.4182584,71.58324,0.00265154,360.23,298.0900092124939
-0.001632435,49152,24,49152,-0.14714622497558594,325,241.68880436999996,0.022998046,1.4189761,71.955,0.002423487,378.36,306.2090184688568
-0.0016070803,51200,25,51200,0.062016189098358154,247,258.42964295999997,0.023486327,1.4232877,72.57395,0.0026904722,396.76,312.50402212142944
-0.0037607034,53248,26,53248,-0.1971299648284912,280,276.46141672,0.05024414,1.418544,54.436554,0.004700777,417.09,320.78685903549194
-0.0019583057,55296,27,55296,-0.21695804595947266,313,292.56628168000003,0.014746094,1.4223311,64.508064,0.0017356286,435.57,328.09872698783875
-0.0033604852,57344,28,57344,-0.1109917163848877,306,308.84770154,0.03881836,1.4216977,64.69971,0.003990096,454.01,334.63556456565857
-0.0008473553,59392,29,59392,-0.049254536628723145,380,325.30552411,0.011132812,1.4130515,63.349586,0.0015764323,472.6,341.31698274612427
-0.0044384403,61440,30,61440,-0.06905019283294678,365,337.75935018,0.04350586,1.4304651,62.203102,0.0037380916,485.66,346.6988437175751
-0.0031290848,63488,31,63488,-0.0040585994720458984,123,356.8936836100001,0.018554688,1.443115,28.555954,0.0019547804,509.12,352.3070442676544
-0.00038662585,65536,32,65536,0.12574481964111328,153,359.98481014,0.0032714843,1.4406383,19.333225,0.00078660157,513.71,368.8451044559479
-0.0015345783,67584,33,67584,0.0010781288146972656,249,374.8801482999999,0.033154298,1.442991,55.450966,0.0031968858,530.51,382.18507742881775
-0.001720934,69632,34,69632,0.18384432792663574,109,377.42009549,0.0060546873,1.4491141,15.765005,0.0009094473,534.92,390.3880681991577
-0.00449532,71680,35,71680,0.20790696144104004,92,374.50739605999996,0.046582032,1.4474115,15.443906,0.0040684585,531.02,409.0097060203552
-0.0037380778,73728,36,73728,0.24170589447021484,141,377.1355555799999,0.01669922,1.4480093,17.9679,0.0022005932,535.63,431.03836846351624
-0.0014701685,75776,37,75776,0.04555916786193848,302,393.15470651,0.042675782,1.4394276,54.489754,0.0038369764,554.28,445.49523305892944
-0.00060716993,77824,38,77824,0.12141662836074829,227,395.5786306199999,0.04086914,1.4305637,42.425385,0.0036867731,558.09,452.26833152770996
-0.0024913552,79872,39,79872,0.0974084734916687,386,412.04994541,0.031298827,1.4270775,52.59847,0.0030869415,576.42,461.2887749671936
-0.002524693,81920,40,81920,0.0977097749710083,146,430.29230606,0.019873047,1.4266609,29.413769,0.0018978463,598.85,466.58983302116394
-0.0014198432,83968,41,83968,-0.022655367851257324,252,445.86811653000007,0.025439452,1.429008,53.042816,0.0024829658,617.41,480.5473840236664
-0.0030684576,86016,42,86016,0.006971597671508789,360,462.59791726,0.031152343,1.4375117,57.698383,0.0030738642,636.11,488.65747022628784
-0.0017283626,88064,43,88064,0.029923439025878906,363,479.5689276899999,0.02241211,1.4394615,58.053997,0.0024523,654.81,494.3327670097351
-0.0016675268,90112,44,90112,0.0807955265045166,255,496.2720666799999,0.037744142,1.4565378,56.470917,0.00318636,673.36,499.96386981010437
-0.0046411636,92160,45,92160,0.09171545505523682,197,511.72645405000003,0.03237305,1.4729393,46.610813,0.0031205285,691.56,507.9696924686432
-0.0012787844,94208,46,94208,0.058280229568481445,279,527.2293797,0.026708985,1.476973,46.279278,0.0026542237,710.13,518.3558766841888
-0.00279661,96256,47,96256,0.04077845811843872,341,540.45123331,0.046679687,1.4806715,51.284615,0.003791834,724.39,525.6810450553894
-0.003081594,98304,48,98304,0.002122938632965088,253,557.13413469,0.029248048,1.4848483,54.547657,0.0029443654,742.86,531.6785151958466
-0.0008111947,100352,49,100352,0.024904370307922363,289,572.4805775199999,0.02451172,1.4863218,54.82843,0.0023990548,759.32,539.7730047702789
-0.0040104906,102400,50,102400,0.0121917724609375,362,589.55564975,0.041552734,1.506556,56.25939,0.003644891,777.99,546.8454282283783
-0.0029560633,104448,51,104448,0.010654330253601074,277,606.5508272200001,0.047021486,1.5328516,54.90139,0.003969743,796.72,552.5011088848114
-0.003985909,106496,52,106496,0.007318019866943359,273,624.2303701,0.027392577,1.5434487,60.773804,0.0027941247,815.39,559.8764431476593
-0.0036069409,108544,53,108544,-0.013990044593811035,392,622.67312254,0.036816407,1.5543655,57.725105,0.003258417,812.77,567.3626368045807
-0.0045308033,110592,54,110592,0.0017493367195129395,311,640.35185599,0.04111328,1.5611771,58.854656,0.0039396156,831.36,572.5795125961304
-0.0036048137,112640,55,112640,0.006188750267028809,305,658.12990139,0.025146484,1.5512884,56.273376,0.0029111851,850.0,579.1541693210602
-0.001917427,114688,56,114688,0.0033262968063354492,328,673.63058224,0.01953125,1.5489411,53.117165,0.0022179645,865.7,585.8675181865692
-0.004118939,116736,57,116736,0.003929197788238525,191,690.6480435899998,0.05581055,1.563216,36.371204,0.004796844,884.52,592.0980367660522
-0.0014431812,118784,58,118784,0.059670209884643555,180,706.45312753,0.030908203,1.5754329,35.021347,0.003054413,901.9,602.8010396957397
-0.0048540877,120832,59,120832,0.007586956024169922,282,723.68045613,0.04741211,1.5685588,53.28188,0.0043970696,920.63,614.1706130504608
-0.0025069576,122880,60,122880,-0.008390665054321289,249,740.82217118,0.025,1.5706412,52.364685,0.0026836207,939.28,621.4130847454071
-0.00736043,124928,61,124928,0.07760602235794067,89,699.53207262,0.043701172,1.5886832,19.267157,0.0034525034,889.92,629.6164360046387
-0.0029969027,126976,62,126976,0.2330145239830017,87,583.6255943599999,0.029199218,1.6024615,16.598013,0.0029104054,756.79,652.5330991744995
-0.004461744,129024,63,129024,0.32197433710098267,88,496.97832667,0.040966798,1.6123524,15.702148,0.0035905354,654.84,675.900957107544
-0.0021166694,131072,64,131072,0.4504721164703369,96,472.86941771,0.02236328,1.6285789,13.8814335,0.0019374005,623.36,699.0820739269257
-0.001427641,133120,65,133120,0.5142904222011566,95,466.42278485,0.013330078,1.6379435,12.822881,0.0018832296,612.72,720.3816933631897
-0.0029546283,135168,66,135168,0.2572384476661682,173,460.11550423,0.04243164,1.6386249,36.124573,0.0039339447,602.13,741.9054439067841
-0.0029943339,137216,67,137216,0.36885958909988403,116,422.98548595,0.025341798,1.6325407,27.284262,0.003146282,555.42,753.6804988384247
-0.0016714148,139264,68,139264,0.553804874420166,141,313.95342869,0.012353515,1.6216633,13.369263,0.0018590018,431.02,771.2457067966461
-0.0040134974,141312,69,141312,0.6604669690132141,133,158.12365585999999,0.033447266,1.6253535,10.760615,0.0032178443,261.59,785.770423412323
-0.0032786434,143360,70,143360,0.7043537199497223,91,104.51366214,0.013671875,1.6370175,9.741588,0.0016846731,201.88,801.1195383071899
-0.0014761897,145408,71,145408,0.7605168521404266,100,106.81177729,0.013818359,1.6478516,7.875373,0.0017375026,205.58,823.6009488105774
-0.0016741134,147456,72,147456,0.3095307946205139,357,107.03834909,0.02841797,1.660147,44.026077,0.002837517,205.77,843.8893127441406
-0.00204855,149504,73,149504,0.4289550185203552,173,124.05677875999999,0.0108886715,1.6653786,27.018616,0.0012770627,225.11,849.6206471920013
-0.0023954697,151552,74,151552,-0.07703900337219238,258,141.29688267,0.031445313,1.6662848,49.64924,0.0031608078,244.12,861.3995540142059
-0.0020848785,153600,75,153600,0.3935118317604065,141,159.12781891999998,0.009863282,1.6664566,31.947077,0.0014292705,262.63,869.3134806156158
-0.0022054897,155648,76,155648,0.42478734254837036,197,176.81114723,0.016308594,1.6777165,46.691963,0.001978253,281.89,883.790664434433
-0.0022128555,157696,77,157696,0.6033645570278168,189,176.98489067000003,0.025634766,1.6930075,31.89791,0.0026470195,281.96,894.1599493026733
-0.0053464426,159744,78,159744,0.08033132553100586,321,194.61869138000003,0.035888672,1.6994776,49.57522,0.00313272,300.75,904.9720346927643
-0.0017301899,161792,79,161792,0.6633274555206299,104,212.08022516000005,0.030371094,1.7112583,23.034966,0.002999199,319.3,911.3472318649292
-0.0021367571,163840,80,163840,0.8310175538063049,102,213.29723447,0.021435548,1.7086074,6.5547113,0.0025021085,320.54,931.0108137130737
-0.005307145,165888,81,165888,0.4470135569572449,276,213.31742392999996,0.032421876,1.708016,43.2025,0.0032640423,320.44,951.0069360733032
-0.005288246,167936,82,167936,0.8373201638460159,85,213.14233342,0.038378906,1.7138298,6.867421,0.0036057618,320.12,958.4099206924438
-0.003189768,169984,83,169984,0.8681992441415787,94,212.28887348999993,0.033691406,1.7198254,5.4987316,0.0032595904,318.79,982.3431961536407
-0.00242647,172032,84,172032,0.8510646522045135,127,210.61732198999994,0.021728516,1.7197748,6.0506735,0.0024685634,316.14,1003.9543817043304
-0.0046970043,174080,85,174080,0.23012769222259521,223,227.41159841999996,0.05722656,1.7148727,41.108627,0.0046392055,335.21,1020.0394549369812
-0.0033858486,176128,86,176128,0.5315084159374237,231,243.97499266999995,0.025439452,1.7262882,43.929283,0.0025637317,353.7,1029.207130432129
-0.007652721,178176,87,178176,0.0739583969116211,356,260.68626809999995,0.090429686,1.7285099,41.76835,0.0070199883,372.36,1038.068095445633
-0.004080246,180224,88,180224,0.4606779217720032,276,275.66875631999994,0.03701172,1.7151709,42.120853,0.0033297546,388.63,1043.8061773777008
-0.0029997355,182272,89,182272,0.9561398923397064,74,273.5929893,0.032177735,1.7084478,2.292128,0.003061467,385.13,1051.2126834392548
-0.0026830656,184320,90,184320,0.9624863900244236,75,253.74608003,0.0328125,1.7053192,2.214572,0.0030927467,360.67,1078.6211013793945
-0.0038966998,186368,91,186368,0.5608714818954468,278,236.72679782,0.020654297,1.7062601,38.06482,0.0022736278,341.6,1105.8915333747864
-0.002837578,188416,92,188416,0.9032956585288048,93,217.45783886,0.014453125,1.7018993,7.0072794,0.0016295982,320.76,1113.2457931041718
-0.0030496134,190464,93,190464,0.9625189118087292,70,180.43570706000003,0.025976563,1.7026714,2.7889445,0.0025071271,279.57,1135.0572173595428
-0.005282783,192512,94,192512,0.9753979332745075,87,160.93304829,0.054296874,1.7115675,1.809733,0.0045209914,256.46,1164.207983970642
-0.0046592457,194560,95,194560,0.9225963354110718,91,160.34805550000002,0.05253906,1.7124316,4.9234314,0.0043087746,254.68,1187.6829192638397
-0.0028746596,196608,96,196608,0.7019146680831909,112,170.23534929999997,0.016162109,1.7079617,24.960056,0.0019079333,265.74,1210.172033548355
-0.004551948,198656,97,198656,0.5057756006717682,181,179.04914363,0.040625,1.7010349,26.53512,0.0038368437,276.59,1228.3535628318787
-0.0029817154,200704,98,200704,0.24542182683944702,425,195.29132524,0.03881836,1.7043079,44.343075,0.0036053204,295.16,1239.6569440364838
-0.0017322504,202752,99,202752,0.536476343870163,248,211.74106976,0.023974609,1.7071034,35.898766,0.0027988488,314.24,1244.4744515419006
-0.0040632705,204800,100,204800,0.781489685177803,232,182.65385331000002,0.03930664,1.7057059,20.899738,0.0035935882,281.74,1252.721355676651
-0.0052586854,206848,101,206848,0.4333752393722534,190,166.17315973,0.042822264,1.7011712,29.501057,0.0037087414,264.45,1261.518221616745
-0.005275314,208896,102,208896,0.5625375807285309,215,175.88417339,0.05698242,1.7001632,27.341318,0.004791963,275.93,1272.2455513477325
-0.001784749,210944,103,210944,0.8074072301387787,146,186.61873363000007,0.013574218,1.6995957,15.085019,0.0020346805,288.54,1281.745144367218
-0.0018790083,212992,104,212992,0.8584866225719452,107,193.53663514999997,0.021875,1.6987314,12.886427,0.0022182097,296.86,1295.753871679306
-0.004888082,215040,105,215040,0.8128307610750198,232,201.58806604999998,0.04560547,1.6966425,18.437542,0.0039701904,306.26,1314.7992074489594
-0.00500843,217088,106,217088,0.4371110200881958,386,217.72435910999997,0.05805664,1.6986672,40.84973,0.0048778662,325.05,1323.5917975902557
-0.0021008367,219136,107,219136,0.5751075744628906,399,234.02110056,0.044970702,1.7144111,39.36747,0.0037552852,343.74,1328.8971984386444
-0.006686521,221184,108,221184,0.6102701425552368,300,234.07576317000002,0.03261719,1.7257416,31.674423,0.0029841412,343.8,1334.021213054657
-0.0052809003,223232,109,223232,0.4915323853492737,362,250.61126387000002,0.05546875,1.7325404,35.75972,0.0048374697,362.61,1340.8470084667206
-0.0037163123,225280,110,225280,0.5131396949291229,278,267.23549346,0.050878905,1.728171,28.587366,0.0045417612,381.44,1346.5038278102875
-0.0029693632,227328,111,227328,0.4487610459327698,314,283.82923516000005,0.029296875,1.7318798,30.199173,0.003254858,400.31,1353.8539717197418
-0.0039431555,229376,112,229376,0.12256491184234619,285,300.35328608000003,0.04941406,1.7338578,30.25467,0.0042059617,419.24,1360.3773369789124
-0.003065845,231424,113,231424,0.43106329441070557,380,316.77454685000004,0.045996092,1.7358186,27.7432,0.0038467734,438.04,1367.55264210701
-0.0041055833,233472,114,233472,0.050057828426361084,292,333.2003726500001,0.03466797,1.7465883,28.002483,0.0031509888,456.8,1372.9432125091553
-0.0022698005,235520,115,235520,0.33633261919021606,422,349.69560807,0.027197266,1.7499905,26.85437,0.0028978402,475.65,1379.9557909965515
-0.002681429,237568,116,237568,0.1343255639076233,391,366.24917664000003,0.025390625,1.7529087,27.092474,0.0024773728,494.38,1384.8032937049866
-0.0049534705,239616,117,239616,0.19430673122406006,399,382.90665154000004,0.038085938,1.7587404,25.807215,0.0034811858,513.54,1390.0306482315063
-0.002749125,241664,118,241664,0.21544820070266724,274,399.41631778999994,0.033203125,1.7699751,25.907425,0.0031763825,532.4,1395.1551897525787
-0.0022671304,243712,119,243712,0.2611757516860962,343,416.08215055,0.025292968,1.7744157,25.490911,0.0026758467,551.44,1402.6054785251617
-0.0054158643,245760,120,245760,-0.016263246536254883,381,432.92796044000005,0.051123045,1.7793691,25.991297,0.004274943,570.73,1408.5709083080292
-0.0041887355,247808,121,247808,0.13872718811035156,295,449.59056441000007,0.058447264,1.7769139,25.630566,0.004606578,589.59,1413.9447009563446
-0.003084197,249856,122,249856,0.15338456630706787,395,465.98353783000005,0.032568358,1.7807095,24.293268,0.0030199473,608.39,1420.8866031169891
-0.0031646385,251904,123,251904,0.09523183107376099,350,482.54892601,0.038964845,1.7970686,24.524635,0.0035928166,627.25,1426.0612814426422
-0.0036295124,253952,124,253952,0.07360821962356567,303,499.35714027,0.049707033,1.7994328,24.587513,0.0041479887,646.57,1431.9002685546875
-0.001800032,256000,125,256000,0.17066878080368042,307,516.04899087,0.02734375,1.7896541,23.886597,0.0027207162,665.43,1438.639386177063
-0.004957199,258048,126,258048,0.1333262324333191,379,532.84045733,0.05649414,1.7917881,23.226723,0.0047613173,684.78,1445.3089966773987
-0.0017143728,260096,127,260096,0.16271483898162842,418,549.5211311800001,0.042773437,1.7989776,22.535336,0.0038845458,704.05,1450.7075028419495
-0.003617046,262144,128,262144,0.0015392899513244629,321,565.9163280500001,0.039013673,1.8102868,22.614431,0.0034678592,723.02,1455.5977487564087
-0.007997714,264192,129,264192,0.12799036502838135,293,582.6306407300002,0.056640625,1.8215644,22.27045,0.0045598606,742.08,1461.9787802696228
-0.0017492895,266240,130,266240,0.10833120346069336,267,599.2160060900001,0.025097657,1.8384253,21.988346,0.0025595087,761.33,1468.9558610916138
-0.0011881671,268288,131,268288,0.11402803659439087,263,615.6145040000001,0.025,1.8409727,21.32344,0.0026472413,780.13,1476.6238148212433
-0.0022483496,270336,132,270336,0.20168441534042358,401,632.2098520200001,0.038330078,1.841708,21.911863,0.0034707796,799.03,1484.3999977111816
-0.0066087306,272384,133,272384,0.06193721294403076,326,648.87967354,0.046533205,1.8456097,21.634672,0.004078679,818.34,1489.5001289844513
-0.0039321235,274432,134,274432,0.0718832015991211,331,665.46560457,0.03569336,1.8577144,20.941158,0.0033308254,837.27,1495.7672247886658
-0.0056732385,276480,135,276480,0.1270788311958313,277,665.53239571,0.05629883,1.8706118,20.718105,0.0046708686,837.29,1501.9469351768494
-0.0005486921,278528,136,278528,0.08905810117721558,305,681.9101964700001,0.013085937,1.8830016,20.893307,0.0018255819,856.14,1509.3343031406403
-0.0025250353,280576,137,280576,0.160758376121521,335,698.70519979,0.039208986,1.8816993,20.947414,0.0034232945,875.51,1516.028781414032
-0.0008801309,282624,138,282624,0.18011319637298584,253,715.82833565,0.021191407,1.8877008,22.962475,0.0023035505,895.17,1522.1367256641388
-0.0020900434,284672,139,284672,0.13033872842788696,395,732.19344256,0.026660156,1.8982322,19.682507,0.002738596,914.42,1530.210452079773
-0.0034565385,286720,140,286720,0.15964603424072266,368,748.8371344,0.020898437,1.9034204,19.520111,0.0023734441,933.63,1535.3855454921722
-0.0018967487,288768,141,288768,0.2624623775482178,393,765.2379904999999,0.012207031,1.9017627,19.315624,0.0015580492,952.55,1540.9519839286804
-0.004393253,290816,142,290816,0.10689449310302734,362,781.6203623899997,0.053369142,1.9020364,20.308502,0.004422874,971.59,1546.161503791809
-0.002656763,292864,143,292864,0.13431930541992188,293,798.49828466,0.0125,1.9107955,19.948711,0.0016622177,990.67,1551.8134207725525
-0.0031040185,294912,144,294912,0.0901716947555542,314,815.2761446399999,0.018408203,1.9175761,19.378847,0.0023767152,1009.53,1558.7934911251068
-0.0030652913,296960,145,296960,0.1886540651321411,435,831.9429323500001,0.03930664,1.9175485,19.184221,0.0033123498,1028.41,1565.3110048770905
-0.0024914844,299008,146,299008,0.11288857460021973,311,848.62581751,0.044287108,1.9192526,19.320992,0.0036177938,1047.32,1570.0108046531677
-0.0026237178,301056,147,301056,0.12414979934692383,184,865.63513755,0.028125,1.9195383,27.065643,0.0029154152,1066.8,1576.5827550888062
-0.0015539028,303104,148,303104,0.13778668642044067,308,882.0458913900001,0.018603515,1.9163778,18.08414,0.0020856804,1085.51,1587.6914865970612
-0.0038888648,305152,149,305152,0.11704897880554199,323,898.5115942200001,0.028320312,1.9142603,17.822155,0.002697018,1104.32,1594.3360829353333
-0.0024915352,307200,150,307200,0.11881673336029053,93,905.47411823,0.022998046,1.9125773,57.84913,0.0023947454,1111.82,1600.6668865680695
-0.00345226,309248,151,309248,0.10433071851730347,79,856.2209563,0.04008789,1.9006395,82.35115,0.0038293507,1052.83,1622.539125919342
-0.0042595724,311296,152,311296,0.09422045946121216,91,818.3274808800002,0.035986327,1.8958857,72.66655,0.0032872383,1007.31,1648.277090549469
-0.0026437014,313344,153,313344,0.30637574195861816,292,815.1647030099999,0.038671874,1.905269,32.357414,0.0035682921,1004.12,1670.5457043647766
-0.0045433315,315392,154,315392,0.3427802324295044,120,823.0995260900002,0.033447266,1.9175193,56.750286,0.0030285765,1012.67,1677.5560348033905
-0.0038438397,317440,155,317440,0.46367907524108887,243,802.59557998,0.039746094,1.9314356,20.096231,0.003601813,988.45,1694.4878425598145
-0.0016221913,319488,156,319488,0.25024163722991943,98,636.7725994600002,0.0126953125,1.9353031,60.3951,0.0015514593,799.38,1702.8914685249329
-0.0032577286,321536,157,321536,0.3275616765022278,104,473.96470624,0.016845703,1.9312143,44.15902,0.0021988184,614.46,1723.6446137428284
-0.0014351973,323584,158,323584,0.47907328605651855,240,441.34231624999995,0.012792969,1.9282639,18.048223,0.0014294755,577.14,1743.1959006786346
-0.0024243325,325632,159,325632,0.43491554260253906,234,424.7071979999999,0.008837891,1.9298996,19.230104,0.0013827772,558.34,1751.706463098526
-0.0017701059,327680,160,327680,0.48813319206237793,210,391.20055460000003,0.027246093,1.9297221,26.963404,0.0026863215,519.97,1760.451096534729
-0.003867299,329728,161,329728,0.506607711315155,190,357.81360418,0.03779297,1.9356344,22.658926,0.0035785302,481.79,1770.1844573020935
-0.002401603,331776,162,331776,0.48116379976272583,239,358.12912397,0.020898437,1.9364336,18.76867,0.0020329584,481.8,1780.9301328659058
-0.0039116954,333824,163,333824,0.2662801146507263,381,358.23533294000003,0.056152344,1.9334711,16.032557,0.004596336,481.8,1789.4949309825897
-0.0040154406,335872,164,335872,0.25872641801834106,320,358.42045679,0.04067383,1.9428034,15.5924015,0.0034517846,481.8,1794.8667097091675
-0.0019279458,337920,165,337920,0.21857362985610962,353,358.41896854,0.032128908,1.958802,16.313452,0.0030644464,481.8,1801.2549057006836
-0.0017321088,339968,166,339968,0.2323036789894104,258,358.43757394,0.02084961,1.9554815,16.726109,0.002447605,481.8,1807.0500745773315
-0.0028966106,342016,167,342016,0.30537599325180054,350,358.58079427999996,0.028222656,1.9384619,16.251806,0.0033291169,481.8,1814.9763045310974
-0.0035075326,344064,168,344064,0.48867112398147583,262,342.04007156,0.0390625,1.9442589,19.936743,0.003398925,463.09,1820.8139312267303
-0.003359293,346112,169,346112,0.35124391317367554,255,342.35163728,0.024951171,1.9535745,20.336315,0.002595805,463.08,1828.6106147766113
-0.002813463,348160,170,348160,0.3228193521499634,295,358.99418876999994,0.031445313,1.9439045,15.666316,0.0032244413,481.81,1836.6137228012085
-0.0026621046,350208,171,350208,0.26808780431747437,361,358.5688867199999,0.024951171,1.9392523,14.978033,0.0026090634,481.81,1843.5378000736237
-0.005285822,352256,172,352256,0.34639936685562134,388,358.48910526,0.027490234,1.9455382,15.290204,0.0028532138,481.81,1849.2000615596771
-0.0023802118,354304,173,354304,0.2828074097633362,297,358.42073146999996,0.026806641,1.9595816,15.593007,0.0026107659,481.81,1854.469384431839
-0.0016178958,356352,174,356352,0.25976425409317017,348,375.20890496999994,0.022753906,1.9738811,15.40332,0.0023513034,501.05,1861.3463151454926
-0.004833994,358400,175,358400,0.30213314294815063,274,390.26413293999997,0.057714842,1.9764084,15.271871,0.004898787,517.33,1867.2273304462433
-0.0038972571,360448,176,360448,0.30249035358428955,310,406.97780721000004,0.03515625,1.9707499,14.740572,0.0032225337,536.69,1874.6997787952423
-0.0056244656,362496,177,362496,0.24078428745269775,398,423.49541604000007,0.062646486,1.9686496,14.37632,0.0056275874,555.74,1881.297126531601
-0.004917497,364544,178,364544,0.214732825756073,302,440.0511485100001,0.036083985,1.9906008,14.616862,0.0031054097,574.44,1886.4371984004974
-0.0053019016,366592,179,366592,0.2962544560432434,346,456.98933506000003,0.03569336,1.9964702,15.089163,0.00367655,593.39,1893.2020618915558
-0.0024669045,368640,180,368640,0.2973218560218811,270,473.8736550699999,0.0171875,1.9937397,15.12343,0.0019791701,612.69,1899.1214752197266
-0.0029895634,370688,181,370688,0.3342539072036743,280,490.70532215,0.029296875,2.0167043,21.586071,0.0027878054,632.01,1906.699404001236
-0.0034285814,372736,182,372736,0.2634504437446594,325,507.97269597999997,0.02607422,2.0217214,22.112568,0.0025414308,651.32,1914.0135245323181
-0.0018491913,374784,183,374784,0.3190456032752991,292,524.8509964699999,0.01875,2.0248013,14.271372,0.002277023,670.49,1920.3068397045135
-0.0015247811,376832,184,376832,0.2752077579498291,283,541.40423681,0.027246093,2.0253778,14.179144,0.0027377976,689.36,1927.3010296821594
-0.003017249,378880,185,378880,0.2996854782104492,326,558.19782878,0.028955078,2.0301201,14.167656,0.0029656512,708.43,1934.5163853168488
-0.007656736,380928,186,380928,0.5442661046981812,386,558.36705334,0.046435546,2.0423217,11.250853,0.0042001675,708.57,1940.7928400039673
-0.002207688,382976,187,382976,0.3318443298339844,271,574.5784341499999,0.024414062,2.043449,13.387067,0.00265662,727.21,1946.0978152751923
-0.0017845442,385024,188,385024,0.24763107299804688,297,591.21066281,0.01850586,2.0395932,13.54996,0.0021759975,746.51,1953.6425552368164
-0.0031486042,387072,189,387072,0.3791239857673645,314,607.8569619599999,0.030761719,2.0429933,13.465426,0.0028804806,765.73,1960.5286190509796
-0.0017257885,389120,190,389120,0.3365342617034912,321,624.46701673,0.020068359,2.04176,13.640289,0.0024675075,784.8,1967.046246290207
-0.0033208001,391168,191,391168,0.5087625086307526,162,641.30212463,0.028173828,2.0436008,25.206097,0.0024848427,803.95,1973.4082446098328
-0.0014968847,393216,192,393216,0.48618459701538086,262,656.7060428100001,0.008105469,2.0534902,20.12112,0.0012047717,821.59,1986.0051498413086
-0.0015751261,395264,193,395264,0.36935675144195557,314,673.19189919,0.022021484,2.0555515,13.6051,0.0024309899,840.36,1993.8021800518036
-0.0020414651,397312,194,397312,0.47291088104248047,292,689.99532914,0.021337891,2.067664,13.467282,0.0022985544,859.54,2000.3082492351532
-0.0015696384,399360,195,399360,0.5248107612133026,211,706.70089856,0.010791016,2.072046,19.298166,0.0014905139,878.95,2007.3063580989838
-0.0069279843,401408,196,401408,0.498149037361145,365,723.49840533,0.04511719,2.080398,12.7742815,0.003785579,898.14,2017.0052213668823
-0.001852539,403456,197,403456,0.5890263915061951,152,740.15951046,0.008740234,2.0854537,37.186916,0.001313817,916.92,2022.607658147812
-0.0059807566,405504,198,405504,0.6334187686443329,174,755.97648047,0.05546875,2.0866275,41.152077,0.004679712,933.84,2036.035228729248
-0.0021126973,407552,199,407552,0.7615648806095123,267,739.5896210400001,0.034521483,2.113559,9.855367,0.002846336,914.92,2047.7651479244232
-0.0006400445,409600,200,409600,0.5280734002590179,197,767.14696749,0.013476563,2.1351361,33.846992,0.00182611,946.2,2055.428727865219
-0.0018850956,411648,201,411648,0.4623005986213684,396,784.009084,0.011132812,2.1341374,13.620363,0.0015597222,965.28,2065.8202908039093
-0.003098315,413696,202,413696,0.6117583513259888,302,790.33149682,0.031054687,2.1305137,24.243484,0.00316028,973.0,2070.9843034744263
-0.0028869887,415744,203,415744,0.4455447793006897,342,806.9351980500002,0.036474608,2.1348517,13.044505,0.003260842,992.13,2077.744967699051
-0.0024267612,417792,204,417792,0.5173562169075012,332,823.5244304500001,0.023535157,2.1434145,13.023216,0.002394122,1010.97,2083.717336177826
-0.0037857038,419840,205,419840,0.5552280843257904,390,840.0850981300001,0.03251953,2.1450598,13.319326,0.0032145572,1030.23,2089.8764111995697
-0.0053241695,421888,206,421888,0.4093053936958313,263,840.0221481400002,0.07607422,2.1487906,12.884705,0.005739038,1030.23,2095.1176602840424
-0.0032795444,423936,207,423936,0.3871537446975708,404,856.6298305000001,0.035742186,2.1580806,12.9715805,0.0030863686,1049.08,2102.8964536190033
-0.0039155027,425984,208,425984,0.4860682487487793,289,873.2646943500002,0.054101564,2.1613507,13.522395,0.004818474,1067.87,2107.959757566452
-0.0013864707,428032,209,428032,0.4394470453262329,288,889.7497092800003,0.011914062,2.1667905,13.244664,0.0015810218,1086.68,2115.031769514084
-0.002638112,430080,210,430080,0.5013921856880188,359,906.3993409600002,0.05961914,2.1735966,12.806193,0.00520211,1105.72,2122.1435239315033
-0.0019522893,432128,211,432128,0.3400799632072449,362,923.0300515900002,0.032958984,2.174375,13.553683,0.0028404617,1124.39,2127.835904121399
-0.0029664997,434176,212,434176,0.3914737105369568,256,939.93501797,0.019580077,2.1834362,13.4852295,0.001777941,1143.17,2133.480765581131
-0.0035858,436224,213,436224,0.3380752205848694,330,956.7652093700002,0.047460936,2.1938882,13.498349,0.0040694745,1162.33,2141.46249294281
-0.002895908,438272,214,438272,0.31267935037612915,415,973.6169450300002,0.03676758,2.198603,13.504565,0.0034398045,1181.2,2147.66303896904
-0.00421297,440320,215,440320,0.3221282958984375,329,990.4684029700002,0.060302734,2.1940427,13.837069,0.00469068,1200.16,2152.590050458908
-0.0018109143,442368,216,442368,0.39876681566238403,266,1007.49341801,0.039941408,2.1911306,13.829221,0.003801097,1219.03,2158.814576625824
-0.0014344037,444416,217,444416,0.3750878572463989,432,1024.56605614,0.013183594,2.1870134,13.485555,0.0016075345,1238.17,2166.490481376648
-0.0025685055,446464,218,446464,0.2977173328399658,288,1041.61924253,0.025390625,2.1865456,13.930336,0.0025305634,1257.04,2171.225997209549
-0.0029805442,448512,219,448512,0.32734763622283936,272,1058.83161583,0.0362793,2.1891928,13.839548,0.0034705673,1275.76,2178.3345065116882
-0.001887393,450560,220,450560,0.2831724286079407,287,1076.03415325,0.05341797,2.1817281,14.604108,0.004625564,1294.73,2185.852368593216
-0.0021353846,452608,221,452608,0.3531203269958496,299,1091.09836533,0.032226562,2.179187,14.079422,0.002997982,1310.34,2192.976054906845
-0.002684452,454656,222,454656,0.3438159227371216,287,1108.42824433,0.021289062,2.187129,13.905928,0.0021340018,1329.22,2199.804028272629
-0.0030557648,456704,223,456704,0.3109351396560669,279,1130.66220151,0.036376953,2.2025518,25.720057,0.003482197,1353.94,2206.9353873729706
-0.0024071583,458752,224,458752,0.35085952281951904,424,1147.75370336,0.04458008,2.2193048,13.669279,0.0038409599,1372.73,2214.272424697876
-0.0022298624,460800,225,460800,0.318345844745636,319,1165.23192304,0.026953125,2.2261438,14.323847,0.0027102227,1391.55,2219.0961310863495
-0.00086452265,462848,226,462848,0.33741456270217896,339,1182.39910067,0.02470703,2.2291653,14.213893,0.0028711462,1410.17,2225.5027799606323
-0.00309369,464896,227,464896,0.3063321113586426,284,1199.70040547,0.047216795,2.2252984,14.393628,0.0042003943,1428.86,2231.5378472805023
-0.001678694,466944,228,466944,0.34826475381851196,298,1212.9546328500003,0.039648436,2.2420201,13.831998,0.0034620836,1443.25,2238.7276616096497
-0.00322575,468992,229,468992,0.4291723966598511,318,1204.7791411900002,0.027783204,2.2645514,13.16772,0.0027497876,1433.01,2245.596670627594
-0.0023322417,471040,230,471040,0.3608328700065613,390,1221.8233065800002,0.019970704,2.28039,14.420967,0.0023130004,1451.81,2252.027323961258
-0.0010924533,473088,231,473088,0.33177751302719116,360,1222.70188776,0.012207031,2.2869923,14.359657,0.0016568156,1451.81,2257.267806529999
-0.0022336496,475136,232,475136,0.3377438187599182,279,1240.44914321,0.024414062,2.2969162,14.135457,0.0023289563,1470.99,2262.9559638500214
-0.004429244,477184,233,477184,0.35295987129211426,347,1257.96057929,0.07714844,2.3161182,14.568382,0.006010631,1490.32,2270.293593645096
-0.0021569259,479232,234,479232,0.3105970025062561,273,1275.48038419,0.038671874,2.3240838,14.798714,0.003299655,1509.07,2276.188546180725
-0.0077633997,481280,235,481280,0.38204628229141235,372,1275.32631977,0.055029295,2.3355944,13.614316,0.0048154816,1507.52,2283.691479444504
-0.0025727632,483328,236,483328,0.36937254667282104,331,1293.28770719,0.02211914,2.356739,14.023033,0.0025637976,1526.39,2289.1959743499756
-0.0007153101,485376,237,485376,0.3351573348045349,305,1311.3302141100003,0.019824218,2.3710513,14.3144655,0.0022866386,1545.7,2295.384106397629
-0.0015052503,487424,238,487424,0.41082072257995605,295,1312.6619223300002,0.035546876,2.3913617,14.407957,0.003308811,1545.7,2302.081606864929
-0.0061686556,489472,239,489472,0.42577630281448364,287,1330.52179615,0.070166014,2.3941069,14.757462,0.0057462608,1564.5,2309.005443572998
-0.0030520656,491520,240,491520,0.3822869062423706,274,1331.90361114,0.03676758,2.3932555,14.6210575,0.0034366709,1564.5,2316.130758047104
-0.0022167084,493568,241,493568,0.4053680896759033,301,1333.1064974800001,0.019384766,2.3874497,14.895305,0.002454368,1564.5,2323.5907697677612
-0.00471897,495616,242,495616,0.37594765424728394,258,1334.5514337800005,0.036816407,2.375124,15.16081,0.0036373702,1564.5,2330.377065181732
-0.0035345715,497664,243,497664,0.36088430881500244,260,1335.80751249,0.022949219,2.3630178,15.505879,0.0024268902,1564.5,2338.3029816150665
-0.001565486,499712,244,499712,0.3228034973144531,291,1337.09285488,0.013525391,2.36292,15.22197,0.0018234889,1564.5,2346.170179605484
-0.0025710426,501760,245,501760,0.3344128727912903,306,1338.1742999499997,0.017138671,2.3673844,15.60498,0.0018796849,1564.5,2353.209137201309
-0.002392782,503808,246,503808,0.34049731492996216,243,1356.1020485799997,0.025927734,2.379603,15.605585,0.002344607,1583.21,2359.885270357132
-0.0039681583,505856,247,505856,0.37386399507522583,353,1357.3980186400001,0.04526367,2.382692,15.507093,0.0042942003,1583.21,2368.2841148376465
-0.00035234407,507904,248,507904,0.34565532207489014,269,1374.92584072,0.012207031,2.3815944,15.829741,0.0016738942,1601.91,2374.0764904022217
-0.00010763908,509952,249,509952,0.35169917345046997,342,1376.4274929599999,0.026855469,2.3797774,15.922954,0.0029735086,1601.91,2381.678713083267
-0.0037204865,512000,250,512000,0.4528577923774719,268,1370.6530913799998,0.028027344,2.3700438,27.871078,0.0028446387,1592.68,2387.65864777565
-0.004847924,514048,251,514048,0.3966255187988281,259,1372.33868173,0.029052734,2.3630548,16.133448,0.0029066678,1592.68,2395.2851548194885
-0.004984495,516096,252,516096,0.43058162927627563,249,1358.72991718,0.024121094,2.356025,29.440512,0.002336063,1576.2,2403.1888570785522
-0.0019014496,518144,253,518144,0.4467703700065613,282,1360.2241449100004,0.037158202,2.3629003,16.566923,0.003545861,1576.2,2411.390988588333
-0.004742962,520192,254,520192,0.42706382274627686,278,1343.7794390499998,0.04116211,2.382666,28.73848,0.0035658975,1556.57,2418.6323223114014
-0.004890944,522240,255,522240,0.4354135990142822,334,1345.3030096899997,0.04536133,2.3950908,16.990084,0.003890232,1556.57,2425.990445137024
-0.00081620866,524288,256,524288,0.3779008388519287,290,1346.8946778900001,0.014111328,2.402041,16.786674,0.0020250808,1556.57,2432.106210708618
-0.0012254987,526336,257,526336,0.33389341831207275,349,1347.2618387299997,0.03276367,2.4056067,16.884233,0.0029688987,1556.57,2439.1545901298523
-0.0022448574,528384,258,528384,0.3920602798461914,237,1365.71811636,0.022900391,2.4199157,17.0315,0.0022594894,1575.51,2445.020273208618
-0.0016381344,530432,259,530432,0.4501758813858032,364,1367.4508597699999,0.018603515,2.430688,16.994709,0.002282833,1575.51,2453.64337515831
-0.004607306,532480,260,532480,0.3753472566604614,362,1385.1092461800001,0.04433594,2.4434247,17.658772,0.0036608907,1594.32,2459.269762992859
-0.00391514,534528,261,534528,0.3546260595321655,303,1386.4530436,0.060791016,2.4635053,17.445484,0.0051611,1594.32,2464.919413805008
-0.0017508685,536576,262,536576,0.41094160079956055,362,1388.2033172400002,0.018798828,2.4760919,17.29645,0.0018839573,1594.32,2471.6633784770966
-0.0015298085,538624,263,538624,0.38823747634887695,304,1389.73606257,0.022949219,2.4870534,17.289614,0.0024917002,1594.32,2477.315740585327
-0.00054486294,540672,264,540672,0.4111332893371582,265,1407.5907545500004,0.019726563,2.495034,17.466045,0.0023317374,1613.26,2484.052703857422
-0.0027852326,542720,265,542720,0.4736817479133606,353,1409.5864806300003,0.0453125,2.5126646,17.378698,0.0040933746,1613.26,2491.7588534355164
-0.0019971265,544768,266,544768,0.4055681824684143,387,1410.81489959,0.027246093,2.5305562,17.435467,0.002560074,1613.26,2497.556523323059
-0.0018038631,546816,267,546816,0.4666043519973755,282,1412.6108078799998,0.010498047,2.5278327,17.640627,0.0016845467,1613.26,2502.8403265476227
-0.0011530377,548864,268,548864,0.48663610219955444,348,1414.55142067,0.015917968,2.5145202,17.825409,0.0019858736,1613.26,2510.0969858169556
-0.00022796709,550912,269,550912,0.3811272382736206,329,1416.4046523400002,0.0125488285,2.5221086,18.040695,0.0017243618,1613.26,2515.967960357666
-0.0037389365,552960,270,552960,0.41750824451446533,287,1435.14410163,0.050146483,2.5211644,17.944197,0.004707559,1632.56,2522.178337574005
-0.0053759376,555008,271,555008,0.40048497915267944,243,1453.49095913,0.045654297,2.518681,17.959047,0.003921612,1651.51,2529.29870057106
-0.00037329146,557056,272,557056,0.39897483587265015,238,1455.6108777099998,0.0359375,2.519517,18.04916,0.003460283,1651.51,2537.694865465164
-0.0013905164,559104,273,559104,0.37523120641708374,267,1473.53460705,0.022705078,2.5213,17.524649,0.0023349454,1670.45,2546.27969789505
-0.0008800694,561152,274,561152,0.35534119606018066,257,1475.1164738,0.031884767,2.5335612,17.959808,0.003302132,1670.45,2553.949208498001
-0.0010738302,563200,275,563200,0.39842069149017334,354,1477.00482047,0.03769531,2.5425522,18.12646,0.0035164398,1670.45,2561.891684770584
-0.0008054074,565248,276,565248,0.3864506483078003,273,1479.1238221899998,0.012792969,2.5435042,18.067991,0.0017053762,1670.45,2567.6667449474335
-0.0027483397,567296,277,567296,0.3876826763153076,353,1497.5004923000001,0.045166016,2.554054,17.427555,0.003782804,1689.29,2575.16792845726
-0.004037817,569344,278,569344,0.40780389308929443,328,1499.09794471,0.056884766,2.5736535,18.332134,0.0045861835,1689.29,2580.9592328071594
-0.0024014285,571392,279,571392,0.40441495180130005,237,1500.4710324900004,0.033251952,2.5914102,16.946716,0.003167801,1689.29,2587.1959788799286
-0.0015449596,573440,280,573440,0.39642882347106934,257,1518.6625424500005,0.015380859,2.580441,17.618893,0.002060876,1708.22,2595.8116495609283
-0.0016905244,575488,281,575488,0.31215769052505493,255,1536.7830105000003,0.039013673,2.57933,18.707691,0.0035850562,1727.07,2603.7602529525757
-0.00095103186,577536,282,577536,0.40278488397598267,265,1555.2415607800003,0.03173828,2.5770814,17.425846,0.0029590721,1746.07,2611.7781751155853
-0.005567011,579584,283,579584,0.37630170583724976,375,1574.0198149800003,0.08847656,2.5793529,18.693068,0.006957975,1765.46,2619.49444937706
-0.003345254,581632,284,581632,0.3582274913787842,275,1575.6880968100004,0.0578125,2.5807843,18.888348,0.0046377564,1765.46,2624.9500982761383
-0.002063055,583680,285,583680,0.3935697674751282,292,1594.0826685900001,0.020166015,2.5836508,18.62108,0.0021855284,1784.3,2632.3787400722504
-0.002353881,585728,286,585728,0.3701357841491699,264,1612.60505375,0.04941406,2.583613,18.83568,0.0041496726,1803.22,2639.375254392624
-0.000715467,587776,287,587776,0.35833096504211426,259,1631.4736985099998,0.022265624,2.5802617,18.713362,0.0026561632,1822.59,2647.120862007141
-0.00069329294,589824,288,589824,0.3874818682670593,359,1650.30816163,0.006298828,2.5887105,18.855637,0.0009816532,1841.71,2655.00927901268
-0.0016216474,591872,289,591872,0.3725275993347168,370,1669.1333301599998,0.035351563,2.5939739,18.792065,0.0030727386,1861.12,2660.710214138031
-0.0014342892,593920,290,593920,0.43615400791168213,318,1687.8606440700003,0.018554688,2.5920727,19.608027,0.0020612446,1880.04,2666.238386154175
-0.0019733727,595968,291,595968,0.30660635232925415,292,1689.6209874900003,0.02890625,2.5963674,19.240763,0.0026688348,1880.04,2672.659874200821
-0.0024517884,598016,292,598016,0.40361589193344116,344,1698.0544116800002,0.034765624,2.605831,19.041103,0.0030390092,1887.1,2679.662905693054
-0.0028202224,600064,293,600064,0.3502402901649475,264,1716.6218506500002,0.080761716,2.607925,18.930433,0.0065793833,1905.98,2685.6126210689545
-0.0021139798,602112,294,602112,0.3783109784126282,355,1735.42615585,0.0671875,2.6033893,18.976236,0.005270591,1924.9,2693.369148015976
-0.003307181,604160,295,604160,0.34503042697906494,251,1737.27170305,0.040966798,2.5947816,19.039843,0.00389522,1924.9,2699.136475086212
-0.003073697,606208,296,606208,0.3022266626358032,365,1750.08026457,0.03671875,2.5926387,19.035885,0.0035443143,1936.9,2707.2926907539368
-0.002242723,608256,297,608256,0.3389003276824951,280,1768.74173861,0.03100586,2.5988913,18.991901,0.0030282477,1955.84,2712.8994138240814
-0.0015344598,610304,298,610304,0.36893290281295776,265,1787.22724151,0.03803711,2.6075902,19.095615,0.0031908248,1974.71,2720.1942262649536
-0.0043097287,612352,299,612352,0.3670518398284912,285,1789.36327503,0.058007814,2.6199908,18.959677,0.004697133,1974.71,2727.910395383835
-0.0025366081,614400,300,614400,0.4383927583694458,317,1791.39563809,0.036328126,2.6272042,19.153824,0.0034247958,1974.71,2735.089364528656
-0.0009853247,616448,301,616448,0.3712040185928345,344,1793.5205041599997,0.021972656,2.6288898,18.845074,0.002208647,1974.71,2741.5344684123993
-0.0018831495,618496,302,618496,0.3883337378501892,352,1795.4906727899997,0.052685548,2.6443155,18.764523,0.0047009876,1974.71,2747.476467370987
-0.0023135187,620544,303,620544,0.3859948515892029,387,1797.3854886799995,0.031445313,2.65279,19.072168,0.0031005293,1974.71,2753.2820177078247
-0.0042255493,622592,304,622592,0.44746387004852295,398,1799.47275612,0.074560545,2.6551518,19.296253,0.0060430067,1974.71,2758.5714950561523
-0.0016724765,624640,305,624640,0.4124438762664795,254,1801.34632168,0.057763673,2.6559749,19.06062,0.0046768743,1974.71,2763.71146607399
0.00068964635,626688,306,626688,0.37893807888031006,335,1803.1994281300003,0.02421875,2.6624498,18.923841,0.0025615625,1974.71,2771.7621941566467
-0.00090180396,628736,307,628736,0.3553693890571594,266,1805.0549712900001,0.031445313,2.6648374,18.945858,0.0033596817,1974.71,2777.8698506355286
-0.0019913623,630784,308,630784,0.39095914363861084,253,1806.7602372700003,0.03540039,2.6685007,19.058767,0.0033306573,1974.71,2785.558884859085
-0.0024513577,632832,309,632832,0.4291667342185974,244,1808.6581609,0.06069336,2.672618,18.958132,0.0053405412,1974.71,2793.6283056735992
-0.0015133851,634880,310,634880,0.4007788896560669,375,1810.19473333,0.036230467,2.6681418,19.077414,0.0032868092,1974.71,2802.007685661316
-0.0042765257,636928,311,636928,0.46553879976272583,284,1811.4652668,0.050634764,2.678169,18.632175,0.004404488,1974.71,2807.4662368297577
-0.0014732848,638976,312,638976,0.35782527923583984,370,1812.13400097,0.039501954,2.6909525,19.284666,0.0035459853,1974.71,2814.6545226573944
-0.0035067138,641024,313,641024,0.5399327278137207,334,1813.73207848,0.057910156,2.698674,18.999786,0.004689739,1974.71,2820.185926437378
-0.004276167,643072,314,643072,0.6104150414466858,250,1812.87323509,0.039990235,2.718287,13.925038,0.003592216,1973.58,2826.3028836250305
-0.00204452,645120,315,645120,0.4619370102882385,326,1813.45840262,0.027880859,2.7311702,17.253796,0.0028139553,1973.58,2834.477912425995
-0.0028317906,647168,316,647168,0.400005042552948,285,1814.6083633500007,0.044921875,2.7439995,18.398857,0.004000452,1973.58,2840.757202386856
-0.0039975126,649216,317,649216,0.40487247705459595,300,1815.8902942900002,0.053027343,2.7479706,19.3212,0.004292606,1973.58,2847.922711133957
-0.0016533053,651264,318,651264,0.42736148834228516,261,1817.1050295400003,0.04057617,2.7548902,18.969866,0.0034469967,1973.58,2854.7347400188446
-0.001422744,653312,319,653312,0.40419358015060425,241,1818.6715601199999,0.036376953,2.7580955,18.949532,0.0033375812,1973.58,2862.5801227092743
-0.0005745542,655360,320,655360,0.4351837635040283,309,1831.6976819799997,0.03125,2.756957,18.412132,0.002957403,1986.5,2871.0719871520996
-0.0006457946,657408,321,657408,0.38628560304641724,303,1832.8029817299998,0.02993164,2.762508,18.679384,0.0028762557,1986.5,2877.683074951172
-0.0029225808,659456,322,659456,0.3416174650192261,305,1833.9239919599997,0.057666015,2.7713761,19.88857,0.0049608173,1986.5,2884.425815820694
-0.0014984632,661504,323,661504,0.4249289631843567,238,1835.16351849,0.022070313,2.7836614,19.254045,0.0024912204,1986.5,2891.1416754722595
-0.0027479534,663552,324,663552,0.4160881042480469,349,1836.5296590199996,0.036474608,2.7797654,19.691248,0.0040395847,1986.5,2899.7164821624756
-0.0029092852,665600,325,665600,0.3231174945831299,351,1841.01923407,0.039648436,2.7722201,19.409046,0.0034472677,1990.74,2905.57159948349
-0.0007794275,667648,326,667648,0.3172559142112732,308,1851.80277393,0.009423828,2.7803757,19.802914,0.0011494504,2000.98,2911.3961329460144
-0.0015904984,669696,327,669696,0.3959507346153259,266,1853.5402876699998,0.034765624,2.7927082,19.858572,0.0031337708,2000.98,2918.027395963669
-0.0030993507,671744,328,671744,0.37037718296051025,298,1854.7597317999998,0.1003418,2.803407,19.363245,0.007948087,2000.98,2925.7042269706726
-0.0022313655,673792,329,673792,0.34578853845596313,299,1855.82122644,0.022753906,2.8095136,19.691338,0.0023061172,2000.98,2932.568907260895
-0.0034287323,675840,330,675840,0.397464394569397,263,1857.3691434099999,0.019335937,2.797699,19.628237,0.0023296487,2000.98,2939.399180650711
-0.0033163417,677888,331,677888,0.49329590797424316,343,1858.4953022399998,0.06269531,2.7851193,19.698782,0.0053864717,2000.98,2947.1757950782776
-0.001360146,679936,332,679936,0.39556723833084106,274,1860.8539663000001,0.036132812,2.7848752,19.839167,0.0036018253,2002.53,2953.1459329128265
-0.004448679,681984,333,681984,0.4227988123893738,350,1861.5567299299996,0.054052733,2.7880745,19.707537,0.004283162,2002.53,2960.5986778736115
-0.0033351916,684032,334,684032,0.42863231897354126,346,1862.2246059899999,0.05732422,2.798857,19.330976,0.0046353173,2002.53,2966.444667816162
-0.0019187359,686080,335,686080,0.3804388642311096,302,1862.9955092500002,0.046191406,2.8132439,19.566347,0.0039826953,2002.53,2972.3606898784637
-0.000611576,688128,336,688128,0.43900924921035767,296,1863.72841342,0.023388673,2.820622,19.427074,0.0022462467,2002.53,2979.133984565735
-0.002746535,690176,337,690176,0.4617334008216858,385,1864.2235437500003,0.0362793,2.825331,19.448639,0.0033835173,2002.53,2986.036656141281
-0.0026214938,692224,338,692224,0.4284142851829529,371,1864.9996893999999,0.04560547,2.818277,19.284128,0.0040193745,2002.53,2991.351623773575
-0.0031240904,694272,339,694272,0.44641590118408203,312,1865.80109144,0.087451175,2.818521,19.439245,0.007202952,2002.53,2996.870260477066
-0.0026248961,696320,340,696320,0.4629908800125122,249,1865.8272876300002,0.057714842,2.8266673,19.369156,0.0047513386,2002.53,3003.4353308677673
-0.0036360133,698368,341,698368,0.48849666118621826,256,1865.56523368,0.072705075,2.8501673,19.431175,0.0061562406,2002.53,3011.6517021656036
-0.0013190856,700416,342,700416,0.4840538501739502,262,1866.03641431,0.029296875,2.8656232,18.980152,0.002590424,2002.53,3019.6472692489624
-0.0006385562,702464,343,702464,0.4668921232223511,341,1866.4733570199999,0.031835936,2.8708613,19.269464,0.0031575605,2002.53,3027.4528238773346
-0.005485418,704512,344,704512,0.40260618925094604,260,1866.5802734099998,0.074804686,2.8759108,19.16682,0.0064511597,2002.53,3033.4595856666565
-0.0012842289,706560,345,706560,0.4325237274169922,330,1867.4714824299997,0.011328125,2.8724458,19.041859,0.0015765231,2002.53,3041.324563741684
-0.0014683767,708608,346,708608,0.5044830143451691,316,1867.78758185,0.01845703,2.871871,19.134113,0.0022338727,2002.53,3047.5185236930847
-0.0019795517,710656,347,710656,0.4010013937950134,276,1868.10547246,0.046923827,2.8784604,19.309519,0.0038580752,2002.53,3053.981805086136
-0.0037742513,712704,348,712704,0.6824074387550354,395,1866.2021490500001,0.047265626,2.8997028,13.190089,0.0041076476,2000.63,3061.389317512512
-0.0015143941,714752,349,714752,0.36738765239715576,351,1866.25792304,0.008886719,2.9136987,19.55858,0.0011158242,2000.63,3066.5752482414246
-0.001095016,716800,350,716800,0.44966089725494385,246,1875.62719391,0.053759765,2.9194527,19.076006,0.004970175,2009.83,3072.40554523468
-0.0032120175,718848,351,718848,0.4121551513671875,300,1883.4747869900002,0.06352539,2.9285026,18.952614,0.004980362,2017.11,3080.7297971248627
-0.0021888372,720896,352,720896,0.3396841883659363,366,1884.0899884399998,0.03515625,2.9377148,19.384932,0.0030640715,2017.11,3087.5404546260834
-0.00077820296,722944,353,722944,0.4286002516746521,313,1897.3786713700001,0.018701172,2.9437811,19.063375,0.002203948,2030.02,3093.1362960338593
-0.00027552719,724992,354,724992,0.4359405040740967,292,1904.70812205,0.016748047,2.9391074,19.104424,0.0020658434,2036.74,3099.67516374588
-0.0036203742,727040,355,727040,0.4282076358795166,314,1904.8033338000002,0.03696289,2.9307814,19.535624,0.0036891338,2036.74,3106.672894716263
-0.0028901803,729088,356,729088,0.4049651622772217,328,1905.1005767600002,0.045166016,2.9207277,19.37377,0.0044281334,2036.74,3113.1820335388184
-0.0022846146,731136,357,731136,0.40578967332839966,319,1906.7502108800002,0.022753906,2.9142346,19.167887,0.002657709,2036.74,3119.4202284812927
-0.00059568137,733184,358,733184,0.3783419132232666,389,1906.92756299,0.024023438,2.913463,19.168589,0.0024525276,2036.74,3125.84157204628
-0.0041301353,735232,359,735232,0.27948909997940063,257,1906.73697021,0.09873047,2.9175563,19.70081,0.0072847893,2036.74,3131.1055924892426
-0.0035428845,737280,360,737280,0.41005927324295044,255,1906.8120038999998,0.05239258,2.944107,19.31733,0.004426156,2036.74,3139.05920958519
-0.0013594584,739328,361,739328,0.4291038513183594,239,1907.2076373900002,0.018408203,2.9592586,19.110971,0.0022195159,2036.74,3147.07097697258
-0.003006511,741376,362,741376,0.30113649368286133,282,1907.44916093,0.051171876,2.9598238,19.391453,0.0045157797,2036.74,3155.6079230308533
-0.00074771343,743424,363,743424,0.3811352252960205,280,1907.99220766,0.006884766,2.9525518,19.247766,0.0012503652,2036.74,3162.853546857834
2.4868123e-05,745472,364,745472,0.45059734582901,283,1908.73166545,0.013183594,2.9472318,19.355688,0.0017558144,2036.74,3170.1571776866913
-0.0024649783,747520,365,747520,0.3964300751686096,287,1908.95036731,0.03359375,2.9456728,19.323261,0.0031580534,2036.74,3177.3937146663666
-0.0028539575,749568,366,749568,0.3882638216018677,279,1909.83834098,0.050097656,2.947942,19.703207,0.004286799,2036.74,3184.5304560661316
-0.0011231508,751616,367,751616,0.3974614143371582,359,1910.2315761800003,0.04975586,2.9464529,19.354317,0.0041662804,2036.74,3191.870694875717
-0.0013081536,753664,368,753664,0.42032885551452637,362,1910.50893797,0.028271485,2.9421294,19.155212,0.0029357926,2036.74,3197.561786174774
-0.0035187923,755712,369,755712,0.4468633532524109,249,1910.7288692800003,0.06333008,2.934657,19.237297,0.0052855494,2036.74,3203.2049493789673
-0.0024499907,757760,370,757760,0.48674213886260986,347,1910.7609230200003,0.03334961,2.9341989,19.16463,0.0034081019,2036.74,3211.4148468971252
-0.002659326,759808,371,759808,0.4295613169670105,328,1910.94947282,0.041650392,2.9352598,19.295492,0.0036422159,2036.74,3217.3173744678497
-0.0020334292,761856,372,761856,0.559212327003479,298,1911.1218742400001,0.03515625,2.934849,19.466677,0.0031372462,2036.74,3223.556752681732
-0.0032519407,763904,373,763904,0.5116253793239594,276,1911.6386796300003,0.056347657,2.9256167,19.281502,0.0049352255,2036.74,3230.42516541481
-0.0005187944,765952,374,765952,0.5014974474906921,247,1911.9973339100002,0.019091796,2.9300466,18.94921,0.0020240904,2036.74,3237.8334238529205
-0.0021548672,768000,375,768000,0.5974571406841278,252,1911.9295764400001,0.042919923,2.9344306,19.345778,0.0042299423,2036.74,3246.114588022232
-0.0028147383,770048,376,770048,0.60603266954422,236,1893.7958182399996,0.026123047,2.9320514,34.029594,0.0023807294,2018.66,3254.2156133651733
-0.0033016424,772096,377,772096,0.5187915861606598,148,1841.26678805,0.027148437,2.936437,67.704636,0.0025888556,1964.16,3262.874759197235
-0.0041399715,774144,378,774144,0.5845214128494263,202,1823.5014645899998,0.03803711,2.938271,35.162476,0.0032217759,1946.08,3276.679272413254
-0.001246098,776192,379,776192,0.6613918840885162,357,1823.5263714999999,0.03930664,2.944632,19.91707,0.0034453,1946.08,3286.7697920799255
-0.0035565633,778240,380,778240,0.5003518462181091,279,1822.77551974,0.056884766,2.9551644,19.826283,0.0047806995,1946.08,3292.4925248622894
-0.0034831103,780288,381,780288,0.5322678089141846,345,1822.85570477,0.055419922,2.9641411,19.289099,0.0045198803,1946.08,3299.8309569358826
-0.0035816636,782336,382,782336,0.5531218349933624,262,1822.5410001199998,0.0680664,2.9763684,19.75223,0.005388229,1946.08,3305.764871120453
-0.0018426438,784384,383,784384,0.5229216814041138,255,1822.2511637300004,0.03618164,2.9807568,19.294878,0.003532347,1946.08,3313.5641283988953
-0.0015581996,786432,384,786432,0.5424602329730988,251,1822.2177898399998,0.104882814,2.9722552,19.624516,0.007888732,1946.08,3321.568223953247
-0.002560777,788480,385,788480,0.5980952978134155,357,1822.1321820100002,0.02734375,2.9665697,19.306568,0.002662841,1946.08,3329.708289861679
-0.0011329589,790528,386,790528,0.48526352643966675,280,1821.89229836,0.038427733,2.9667754,19.404478,0.003744788,1946.08,3335.442804336548
-0.0021791833,792576,387,792576,0.5071432590484619,360,1821.73959007,0.020703126,2.9601283,19.280529,0.0022098436,1946.08,3342.7444834709167
-0.0019870214,794624,388,794624,0.5057765543460846,256,1821.73208391,0.0418457,2.9570844,19.227533,0.0037112287,1946.08,3348.422441959381
-0.0031160961,796672,389,796672,0.4813085198402405,372,1821.5444454300002,0.05292969,2.9547017,19.220423,0.0042082253,1946.08,3356.4114983081818
-0.00095249957,798720,390,798720,0.4862164258956909,251,1821.6049819699997,0.042919923,2.953875,19.162952,0.0035239279,1946.08,3361.903835773468
-0.0009813203,800768,391,800768,0.4864651560783386,331,1821.6210436099996,0.019824218,2.9664164,19.215855,0.0020704435,1946.08,3370.054703474045
-0.0015431776,802816,392,802816,0.4820246696472168,293,1821.10410974,0.040625,2.9669514,19.060123,0.0037490495,1946.08,3376.2376203536987
-0.0012088788,804864,393,804864,0.5545410513877869,265,1821.1826213199997,0.04018555,2.9623635,19.246698,0.003890796,1946.08,3383.22069811821
-0.0018707732,806912,394,806912,0.4785345196723938,363,1820.8872632799998,0.041064452,2.9676282,19.007278,0.0037561632,1946.08,3390.937014579773
-0.00064369757,808960,395,808960,0.49643224477767944,299,1818.4934325899999,0.05810547,2.9841132,16.975718,0.004782412,1946.08,3396.5761313438416
-0.0037348778,811008,396,811008,0.49841123819351196,255,1818.08455491,0.032470703,2.99045,18.624384,0.0030273257,1946.08,3403.4246275424957
-0.00081682455,813056,397,813056,0.4924711585044861,292,1817.7268156500004,0.013867187,2.9803414,18.606144,0.0018617572,1946.08,3411.429195165634
-0.001979938,815104,398,815104,0.49481475353240967,302,1817.4861527600006,0.044287108,2.9764304,18.862568,0.003875135,1946.08,3418.42281293869
-0.0016622947,817152,399,817152,0.5357152819633484,310,1817.2308204400001,0.05698242,2.9761245,18.980429,0.0053168,1946.08,3425.1952929496765
-0.001451906,819200,400,819200,0.5191011428833008,361,1816.94214793,0.039648436,2.9787169,18.866728,0.0033956785,1946.08,3431.787912607193
-0.0017448323,821248,401,821248,0.3968995213508606,360,1816.9479901599998,0.048339844,2.982308,19.005867,0.0040907864,1946.08,3437.458890914917
-0.0013393296,823296,402,823296,0.4489298462867737,298,1817.1465885199996,0.028808594,2.9801688,18.970997,0.0027243067,1946.08,3443.138522863388
-0.00069111487,825344,403,825344,0.5158359706401825,300,1817.0281447999996,0.02060547,2.9770684,19.02451,0.0020916522,1946.08,3450.003956079483
-0.00024923458,827392,404,827392,0.45584607124328613,276,1816.93042511,0.01586914,2.9711547,18.896475,0.0018747747,1946.08,3456.8169164657593
-0.001453155,829440,405,829440,0.412689208984375,357,1817.0322431799996,0.039990235,2.9631276,18.916094,0.0036657117,1946.08,3464.2170448303223
-0.0006607289,831488,406,831488,0.3984743356704712,261,1817.56326762,0.023632813,2.9481032,19.21717,0.0027523264,1946.08,3469.946411371231
-0.0038263008,833536,407,833536,0.5211509466171265,355,1818.46344928,0.061914064,2.9419296,19.113358,0.005266431,1946.08,3477.792409181595
-0.003636727,835584,408,835584,0.4139280915260315,262,1817.6691052800004,0.055419922,2.9415317,19.118248,0.0045483047,1946.08,3483.557921886444
-0.002598496,837632,409,837632,0.47744035720825195,299,1820.0209873700003,0.04086914,2.9486387,18.993925,0.0040196697,1947.21,3491.352415561676
-0.0018320248,839680,410,839680,0.4072401523590088,357,1820.6921079700003,0.042041015,2.9486973,18.96494,0.0036395725,1947.21,3498.2019855976105
-0.0022699651,841728,411,841728,0.45405125617980957,317,1820.8945581,0.0546875,2.94825,18.81564,0.0044926135,1947.21,3503.9357771873474
-0.0027254221,843776,412,843776,0.49373310804367065,326,1820.83995332,0.036328126,2.9498224,18.837124,0.0032436948,1947.21,3510.3801770210266
-0.0041968985,845824,413,845824,0.34327811002731323,260,1820.7251490100002,0.058789063,2.956698,19.292274,0.005102607,1947.21,3516.6460886001587
-0.00049372617,847872,414,847872,0.4313623309135437,252,1820.7970726499998,0.02446289,2.9630747,19.04124,0.0028583691,1947.21,3524.5005326271057
-0.0028231558,849920,415,849920,0.37468546628952026,258,1821.0351242600002,0.03803711,2.9645457,19.141966,0.003517653,1947.21,3532.6079256534576
-0.0023297186,851968,416,851968,0.4470178484916687,357,1821.4572921400002,0.04536133,2.9562957,19.002573,0.004539045,1947.21,3540.538894891739
-0.0038227984,854016,417,854016,0.43787693977355957,397,1821.3678454100002,0.049560547,2.952307,19.110638,0.004379154,1947.21,3546.2636654376984
-0.0006747315,856064,418,856064,0.3808101415634155,273,1821.30070396,0.050878905,2.9661014,19.29095,0.004625209,1947.21,3551.4216969013214
-0.0035865363,858112,419,858112,0.33177584409713745,361,1820.4086479700002,0.05581055,3.0017786,19.443678,0.004409363,1947.21,3558.919661998749
-0.0043481532,860160,420,860160,0.4064866304397583,236,1820.99339361,0.061669923,3.0114446,19.179893,0.005225961,1947.21,3564.590687274933
-0.0022623464,862208,421,862208,0.4380297064781189,315,1820.72809676,0.039892577,3.0132928,19.21814,0.003810035,1947.21,3573.242422103882
-0.0056963107,864256,422,864256,0.3974642753601074,297,1819.9774235099999,0.07036133,3.0190392,19.247734,0.005716986,1947.21,3579.7380435466766
-0.0018203128,866304,423,866304,0.4033617377281189,360,1819.9211890800004,0.015820313,3.0258777,19.208601,0.0018098267,1947.21,3586.622624874115
-0.0020566331,868352,424,868352,0.3941921591758728,282,1819.8201887199998,0.038378906,3.0369225,19.300625,0.0034749932,1947.21,3592.3009691238403
-0.0016536455,870400,425,870400,0.41577422618865967,249,1819.69597496,0.053808592,3.042149,19.338388,0.0046644574,1947.21,3599.5484943389893
-0.0032180906,872448,426,872448,0.38565272092819214,267,1819.71001554,0.07792969,3.0384684,19.314114,0.006051249,1947.21,3607.7682554721832
-0.0005120808,874496,427,874496,0.4550917148590088,314,1819.90251413,0.02607422,3.0398867,19.403408,0.002889286,1947.21,3615.413248062134
-0.0013906924,876544,428,876544,0.396120548248291,366,1819.5618405000005,0.03359375,3.0456502,19.17463,0.0033875562,1947.21,3621.9271383285522
-0.002540097,878592,429,878592,0.39811205863952637,279,1819.8420475600003,0.042626955,3.0438838,19.308483,0.0038794554,1947.21,3627.5120446681976
-0.0019025434,880640,430,880640,0.4714587330818176,297,1819.81498126,0.05356445,3.0406919,19.109653,0.004467353,1947.21,3634.843994617462
-0.0048002624,882688,431,882688,0.42908114194869995,241,1819.6017703,0.06274414,3.0351446,19.263828,0.005261091,1947.21,3641.7307484149933
-0.002859661,884736,432,884736,0.44514334201812744,371,1819.4103642999999,0.050488282,3.034528,19.59163,0.0043061688,1947.21,3650.221950531006
-0.002364255,886784,433,886784,0.4084240794181824,290,1819.2566288399998,0.027929688,3.0380845,18.98331,0.0028612823,1947.21,3655.7292170524597
-0.00074677216,888832,434,888832,0.4317810535430908,302,1819.39356056,0.016064454,3.039737,19.241934,0.002020003,1947.21,3662.780932188034
-0.0017019985,890880,435,890880,0.45455312728881836,321,1819.7293167800003,0.04033203,3.0320227,19.249504,0.003987484,1947.21,3669.5427112579346
-0.0005666918,892928,436,892928,0.4343133568763733,283,1820.40986166,0.021582032,3.0215,19.33964,0.002294434,1947.21,3675.916197538376
-0.0024108947,894976,437,894976,0.4628852605819702,258,1820.5580406500003,0.04067383,3.0233417,18.978397,0.0038488847,1947.21,3683.1334867477417
-0.0031022944,897024,438,897024,0.3829042911529541,309,1820.7629003399998,0.046484374,3.0142462,19.534046,0.004309739,1947.21,3691.05442070961
-0.0017794587,899072,439,899072,0.46689724922180176,336,1821.11018824,0.04448242,3.0063906,19.207829,0.0039424943,1947.21,3697.6649844646454
-0.0022747125,901120,440,901120,0.4150906801223755,323,1821.0747055499999,0.080566406,3.0090804,19.315613,0.006649509,1947.21,3703.7467861175537
-0.00083807687,903168,441,903168,0.43927687406539917,259,1821.0414738000002,0.044921875,3.0168145,19.158264,0.0039024844,1947.21,3710.080373764038
-0.00058961776,905216,442,905216,0.4290390610694885,363,1821.4546338300001,0.02602539,3.0220075,19.103666,0.0028892849,1947.21,3717.9747586250305
-0.0024343159,907264,443,907264,0.4048287272453308,319,1832.9670180700004,0.04873047,3.0213242,19.110935,0.0044427942,1958.34,3723.617213010788
0.00049506046,909312,444,909312,0.38874220848083496,253,1833.26037296,0.02451172,3.0253844,18.987377,0.0025049928,1958.34,3730.027069091797
-0.00078561937,911360,445,911360,0.3849775791168213,317,1833.47941214,0.037744142,3.0267098,18.880701,0.0035345748,1958.34,3738.1003551483154
-0.0019478021,913408,446,913408,0.39108806848526,338,1833.7992514799998,0.052441407,3.01784,19.016987,0.004599965,1958.34,3744.5595331192017
-0.0010852728,915456,447,915456,0.3460537791252136,363,1833.8393034299997,0.04272461,3.0098097,18.958416,0.0038482144,1958.34,3750.6072623729706
-0.0008884895,917504,448,917504,0.40549546480178833,319,1833.9559329399997,0.023339843,3.0147588,19.146738,0.0028313738,1958.34,3756.2412321567535
-0.0010678828,919552,449,919552,0.41394901275634766,341,1834.2020980599998,0.021826172,3.012964,18.92228,0.0023544554,1958.34,3762.6503417491913
-0.0015434425,921600,450,921600,0.4205670952796936,310,1834.3921301099995,0.036230467,3.0060773,18.983055,0.0035237898,1958.34,3768.64990901947
-0.001963343,923648,451,923648,0.4079102873802185,317,1834.61663334,0.026855469,3.0066168,19.036518,0.0028838858,1958.34,3775.2433099746704
-0.0005931923,925696,452,925696,0.3954724073410034,250,1834.74017135,0.017333984,3.007048,18.961683,0.0022062666,1958.34,3781.6855754852295
-0.00038963306,927744,453,927744,0.4053141474723816,247,1834.8957907099998,0.033837892,3.0103385,18.952038,0.003136314,1958.34,3789.8567769527435
-0.0024154885,929792,454,929792,0.381255567073822,255,1835.25577405,0.046582032,3.0077736,18.866484,0.004277346,1958.34,3798.13520526886
-0.0014875086,931840,455,931840,0.4299865961074829,258,1836.20253205,0.01875,2.9958994,18.848951,0.0022984538,1958.34,3806.1635262966156
-0.0020913132,933888,456,933888,0.3989650011062622,330,1836.5360789599997,0.030957032,2.987159,18.88757,0.0032024942,1958.34,3814.072815179825
-0.0033494607,935936,457,935936,0.40788203477859497,362,1836.7791688099999,0.06171875,2.982553,18.922552,0.0052773543,1958.34,3820.2795169353485
-0.0038654346,937984,458,937984,0.43257051706314087,244,1836.82370053,0.05053711,2.9823716,18.857227,0.0043767486,1958.34,3825.9275612831116
-0.0036938183,940032,459,940032,0.39163148403167725,256,1836.89948995,0.06723633,2.98283,18.807219,0.0054888674,1958.34,3834.307157278061
-0.0016394608,942080,460,942080,0.39857327938079834,266,1837.1718569699997,0.07143555,2.9813027,18.93517,0.0055293753,1958.34,3842.298304796219
-0.0009145542,944128,461,944128,0.3787371516227722,374,1837.4128389000005,0.051220704,2.9798734,18.773016,0.004385281,1958.34,3849.973178625107
-0.00051090616,946176,462,946176,0.3711819648742676,315,1837.5745211600004,0.053222656,2.9762866,18.827742,0.004830761,1958.34,3855.4444527626038
-0.0012375722,948224,463,948224,0.3663884997367859,236,1837.6380060200004,0.034960937,2.9715114,18.824093,0.003258795,1958.34,3861.927500963211
7.658005e-05,950272,464,950272,0.37241220474243164,267,1837.7541726800002,0.04448242,2.9636135,18.675575,0.00440109,1958.34,3870.606682062149
-0.0004552023,952320,465,952320,0.3649284243583679,310,1838.0138652000003,0.046240233,2.962939,18.80749,0.0041422397,1958.34,3878.2537174224854
-0.0023365389,954368,466,954368,0.3759700655937195,263,1838.2354899900001,0.05390625,2.9568496,18.775509,0.0046183118,1958.34,3884.847097635269
-0.001177994,956416,467,956416,0.3634255528450012,322,1838.5185198499998,0.05805664,2.949344,18.788036,0.004687938,1958.34,3892.6326246261597
-0.0020044465,958464,468,958464,0.3550196886062622,310,1838.9242668900001,0.060595702,2.9397883,19.060047,0.005255774,1958.34,3898.9930276870728
-0.0013824056,960512,469,960512,0.33024919033050537,255,1839.2321755100002,0.026757812,2.9326527,18.971426,0.0029747367,1958.34,3905.5865635871887
-0.0008083604,962560,470,962560,0.35902535915374756,276,1839.6951402700004,0.028222656,2.921475,18.968136,0.0029846698,1958.34,3913.6123430728912
-0.000518408,964608,471,964608,0.36719441413879395,316,1840.3307947500005,0.04501953,2.9179559,19.119802,0.0040673013,1958.34,3921.0168194770813
-0.000109003835,966656,472,966656,0.3712507486343384,308,1858.4788562000003,0.036621094,2.9035847,19.097027,0.0038954273,1976.42,3927.4866738319397
-0.00034402972,968704,473,968704,0.35697609186172485,264,1858.97938253,0.045996092,2.8943706,19.357655,0.0042680083,1976.42,3934.1331930160522
5.9081405e-05,970752,474,970752,0.3788519501686096,287,1877.3548693700002,0.04350586,2.8900762,19.197453,0.003907283,1994.65,3941.886909008026
-0.0028891098,972800,475,972800,0.3746858835220337,255,1895.5783394099997,0.050927736,2.89278,19.21027,0.0044370317,2012.79,3949.0116095542908
0.00082689757,974848,476,974848,0.34462785720825195,255,1913.86673991,0.06577148,2.8923297,19.292255,0.005330205,2030.92,3957.029226064682
-7.938885e-06,976896,477,976896,0.33037281036376953,261,1914.18125524,0.029248048,2.8845284,19.239946,0.0028890336,2030.92,3965.0429520606995
-0.0035980549,978944,478,978944,0.34664809703826904,293,1932.5063500499998,0.07509766,2.88261,19.274652,0.0058166184,2049.0,3972.8794906139374
-0.0013980006,980992,479,980992,0.33172518014907837,363,1933.07471166,0.030712891,2.8819442,19.19103,0.002872827,2049.0,3979.8597984313965
0.00031851727,983040,480,983040,0.31712669134140015,340,1934.20268103,0.042285156,2.8856065,19.222486,0.0036079374,2049.0,3985.490602016449
-0.0026777484,985088,481,985088,0.38586902618408203,244,1934.50520337,0.054101564,2.8871264,19.065899,0.004666963,2049.0,3991.5000898838043
-0.0023054248,987136,482,987136,0.3605668544769287,341,1935.0460481,0.034716796,2.8932068,19.048708,0.0034786784,2049.0,3999.8794107437134
-0.001922128,989184,483,989184,0.3392847776412964,285,1935.54000459,0.07485352,2.9038744,19.561275,0.0058766557,2049.0,4005.8774633407593
-0.002087751,991232,484,991232,0.3317312002182007,352,1935.8685280900004,0.050341796,2.911451,19.300425,0.0043119895,2049.0,4013.0402693748474
-0.0007307036,993280,485,993280,0.3517429232597351,269,1936.1840676000002,0.022998046,2.913703,19.18256,0.0025622516,2049.0,4018.848273038864
-7.3005656e-05,995328,486,995328,0.3354901075363159,284,1936.70668396,0.05078125,2.917213,19.33566,0.0043125926,2049.0,4026.438322544098
-0.0034187187,997376,487,997376,0.3453454375267029,246,1937.10794707,0.07128906,2.9193594,19.26345,0.006207123,2049.0,4033.6397819519043
-0.0014386426,999424,488,999424,0.3523018956184387,234,1937.3722946599999,0.04345703,2.916288,19.398348,0.004216847,2049.0,4041.949935436249
