clipfrac,time_elapsed,policy_entropy,value_loss,serial_timesteps,total_timesteps,n_updates,ep_len_mean,fps,approxkl,explained_variance,policy_loss,ep_reward_mean
0.04838867,2.6226043701171875e-06,1.4136659,4.8846464,2048,2048,1,55.583333333333336,426,0.004288598,-0.0005288124084472656,-0.0027775397,10.972222222222221
0.036035158,4.8054962158203125,1.4073886,6.597989,4096,4096,2,62.86153846153846,368,0.0035676453,0.012435078620910645,-0.0025299792,11.830769230769231
0.03354492,10.359450817108154,1.3866335,7.118844,6144,6144,3,65.45161290322581,402,0.003983566,0.029562652111053467,-0.0038739375,12.655913978494624
0.018798828,15.454109191894531,1.3614856,12.184716,8192,8192,4,72.68,362,0.0026430294,0.04128319025039673,-0.0018053083,14.66
0.02866211,21.10799264907837,1.3428551,15.796603,10240,10240,5,80.9,418,0.0029476508,0.059860050678253174,-0.003656457,17.84
0.040966798,26.00827383995056,1.3306055,19.554064,12288,12288,6,87.29,415,0.003792306,0.07769542932510376,-0.0033480532,21.37
0.015771484,30.935755252838135,1.3185122,15.595747,14336,14336,7,95.33,384,0.0021861615,0.1041366457939148,-0.0017757559,24.07
0.033496093,36.257824420928955,1.3100151,20.562881,16384,16384,8,104.54,347,0.003432413,0.11234396696090698,-0.0031442847,28.27
0.032958984,42.15814471244812,1.2939332,18.229908,18432,18432,9,111.84,375,0.0036918744,0.1638718843460083,-0.0035303608,31.18
0.039355468,47.61257553100586,1.2822322,18.587788,20480,20480,10,114.55,362,0.003630402,0.1860032081604004,-0.0016474479,32.06
0.028466797,53.26094365119934,1.2730559,23.040874,22528,22528,11,122.69,382,0.0033016664,0.21955639123916626,-0.0021014088,35.14
0.023144532,58.61336922645569,1.2765862,27.905457,24576,24576,12,124.89,390,0.00253003,0.25740188360214233,-0.0012551767,36.16
0.010644531,63.85654640197754,1.2809657,22.409634,26624,26624,13,128.93,361,0.0017186037,0.2821428179740906,-0.00065066,38.85
0.022265624,69.51852202415466,1.2653883,31.163397,28672,28672,14,132.44,391,0.002719568,0.3273801803588867,-0.0017717233,42.88
0.008496094,74.75630474090576,1.2413568,25.417658,30720,30720,15,135.47,381,0.0013983471,0.3321586847305298,-0.0007649482,45.46
0.03354492,80.1235089302063,1.2231582,16.845936,32768,32768,16,133.78,397,0.0037296407,0.3839092254638672,-0.00304563,44.59
0.025390625,85.27702212333679,1.2111923,19.666119,34816,34816,17,135.15,416,0.0029407325,0.3778172731399536,-0.0021001748,45.5
0.01850586,90.19491124153137,1.2122414,20.802967,36864,36864,18,133.87,400,0.0021404005,0.4235321879386902,-0.0014922686,44.37
0.05444336,95.31104898452759,1.2158252,18.208372,38912,38912,19,134.19,386,0.0048087835,0.4537160396575928,-0.003993408,44.8
0.0147949215,100.60780429840088,1.2099297,35.018227,40960,40960,20,136.26,370,0.0018424876,0.43047499656677246,-0.0006003395,47.06
0.052197266,106.13835835456848,1.2065908,20.353273,43008,43008,21,136.16,368,0.004720419,0.48374295234680176,-0.0047185444,46.03
0.022265624,111.70339560508728,1.2057011,24.705526,45056,45056,22,137.46,367,0.0025235,0.490980327129364,-0.0013193646,46.25
0.04116211,117.27473282814026,1.2016166,25.288687,47104,47104,23,139.78,398,0.0037149568,0.5004989504814148,-0.002536396,49.24
0.031445313,122.41846823692322,1.1964617,30.364477,49152,49152,24,140.06,388,0.0034245134,0.5064435303211212,-0.002712835,51.82
0.028466797,127.6928608417511,1.184443,20.793444,51200,51200,25,141.1,409,0.0032498222,0.5237104594707489,-0.002038833,52.1
0.014257813,132.70200395584106,1.175122,18.017323,53248,53248,26,143.48,391,0.0019460259,0.5429637730121613,-0.00061068224,53.33
0.056689452,137.93961000442505,1.1693414,26.171957,55296,55296,27,141.67,416,0.0047413222,0.53355273604393,-0.0048761587,52.12
0.011767578,142.85267090797424,1.1441333,17.961891,57344,57344,28,141.09,397,0.0017864781,0.5600848197937012,-0.0014600987,51.7
0.043164063,148.00346684455872,1.1213838,21.281315,59392,59392,29,140.08,347,0.0040690084,0.5549992918968201,-0.004321967,49.95
0.03251953,153.90234637260437,1.1131047,23.575409,61440,61440,30,141.07,379,0.003548659,0.5819640755653381,-0.0017356377,50.26
0.042138673,159.29764938354492,1.118614,24.435871,63488,63488,31,141.11,393,0.0037295825,0.5781620144844055,-0.002283488,48.75
0.027929688,164.5083076953888,1.1174824,20.793077,65536,65536,32,140.72,349,0.003175173,0.6089541018009186,-0.0018724401,49.14
0.020117188,170.37228679656982,1.1175791,28.636353,67584,67584,33,144.07,390,0.0021505556,0.621344268321991,-0.000282864,52.7
0.020263672,175.61910223960876,1.1243261,15.409628,69632,69632,34,145.04,363,0.002155995,0.6475954651832581,-0.001210323,52.5
0.06455078,181.25800466537476,1.1307617,25.165714,71680,71680,35,144.63,372,0.005111192,0.6410219371318817,-0.0045099603,52.77
0.016308594,186.76287746429443,1.1296667,22.282509,73728,73728,36,147.77,377,0.0020208794,0.6367125511169434,-0.0013093263,54.99
0.017871093,192.18729376792908,1.1178874,19.943745,75776,75776,37,148.47,380,0.0021889403,0.6546263694763184,-0.00077498966,55.36
0.021142578,197.5722005367279,1.1204054,27.066616,77824,77824,38,151.59,359,0.0023326455,0.6682072281837463,-0.0014687879,57.54
0.0145019535,203.26924061775208,1.1350629,18.209398,79872,79872,39,151.75,414,0.0018295329,0.6883216500282288,-0.00090456207,57.01
0.018652344,208.20632481575012,1.1347014,17.375534,81920,81920,40,151.14,401,0.0022731512,0.6994440853595734,-0.00082037394,55.48
0.025048828,213.3150613307953,1.1203684,13.039105,83968,83968,41,149.34,377,0.0026692376,0.701864629983902,-0.0018353823,52.81
0.011572266,218.7348976135254,1.1154487,15.959064,86016,86016,42,151.28,395,0.0017254226,0.7002476751804352,-0.0005407163,53.36
0.020166015,223.92055487632751,1.110749,15.3813505,88064,88064,43,151.92,352,0.002283252,0.7200103998184204,-0.0010221147,53.02
0.038330078,229.7308509349823,1.0991112,16.680302,90112,90112,44,150.14,363,0.0034622834,0.7406672835350037,-0.0031992611,51.33
0.021972656,235.36368250846863,1.1038823,15.441298,92160,92160,45,148.75,359,0.0021974747,0.7420092225074768,-0.00060494954,49.42
0.062207032,241.06015920639038,1.1156956,16.237019,94208,94208,46,148.9,415,0.005129966,0.7286216616630554,-0.0023747757,49.03
0.055517577,245.99061942100525,1.1123694,13.869768,96256,96256,47,148.5,383,0.00457642,0.7541139721870422,-0.0026830428,48.53
0.035351563,251.3261160850525,1.1232386,19.261919,98304,98304,48,151.41,402,0.0029813857,0.7640010863542557,-0.0015135256,51.32
0.05546875,256.41695857048035,1.1354878,14.247696,100352,100352,49,152.41,357,0.0045335805,0.7617850750684738,-0.0038358017,52.62
0.02475586,262.152615070343,1.1336349,18.999592,102400,102400,50,154.0,391,0.0027725303,0.7695983052253723,-0.0019316475,54.54
0.040625,267.38709330558777,1.1289865,20.755896,104448,104448,51,154.94,385,0.003933153,0.7804311811923981,-0.0018899838,55.93
0.028564453,272.70259070396423,1.1221874,12.2014065,106496,106496,52,154.98,386,0.0029308102,0.7890962660312653,-0.0016583714,55.65
0.03779297,278.0081868171692,1.1187551,20.576735,108544,108544,53,157.13,390,0.0035692856,0.7779746949672699,-0.0013632041,57.36
0.03100586,283.25055265426636,1.1241677,11.768873,110592,110592,54,158.18,378,0.0032057117,0.822234570980072,-0.0025103341,58.29
0.053369142,288.66124725341797,1.1181939,11.14015,112640,112640,55,158.21,358,0.004613962,0.8147314935922623,-0.0045497147,57.49
0.034814455,294.37214064598083,1.1063677,10.599373,114688,114688,56,158.28,339,0.0037898247,0.8103304654359818,-0.00201212,56.27
0.076611325,300.41015911102295,1.1074296,9.152714,116736,116736,57,156.79,382,0.0060753776,0.8247582763433456,-0.002277883,53.2
0.03701172,305.76417803764343,1.1179419,11.624865,118784,118784,58,158.57,394,0.0035041063,0.8409303575754166,-0.0030701638,53.1
0.030566406,310.9585485458374,1.1185892,17.0163,120832,120832,59,160.22,394,0.003296405,0.8226985037326813,-0.0011847779,52.31
0.019970704,316.1536726951599,1.1157327,8.975794,122880,122880,60,162.14,365,0.002509941,0.8384969532489777,-0.0008821397,53.02
0.036572266,321.7611825466156,1.1141288,8.800167,124928,124928,61,160.64,393,0.0037203617,0.8475146591663361,-0.003596329,50.12
0.052685548,326.96721029281616,1.1080172,9.809172,126976,126976,62,161.34,395,0.004550417,0.8656365126371384,-0.0009660471,50.43
0.041064452,332.1531789302826,1.0951732,9.684093,129024,129024,63,162.12,364,0.0041225185,0.8595108240842819,-0.003641144,51.31
0.027001953,337.76841926574707,1.0835941,8.841709,131072,131072,64,161.76,343,0.0026450115,0.8601187020540237,-0.0002672576,51.0
0.035449218,343.7380938529968,1.0948249,17.33517,133120,133120,65,165.77,362,0.0031380889,0.851766049861908,-0.00048686535,54.68
0.023779297,349.3956642150879,1.1033895,10.302938,135168,135168,66,166.36,402,0.0029106406,0.8645015954971313,-0.00084318046,54.87
0.04584961,354.4872968196869,1.1045926,14.165007,137216,137216,67,167.12,328,0.0044909734,0.8566077053546906,-0.0038675081,55.06
0.031201173,360.73272347450256,1.0988493,14.063257,139264,139264,68,167.25,397,0.0032551703,0.8616990447044373,-0.00080909795,54.8
0.02216797,365.8843493461609,1.0920494,10.846212,141312,141312,69,169.61,364,0.0026192176,0.8718496412038803,6.881158e-05,56.64
0.0421875,371.50065422058105,1.0863185,11.540255,143360,143360,70,171.73,380,0.0039029326,0.8704607337713242,-0.0009884804,57.87
0.024072265,376.8802366256714,1.0867842,8.464618,145408,145408,71,172.34,405,0.0025633257,0.9023426547646523,-0.0007547059,57.32
0.021337891,381.9327201843262,1.0913802,10.086199,147456,147456,72,176.4,366,0.0022874782,0.8992905169725418,0.00014744748,59.98
0.020117188,387.5241394042969,1.0958358,11.180794,149504,149504,73,179.83,400,0.0024193919,0.8960059881210327,0.00012971865,62.73
0.017236328,392.64557933807373,1.0916374,7.197478,151552,151552,74,176.97,368,0.0024425038,0.9024122729897499,-0.00078763266,59.23
0.02055664,398.2078061103821,1.08801,19.639812,153600,153600,75,182.54,414,0.0023375836,0.8791437819600105,-0.00035728066,63.88
0.024609376,403.1583209037781,1.0826398,2.9598856,155648,155648,76,177.94,376,0.0028231936,0.9248513802886009,-0.0010182629,58.39
0.05732422,408.6026213169098,1.0860809,13.606316,157696,157696,77,179.52,409,0.0047130976,0.9040102586150169,-0.0018235615,60.51
0.025634766,413.6023893356323,1.0951083,14.310641,159744,159744,78,183.68,358,0.0024548185,0.8896916657686234,-0.0014690126,63.18
0.029785156,419.31094694137573,1.0899276,8.428965,161792,161792,79,184.6,402,0.0033277594,0.9086301028728485,-0.0019209901,63.1
0.03178711,424.39741110801697,1.0810664,9.337221,163840,163840,80,184.72,398,0.0032826096,0.9180211052298546,-0.002226108,62.47
0.04399414,429.5333216190338,1.0742639,11.962579,165888,165888,81,187.28,392,0.004081888,0.9191039279103279,-0.0025928367,64.82
0.038623046,434.7477185726166,1.0629213,11.656435,167936,167936,82,189.76,370,0.003568725,0.9257112145423889,-0.0010139026,66.93
0.022802735,440.2703983783722,1.0608628,17.714054,169984,169984,83,195.05,382,0.002578084,0.9038001596927643,-0.0004324796,71.01
0.04472656,445.62952065467834,1.0629761,4.8110514,172032,172032,84,193.33,386,0.004552751,0.9391747526824474,-0.002862768,69.64
0.03334961,450.92604780197144,1.0524039,4.1399965,174080,174080,85,191.38,375,0.003359868,0.9370294660329819,-0.0017192035,66.92
0.023876954,456.37629675865173,1.0418036,6.079528,176128,176128,86,191.98,385,0.002680469,0.9427986815571785,-7.438242e-05,67.35
0.021582032,461.68849873542786,1.0344172,8.043514,178176,178176,87,189.56,373,0.0026567117,0.9316006973385811,-0.0008350485,65.28
0.037060548,467.17558097839355,1.0181224,6.608918,180224,180224,88,188.18,388,0.0036401674,0.94059282168746,-0.000726979,64.75
0.03388672,472.442510843277,1.010455,7.062237,182272,182272,89,185.84,396,0.0032993655,0.9304537400603294,-0.00090095605,61.88
0.050195314,477.60440397262573,1.0040908,7.40961,184320,184320,90,186.83,392,0.004375338,0.947956670075655,-0.0009734586,62.81
0.02734375,482.8211145401001,0.9940785,4.746747,186368,186368,91,184.59,375,0.0028833507,0.9511836096644402,-0.0030695314,59.59
0.066259764,488.2819628715515,0.9874352,8.595269,188416,188416,92,181.91,374,0.0054676766,0.9445386305451393,-0.005200864,57.67
0.05805664,493.74895548820496,0.979167,3.1872077,190464,190464,93,182.47,396,0.004940597,0.9594699703156948,-0.0011061043,57.65
0.044042967,498.92205810546875,0.9756752,8.013151,192512,192512,94,184.29,363,0.003953714,0.9469862245023251,-0.0014849849,60.17
0.042333983,504.55700612068176,0.95869195,7.7185946,194560,194560,95,184.34,385,0.0041571967,0.9450747147202492,-0.0032110487,59.72
0.07915039,509.8646535873413,0.9327372,3.8861604,196608,196608,96,186.33,397,0.00649635,0.9581677578389645,-0.0033709581,61.34
0.043554686,515.0123822689056,0.9344843,3.4039192,198656,198656,97,185.97,363,0.0036061343,0.9656317159533501,-0.0008206441,60.76
0.038427733,520.6423616409302,0.93389875,5.2672358,200704,200704,98,188.42,412,0.0040090373,0.9510724097490311,-0.0014385923,62.58
0.023486327,525.6062006950378,0.932044,6.6822767,202752,202752,99,188.01,389,0.0025371488,0.9511896781623363,-0.00040649832,61.51
0.02216797,530.8643977642059,0.932699,7.5711923,204800,204800,100,190.09,374,0.002527905,0.9558434337377548,4.579696e-05,63.03
0.045703124,536.3295528888702,0.92843616,6.3378,206848,206848,101,188.61,353,0.0039392663,0.9513353258371353,0.0002923449,61.3
0.072265625,542.131341457367,0.9236261,2.5662537,208896,208896,102,187.0,421,0.006303494,0.9694160930812359,-0.0025665315,59.25
0.03461914,546.9881286621094,0.9111949,5.7012277,210944,210944,103,188.22,375,0.0032100354,0.9620015919208527,-0.00075420877,60.0
0.028955078,552.4484717845917,0.9073399,5.0020304,212992,212992,104,191.1,390,0.0029577338,0.9641928933560848,-7.6722274e-05,62.09
0.045410156,557.6934826374054,0.9109022,4.7342415,215040,215040,105,190.63,378,0.004246586,0.9567027427256107,-0.0017040152,60.52
0.06298828,563.1032238006592,0.9188094,5.6298857,217088,217088,106,191.49,404,0.0052080792,0.9582771174609661,-0.000110704335,59.68
0.019189453,568.1625204086304,0.91253024,1.7830105,219136,219136,107,193.07,394,0.0024445548,0.9796373210847378,0.00081850466,61.02
0.06015625,573.3527977466583,0.89756453,2.296537,221184,221184,108,192.74,362,0.0053623277,0.9772506579756737,-0.0020032744,60.83
0.025097657,578.9990603923798,0.88242567,4.712705,223232,223232,109,193.15,361,0.0028732351,0.9673661440610886,-0.0007071998,61.29
0.03666992,584.6588551998138,0.87780255,2.1846595,225280,225280,110,190.31,373,0.003481337,0.9773002658039331,-0.00020905907,59.28
0.028955078,590.1500134468079,0.8844922,1.6413944,227328,227328,111,187.85,399,0.00316551,0.9771165736019611,-0.0013252326,57.54
0.047705077,595.2841308116913,0.88261014,3.4496188,229376,229376,112,186.46,401,0.004362761,0.9741322305053473,-0.0004689629,56.98
0.06357422,600.3820931911469,0.880455,4.213255,231424,231424,113,184.97,404,0.005283923,0.9710877127945423,-0.0022807,56.79
0.06279297,605.4431686401367,0.88087785,1.7693481,233472,233472,114,181.59,381,0.005198282,0.981958931311965,-0.0011249778,55.67
0.048046876,610.8088264465332,0.87464964,3.2247467,235520,235520,115,181.73,402,0.004229018,0.9824813045561314,-0.001180715,57.87
0.02993164,615.903094291687,0.866646,3.6322684,237568,237568,116,181.32,385,0.00315633,0.9776295851916075,-0.00041767932,59.3
0.03671875,621.2135570049286,0.85160196,6.1379185,239616,239616,117,180.4,414,0.0037495415,0.9715198278427124,-0.000697838,59.54
0.043310545,626.1508135795593,0.8335519,1.2972966,241664,241664,118,180.0,386,0.003973094,0.9868233175948262,-0.0006623055,60.75
0.03569336,631.4462451934814,0.8275325,6.4853544,243712,243712,119,181.47,390,0.0032670505,0.9741428382694721,-0.00023815283,63.48
0.025927734,636.6984057426453,0.82376194,4.950035,245760,245760,120,185.38,388,0.0026948967,0.9766040071845055,-2.0917209e-05,68.44
0.01826172,641.9686954021454,0.8203023,1.5683128,247808,247808,121,184.64,420,0.0024336516,0.9862614860758185,-0.00036493826,67.94
0.03227539,646.8378722667694,0.80729944,2.2158628,249856,249856,122,184.11,376,0.00324015,0.9856970328837633,-0.0019183379,68.05
0.035498045,652.280914068222,0.79723924,1.1554497,251904,251904,123,184.24,383,0.003428004,0.9894956042990088,0.00081913045,69.48
0.056689452,657.6230161190033,0.7876507,4.3576837,253952,253952,124,184.6,397,0.004941135,0.9809067640453577,-0.0015123754,70.33
0.035351563,662.7824327945709,0.7728429,4.3646555,256000,256000,125,186.78,318,0.0035258587,0.9819128140807152,0.0008062835,72.59
0.038916014,669.2142055034637,0.75571066,2.3064253,258048,258048,126,186.3,379,0.0038955328,0.9868234228342772,-0.00075972447,72.19
0.017480468,674.6144366264343,0.7427376,1.9209067,260096,260096,127,187.71,409,0.002174692,0.9880547234788537,0.00081052317,73.14
0.038476564,679.6166958808899,0.7325491,3.2475467,262144,262144,128,186.53,395,0.0037002838,0.9829965438693762,-2.9576802e-05,71.65
0.03251953,684.7939529418945,0.727227,0.80673474,264192,264192,129,187.45,380,0.0030136958,0.9931947099976242,0.0006817912,72.35
0.035253905,690.1782817840576,0.7183309,1.5205941,266240,266240,130,186.35,398,0.003429429,0.9893174031749368,0.00035445084,71.29
0.04951172,695.3236262798309,0.7084193,0.9527868,268288,268288,131,185.06,397,0.004304289,0.9909685794264078,-0.0015167249,69.81
0.041796874,700.4729924201965,0.69865835,1.4349183,270336,270336,132,185.31,397,0.0038133287,0.9911054102703929,-4.7293735e-05,69.7
0.030566406,705.6228461265564,0.69012105,2.0017037,272384,272384,133,186.2,408,0.0031288571,0.988657008856535,9.766172e-05,70.05
0.03779297,710.6359932422638,0.68581355,1.7017332,274432,274432,134,183.1,367,0.003435947,0.9890542486682534,-0.0006811904,66.46
0.035986327,716.2131667137146,0.6890217,1.6077225,276480,276480,135,182.09,342,0.0033230805,0.9894806668162346,0.00053817715,65.13
0.054785155,722.1954963207245,0.67959857,1.979311,278528,278528,136,180.31,391,0.004771413,0.988041621632874,-0.00051409716,63.15
0.044384766,727.433679819107,0.6707042,0.36972338,280576,280576,137,178.0,368,0.003930404,0.9963623317889869,0.0012634064,60.57
0.046191406,732.9952816963196,0.6647524,1.111491,282624,282624,138,177.38,361,0.0041153072,0.9912513066083193,-0.0013553922,59.78
0.04526367,738.6641962528229,0.6563935,1.5611548,284672,284672,139,178.28,412,0.0041080243,0.989916168153286,-0.0010611993,59.95
0.054052733,743.6354281902313,0.64160717,0.83138674,286720,286720,140,180.49,386,0.0045503443,0.99391924822703,-0.0015158856,61.75
0.076367185,748.9399390220642,0.6289348,0.57952034,288768,288768,141,178.31,399,0.0066214004,0.9953006845898926,-0.00054446637,59.33
0.084228516,754.0728125572205,0.60998863,0.29645962,290816,290816,142,178.5,410,0.0069548176,0.9970561363734305,-0.004811964,59.81
0.045996092,759.0580184459686,0.5977912,1.4917551,292864,292864,143,177.18,427,0.004129144,0.9918421981856227,0.00072902936,58.9
0.046582032,763.8482398986816,0.59257346,1.1384398,294912,294912,144,178.57,445,0.0041483985,0.9935613484121859,0.00024527838,60.85
0.067871094,768.4488799571991,0.580451,0.49822634,296960,296960,145,177.51,369,0.00551557,0.9956981637515128,-0.0030359956,60.23
0.049462892,773.9984319210052,0.5538329,0.29846853,299008,299008,146,177.08,389,0.004792661,0.9975154588464648,-0.00047513322,60.37
0.051757812,779.2541444301605,0.5320069,2.3752863,301056,301056,147,176.3,362,0.0046599335,0.9895268008112907,-0.0012328197,60.17
0.08618164,784.908894777298,0.52531606,1.0296564,303104,303104,148,177.2,410,0.007077483,0.9948335643857718,-0.0020398023,62.11
0.04536133,789.9000754356384,0.5253979,1.0702807,305152,305152,149,179.8,384,0.0041202577,0.9950371636077762,-0.0006741001,65.66
0.059375,795.2246041297913,0.51740414,1.4775279,307200,307200,150,181.46,423,0.0049276976,0.9928691647946835,0.0011073134,67.75
0.061523438,800.0618827342987,0.51371896,1.2759855,309248,309248,151,181.51,392,0.005147052,0.9918880444020033,-0.0006472982,67.66
0.09487305,805.2820219993591,0.5120107,0.58436227,311296,311296,152,180.33,389,0.007558141,0.9954717364162207,-0.001792537,66.69
0.051171876,810.5366837978363,0.5042633,1.0194811,313344,313344,153,180.24,373,0.004378941,0.994464308489114,3.422723e-05,66.75
0.091992185,816.0242855548859,0.49054843,0.2596935,315392,315392,154,181.18,397,0.007456892,0.9978541962336749,-0.003474287,67.82
0.08339844,821.1754999160767,0.4720785,0.7459236,317440,317440,155,181.22,438,0.0070533403,0.9940276648849249,0.0009914391,67.6
0.059521485,825.8500952720642,0.45385233,1.3222487,319488,319488,156,181.56,428,0.0050851367,0.993983477819711,-0.001169171,68.04
0.10864258,830.6276972293854,0.442488,0.5134823,321536,321536,157,178.57,402,0.00896486,0.9965122919529676,0.001059009,64.34
0.08183594,835.7155439853668,0.43527237,0.71882695,323584,323584,158,176.94,404,0.006586235,0.9956322009675205,0.00080749503,62.48
0.05961914,840.7779498100281,0.42685896,1.9817619,325632,325632,159,178.09,325,0.005072577,0.9929015766829252,-0.00080297736,63.46
0.07851563,847.0763423442841,0.41386476,0.98235404,327680,327680,160,179.15,420,0.006310576,0.994398383423686,-0.0036676428,64.3
0.06552734,851.9485261440277,0.40877086,0.70770514,329728,329728,161,179.27,385,0.005329421,0.9941663299687207,0.00086575735,63.64
0.07050781,857.2693877220154,0.3994833,0.7033041,331776,331776,162,178.27,437,0.0063149096,0.9951674859039485,0.0002720307,62.56
0.09536133,861.9509744644165,0.37922844,0.6188264,333824,333824,163,179.91,383,0.00793615,0.9967824826017022,-0.0035949007,64.08
0.072460935,867.2895655632019,0.37429738,0.27982256,335872,335872,164,180.02,435,0.005909826,0.9977131495252252,-0.00088313146,64.41
0.0546875,871.995005607605,0.37733924,0.6311543,337920,337920,165,180.19,362,0.0046908017,0.9966457630507648,0.0014083991,64.96
0.0796875,877.6417462825775,0.37566903,0.84066695,339968,339968,166,180.02,367,0.0062216152,0.9953423542901874,-0.0021620735,64.88
0.07348633,883.2174017429352,0.36879152,0.8370161,342016,342016,167,179.77,425,0.006033724,0.9961191709153354,-0.00031759622,64.72
0.08618164,888.03648853302,0.35666758,0.3032304,344064,344064,168,178.28,376,0.0066832183,0.9973649480380118,0.0009214255,63.39
0.09536133,893.4719879627228,0.35415083,0.7434634,346112,346112,169,176.81,416,0.007715971,0.9949834565632045,0.0004664894,62.62
0.09907226,898.3903303146362,0.35212392,0.1457144,348160,348160,170,176.98,399,0.008259901,0.9988920593168586,0.0011671779,63.53
0.070898436,903.5165712833405,0.3398477,2.169105,350208,350208,171,179.56,372,0.005881103,0.9940011482685804,0.0011643062,66.25
0.0730957,909.0110473632812,0.32807904,0.556729,352256,352256,172,179.51,393,0.005965467,0.9975455375388265,-0.0035237311,66.44
0.07504883,914.2110185623169,0.32217506,0.92211133,354304,354304,173,182.98,401,0.0063532903,0.996343658072874,0.0016922418,70.15
0.07382812,919.3188445568085,0.32351267,0.19479282,356352,356352,174,182.6,418,0.006156943,0.998881368082948,0.0017860814,70.33
0.07709961,924.2112822532654,0.33242792,0.5379783,358400,358400,175,182.95,440,0.0062640994,0.9967317678965628,0.00056865544,70.92
0.053466797,928.8596043586731,0.3405103,0.33601218,360448,360448,176,180.97,377,0.0044661653,0.9973920225165784,0.0029710387,69.09
0.087646484,934.2864124774933,0.3422193,0.42484432,362496,362496,177,181.07,408,0.0066959215,0.9968280328903347,-0.0009158511,69.46
0.08491211,939.2989649772644,0.3454451,1.6000364,364544,364544,178,183.16,417,0.0069636432,0.9945733705535531,0.0015738854,71.98
0.056152344,944.2014367580414,0.34562927,0.84311783,366592,366592,179,185.41,392,0.0046708076,0.9967855638824403,0.0015744746,74.63
0.107226565,949.4188716411591,0.32824388,0.5831238,368640,368640,180,184.7,395,0.009384918,0.9978223997168243,-0.00060754886,74.81
0.11411133,954.5922999382019,0.30475575,0.20963904,370688,370688,181,183.25,396,0.009713395,0.9985067909583449,-0.0012976421,73.6
0.0793457,959.7632124423981,0.29957467,0.5739794,372736,372736,182,180.79,391,0.0062305806,0.9970791072119027,0.001037577,71.64
0.059277344,964.9944741725922,0.3030893,1.085473,374784,374784,183,182.67,393,0.0048503354,0.996059050783515,0.00019615334,73.37
0.058300782,970.2021291255951,0.29230312,0.4939026,376832,376832,184,183.93,397,0.0049974006,0.9978734159376472,-0.0010472996,74.66
0.06479492,975.352058172226,0.29083318,0.49267215,378880,378880,185,186.16,370,0.005239694,0.9974715961143374,-0.0007308473,76.82
0.057421874,980.8882937431335,0.30106717,0.6705979,380928,380928,186,188.29,373,0.0047750543,0.9975735356565565,0.0008224177,78.98
0.09404297,986.3746709823608,0.29511756,0.11228563,382976,382976,187,189.21,399,0.007274271,0.9990230319090188,0.0027112332,80.06
0.091845706,991.5001695156097,0.2887184,0.20526703,385024,385024,188,185.43,404,0.0068802154,0.9984681610949337,-0.001199233,75.92
0.09213867,996.560474395752,0.28699428,0.17942901,387072,387072,189,181.4,407,0.0077427393,0.9982495151925832,5.1319475e-05,71.73
0.071777344,1001.5831778049469,0.28329134,0.52079624,389120,389120,190,182.17,405,0.0056817206,0.9976997443009168,-0.0018883474,72.45
0.057177734,1006.6353588104248,0.27178118,0.30096716,391168,391168,191,182.2,396,0.0052538724,0.9984679628396407,0.0006380504,72.71
0.08979492,1011.8052508831024,0.25359958,0.15078814,393216,393216,192,179.76,397,0.006936811,0.9989451074507087,0.0035152012,70.73
0.06430664,1016.9559834003448,0.25180784,0.4125634,395264,395264,193,177.27,423,0.0055252016,0.9974881017114967,0.0015751736,68.69
0.06640625,1021.7986056804657,0.25741678,0.7024,397312,397312,194,174.15,352,0.005565971,0.9959679623134434,0.0017484218,65.78
0.07919922,1027.6117177009583,0.27325597,0.37043133,399360,399360,195,170.83,390,0.006629498,0.9967622966505587,0.00041822103,62.77
0.08666992,1032.8607127666473,0.27837723,0.24719462,401408,401408,196,171.11,407,0.006709204,0.9988262644037604,-0.0019973067,63.48
0.083935544,1037.8861536979675,0.27084643,0.6787422,403456,403456,197,174.26,439,0.0068755625,0.9976540834177285,0.0006866212,66.91
0.06313477,1042.5511469841003,0.2642403,0.51402813,405504,405504,198,176.47,433,0.0050665345,0.9979223217815161,0.00090162514,69.5
0.10883789,1047.2749826908112,0.2662625,0.27020073,407552,407552,199,174.45,431,0.009176549,0.9972439357079566,0.0049092127,67.33
0.059326172,1052.022250175476,0.27000958,0.34068593,409600,409600,200,171.97,391,0.005078101,0.9978877764660865,-0.00016577593,64.64
0.10424805,1057.2618758678436,0.2745935,0.24472351,411648,411648,201,170.35,419,0.008041179,0.9977802431676537,0.00022061239,62.7
0.055761717,1062.1511442661285,0.2755577,0.75058913,413696,413696,202,171.61,420,0.0044773975,0.9970407420769334,0.0026920033,63.96
0.059912108,1067.0189805030823,0.27718073,0.2737003,415744,415744,203,174.56,382,0.0049487567,0.9987182104960084,0.00033387385,67.44
0.06196289,1072.3736791610718,0.27658117,0.28000027,417792,417792,204,175.84,367,0.0051655313,0.9983374919975176,0.00248282,68.88
0.10043945,1077.955039024353,0.27364329,0.52939606,419840,419840,205,174.51,421,0.008116527,0.9973635964561254,0.001391421,67.19
0.06938477,1082.813376903534,0.27161393,0.89344406,421888,421888,206,174.27,418,0.005709269,0.996151213767007,0.00089938985,66.47
0.0753418,1087.7095742225647,0.26645637,0.2808445,423936,423936,207,174.12,404,0.006044987,0.9980724616907537,0.0018315706,65.61
0.06875,1092.7686741352081,0.27000707,0.5572559,425984,425984,208,177.29,417,0.00543451,0.9976457697339356,-0.0005129195,69.18
0.092236325,1097.6725928783417,0.27137285,0.3856488,428032,428032,209,178.3,399,0.007891918,0.998178509180434,-0.00018440586,69.95
0.11450195,1102.7997176647186,0.26097962,0.13044997,430080,430080,210,179.57,433,0.00922876,0.9990142461610958,-0.0008504838,71.51
0.08647461,1107.5282499790192,0.2633068,0.35844615,432128,432128,211,179.97,393,0.00693286,0.9981358167715371,0.0009344014,71.96
0.054345705,1112.740228652954,0.2629066,0.47029534,434176,434176,212,179.56,364,0.0047480026,0.9980378530453891,0.0006726495,70.81
0.08701172,1118.3591725826263,0.25427073,0.6459909,436224,436224,213,179.43,422,0.0069418936,0.9967109395656735,0.00031951824,69.58
0.08964844,1123.2101619243622,0.25968543,0.96134555,438272,438272,214,178.75,389,0.0072281645,0.9932896327227354,0.004614404,68.41
0.069042966,1128.473886013031,0.26102042,0.47566825,440320,440320,215,178.44,394,0.005715,0.9977414035238326,0.0021775975,68.97
0.095703125,1133.6632874011993,0.25947443,0.84098303,442368,442368,216,181.11,393,0.007811267,0.9973451551049948,-0.00018070303,71.85
0.12597656,1138.8719489574432,0.2545696,0.38415033,444416,444416,217,179.26,420,0.0097301,0.9975656250026077,-0.003755378,69.57
0.14580078,1143.7496182918549,0.267222,0.1423325,446464,446464,218,179.4,397,0.012168751,0.9991022545727901,-0.009029884,69.76
0.049951173,1148.9046592712402,0.27168074,0.44839793,448512,448512,219,181.42,432,0.0043596206,0.9981413291534409,0.0023789192,71.52
0.070214845,1153.637258052826,0.26729602,0.8726301,450560,450560,220,183.06,381,0.0057005556,0.9969616229645908,0.000923443,72.97
0.110888675,1159.0100252628326,0.2582247,0.26608792,452608,452608,221,180.52,435,0.008785533,0.9984565859194845,-0.0019139394,70.6
0.06801758,1163.7165195941925,0.25537843,0.7277972,454656,454656,222,180.77,381,0.0055410964,0.9968246778007597,0.0020264343,71.01
0.09624024,1169.0834617614746,0.25528157,0.30704498,456704,456704,223,182.72,392,0.00768077,0.998211219906807,0.0020651608,72.86
0.10981445,1174.3055160045624,0.25753674,0.4160962,458752,458752,224,183.39,397,0.008510813,0.9977777546737343,0.0028887247,72.7
0.07924805,1179.4564604759216,0.2576794,0.38341668,460800,460800,225,181.72,379,0.006159422,0.9986130906036124,0.0014835434,69.95
0.08901367,1184.8521089553833,0.2559951,0.17436242,462848,462848,226,181.84,368,0.007196429,0.9984883986180648,0.0023945342,69.87
0.10268555,1190.4099507331848,0.25478724,0.8456522,464896,464896,227,183.69,423,0.007967005,0.9966911140363663,-0.006887471,70.67
0.109033205,1195.243976354599,0.2560796,0.14951432,466944,466944,228,183.28,423,0.008390317,0.9992169968318194,-0.0027446938,70.63
0.106738284,1200.0814349651337,0.24221548,0.12521204,468992,468992,229,182.84,433,0.008705731,0.9993108915514313,-0.00083010586,69.83
0.06499024,1204.8042492866516,0.21640244,0.891125,471040,471040,230,186.5,372,0.005591569,0.9973402719479054,-0.0007835448,72.59
0.08251953,1210.2988393306732,0.20210318,1.0752856,473088,473088,231,187.69,428,0.0068953163,0.9968448104336858,0.00048177363,73.07
0.14521484,1215.0780200958252,0.20499381,0.37462312,475136,475136,232,188.23,418,0.013314998,0.9977958872914314,-0.0012121504,73.98
0.11279297,1219.9752888679504,0.20201692,0.18761578,477184,477184,233,186.56,377,0.009728362,0.9986468349816278,0.00035766372,72.46
0.11459961,1225.4060442447662,0.20683563,0.61729777,479232,479232,234,185.4,363,0.009151093,0.9966751709580421,0.0009697083,71.44
0.10083008,1231.037698507309,0.22462718,1.065642,481280,481280,235,187.02,408,0.008369895,0.9937899145297706,-0.000902275,72.25
0.097558595,1236.05424118042,0.239326,0.5414082,483328,483328,236,184.5,411,0.0080982605,0.9962621766608208,-0.0010226178,69.71
0.09350586,1241.03076338768,0.2485533,0.34337902,485376,485376,237,185.36,374,0.00726415,0.9986291629029438,4.9269023e-05,70.05
0.12246094,1246.5025284290314,0.24942267,0.5701121,487424,487424,238,187.97,390,0.009774936,0.9981532146921381,-0.0016615853,73.21
0.11357422,1251.7430083751678,0.24317989,0.27301973,489472,489472,239,186.47,395,0.009530583,0.9984599887393415,-0.00045959846,72.24
0.071777344,1256.923101902008,0.23187132,0.92159975,491520,491520,240,184.7,426,0.005912654,0.9962290185503662,0.0012649001,69.74
0.107861325,1261.7316763401031,0.22836521,0.10047146,493568,493568,241,185.88,350,0.008978228,0.9993877959786914,-0.0017692756,70.5
0.050927736,1267.5682559013367,0.22801523,0.5402144,495616,495616,242,187.67,388,0.0042928713,0.997861006995663,0.00022675609,71.91
0.08842774,1272.8353872299194,0.23018506,0.52702415,497664,497664,243,188.6,405,0.0069902935,0.9978902826551348,-0.0010152529,71.86
0.058935545,1277.8872528076172,0.23412593,0.35814747,499712,499712,244,189.67,362,0.004775525,0.9983041192172095,-0.00053339254,73.61
0.079589844,1283.5445141792297,0.23445418,0.51555073,501760,501760,245,192.41,397,0.0062822206,0.9981765614356846,0.0016481515,76.42
0.08198242,1288.6980142593384,0.23147483,0.7421796,503808,503808,246,193.07,399,0.0064232475,0.9975688818376511,-0.0037436846,76.9
0.107666016,1293.827629327774,0.23029885,0.53632593,505856,505856,247,194.41,376,0.009011861,0.9979578640777618,0.0015727455,77.66
0.093652345,1299.2703759670258,0.22764203,0.6519251,507904,507904,248,193.03,429,0.007440456,0.9973142298404127,0.0011347384,75.98
0.12055664,1304.044010400772,0.22555265,0.33391148,509952,509952,249,191.64,366,0.010238286,0.9979020168539137,0.0043004523,74.66
0.09658203,1309.6261940002441,0.22804424,0.34913495,512000,512000,250,192.94,379,0.008071056,0.9986787894740701,-0.0016431867,75.63
0.123535156,1315.027013540268,0.23169498,0.5119394,514048,514048,251,191.17,382,0.010529924,0.9960467298515141,0.004170385,73.71
0.095019534,1320.3891503810883,0.25008675,0.23323381,516096,516096,252,191.19,401,0.0075598927,0.9988490415271372,-0.0014058575,73.56
0.08569336,1325.4955823421478,0.25518912,0.7928711,518144,518144,253,190.21,407,0.0069230916,0.9961187776643783,0.0022973353,72.63
0.07197265,1330.5182769298553,0.24777946,0.29475933,520192,520192,254,191.2,395,0.0055599557,0.9987532674567774,0.001951705,73.4
0.111279294,1335.702932357788,0.25322086,0.24870732,522240,522240,255,186.67,382,0.009218983,0.9979592601303011,-0.0010219698,68.04
0.118945315,1341.0646147727966,0.2722469,0.43032447,524288,524288,256,186.25,437,0.009133584,0.997840269934386,-0.0015560671,67.65
0.08505859,1345.7423975467682,0.2813295,1.1518251,526336,526336,257,188.61,375,0.0066729835,0.9969819255638868,0.0023035153,69.78
0.122607425,1351.1919260025024,0.2821412,0.43950343,528384,528384,258,188.48,419,0.009420434,0.9975827431771904,-0.0017691755,69.0
0.11694336,1356.0705921649933,0.2818973,1.1210347,530432,530432,259,189.65,435,0.010255366,0.9964193226769567,0.0013801189,69.78
0.11987305,1360.77925157547,0.2860426,1.2456076,532480,532480,260,189.92,415,0.009982168,0.9935155059210956,0.0028448259,70.3
0.08457031,1365.7064023017883,0.2942714,1.9286753,534528,534528,261,189.7,385,0.007212803,0.9887222293764353,-0.00063908444,70.43
0.101220705,1371.0257992744446,0.29624093,3.3508873,536576,536576,262,192.0,404,0.007848155,0.9907883098348975,0.0029103043,73.24
0.08710937,1376.0926988124847,0.28516984,1.5715711,538624,538624,263,192.76,429,0.0072298446,0.9955833554267883,0.0005082564,73.91
0.100976564,1380.863646030426,0.26679176,0.18675269,540672,540672,264,192.97,405,0.008376565,0.9986865429673344,0.0013263534,74.61
0.10341797,1385.9204602241516,0.25650242,0.5947109,542720,542720,265,192.05,386,0.0080455765,0.9960281495004892,0.0016431283,73.8
0.08164062,1391.2222027778625,0.25271142,0.6905967,544768,544768,266,189.71,426,0.0063738064,0.9975960338488221,0.0017151341,71.99
0.10014649,1396.023511171341,0.24866955,0.70489734,546816,546816,267,190.44,406,0.008569106,0.9970778462011367,-0.00026693667,73.48
0.13676758,1401.0641083717346,0.25619015,0.93130267,548864,548864,268,191.11,400,0.010843763,0.9940188708715141,0.0027857525,74.84
0.096142575,1406.176976442337,0.25678262,0.1622684,550912,550912,269,187.68,382,0.0077270977,0.9990386919234879,-0.0011501859,71.85
0.099853516,1411.5379152297974,0.25189823,0.36387572,552960,552960,270,187.46,404,0.0084057525,0.9982398113934323,0.0037126902,72.34
0.07114258,1416.5971820354462,0.2605706,0.5872538,555008,555008,271,187.77,403,0.0057167485,0.9971839885693043,-7.623754e-05,72.84
0.09194336,1421.6762855052948,0.26612133,0.7161399,557056,557056,272,186.91,426,0.0080597345,0.9968870976008475,-0.00061481196,71.96
0.09267578,1426.4852442741394,0.26695237,0.29771876,559104,559104,273,183.27,405,0.0074576675,0.9976264245342463,0.0003926279,66.8
0.079589844,1431.540051460266,0.2707921,0.49165463,561152,561152,274,183.76,379,0.007196383,0.9972314604092389,-4.710685e-05,67.07
0.09443359,1436.9313671588898,0.2720936,0.41290516,563200,563200,275,184.12,411,0.007155888,0.9979964506346732,-0.0013018325,67.03
0.080322266,1441.9084706306458,0.28058168,0.47672516,565248,565248,276,182.9,406,0.0062439498,0.998176395194605,-0.00036448502,65.97
0.08496094,1446.9427144527435,0.29198048,0.37600452,567296,567296,277,183.86,403,0.006566712,0.9972918836865574,0.0010072038,66.85
0.09057617,1452.0152523517609,0.30111703,0.35568625,569344,569344,278,184.14,399,0.0072639817,0.9986191213829443,-0.0010997356,67.08
0.08754883,1457.1403331756592,0.30799136,0.9762904,571392,571392,279,183.6,378,0.0071810633,0.994288005400449,0.0014755337,65.7
0.08618164,1462.5491774082184,0.31754878,0.24162388,573440,573440,280,183.18,394,0.0068401257,0.9988409538054839,0.0023400763,65.04
0.12456055,1467.744866847992,0.33294517,0.3375638,575488,575488,281,181.55,411,0.0103021795,0.9958366742357612,-0.00012014839,63.8
0.096191406,1472.7179975509644,0.33608246,0.33527058,577536,577536,282,182.34,408,0.008949826,0.9976289926562458,0.0020126733,66.02
0.056640625,1477.7293994426727,0.3389352,0.860233,579584,579584,283,182.92,372,0.0046668043,0.9968438150826842,0.0023398548,66.65
0.09907226,1483.2354135513306,0.3456124,0.3492784,581632,581632,284,182.96,360,0.007920596,0.9980224596802145,0.0010733833,67.53
0.05649414,1488.914897441864,0.3492758,0.6130731,583680,583680,285,181.72,369,0.0047303797,0.9973279049154371,0.0020791197,66.06
0.07260742,1494.4616599082947,0.35562497,0.6984688,585728,585728,286,183.17,436,0.0057097515,0.9965000594966114,0.0015186273,67.48
0.10043945,1499.1544060707092,0.36810374,0.17061248,587776,587776,287,181.09,408,0.00821281,0.9988065958023071,0.0008430599,65.52
0.13305664,1504.1756546497345,0.36635736,0.268583,589824,589824,288,180.54,409,0.01145917,0.9980904283002019,0.00032807613,65.45
0.07705078,1509.1846280097961,0.35936546,0.5927216,591872,591872,289,180.94,406,0.0062531964,0.9977258190046996,0.0032354612,65.71
0.09487305,1514.2192516326904,0.35381213,0.5472647,593920,593920,290,182.95,374,0.0072543686,0.9968250310048461,0.002514222,67.66
0.10844727,1519.6883735656738,0.34574032,0.17631146,595968,595968,291,184.09,393,0.008457834,0.9990446798037738,-0.003128678,68.71
0.062158205,1524.8950912952423,0.35175362,0.46790576,598016,598016,292,183.65,408,0.005066269,0.9980095343198627,0.0015689135,68.52
0.08071289,1529.9082770347595,0.35903612,0.4520696,600064,600064,293,184.38,396,0.006825504,0.9977548960596323,3.148045e-06,68.89
0.080029294,1535.069272518158,0.3571961,0.34126884,602112,602112,294,184.06,421,0.00657093,0.9979440879542381,0.0013221033,68.24
0.07285156,1539.9318263530731,0.35794693,0.7388984,604160,604160,295,184.49,436,0.0059823524,0.9966847917530686,0.00082896976,68.33
0.08647461,1544.627328634262,0.3561774,0.9169358,606208,606208,296,187.28,390,0.007061089,0.9970279571134597,0.0012372076,71.61
0.08476563,1549.8715913295746,0.36011457,0.18685375,608256,608256,297,188.91,435,0.0069667115,0.9989250206854194,0.0018663164,73.53
0.0831543,1554.5788452625275,0.36556247,0.13744518,610304,610304,298,187.35,407,0.0066840565,0.9991820700815879,0.0010784267,71.8
0.107470706,1559.605797290802,0.35414523,0.8768295,612352,612352,299,190.61,413,0.009424253,0.9968634750694036,0.0001082699,75.27
0.059423827,1564.5617580413818,0.33940902,0.6453372,614400,614400,300,192.06,415,0.0051089786,0.9975789876189083,0.0011975043,76.25
0.12089844,1569.4944171905518,0.33708897,0.27310705,616448,616448,301,190.96,383,0.009706372,0.9984601875767112,-0.00084471906,74.57
0.07519531,1574.8413815498352,0.33311087,0.41520444,618496,618496,302,191.27,399,0.0061080134,0.9978434145450592,0.0021535242,74.9
0.07050781,1579.9631774425507,0.32893857,0.3807246,620544,620544,303,191.47,436,0.005684557,0.9979392313398421,-0.0011807868,74.82
0.07358398,1584.6585354804993,0.31994608,0.18718162,622592,622592,304,190.44,324,0.0061925175,0.9985946309752762,0.0016867013,73.47
0.082373045,1590.97713804245,0.319354,0.23075345,624640,624640,305,190.43,403,0.00662065,0.9989355863071978,-0.0043952786,72.84
0.12924805,1596.058165550232,0.32185394,1.0806569,626688,626688,306,190.16,393,0.010399344,0.9950350010767579,0.001702015,72.35
0.11679687,1601.2638218402863,0.3292493,0.74063706,628736,628736,307,190.03,420,0.009502578,0.9957058629952371,1.2615341e-05,71.4
0.105566405,1606.1411159038544,0.34561723,0.3816897,630784,630784,308,187.56,374,0.008729219,0.9969689061399549,0.0013941734,68.37
0.06147461,1611.6143510341644,0.3402645,0.5528541,632832,632832,309,186.8,382,0.0050975564,0.9977619561832398,0.00017750444,67.69
0.08457031,1616.964081287384,0.32851934,0.36691082,634880,634880,310,187.77,400,0.006958118,0.9983699762960896,0.0034143142,68.28
0.09648438,1622.0765707492828,0.33328766,0.120156206,636928,636928,311,186.91,371,0.0075604455,0.9991068479721434,-0.00018865764,66.58
0.09492187,1627.5898072719574,0.34392318,0.24698326,638976,638976,312,189.64,364,0.007098984,0.9991166100953706,-0.0038816407,68.81
0.07050781,1633.214554309845,0.3533492,0.7056935,641024,641024,313,191.59,398,0.0056625595,0.9970939299091697,0.0019619525,70.15
0.07319336,1638.3565492630005,0.3511183,0.387304,643072,643072,314,193.68,377,0.0058582677,0.9985496347071603,-0.0005958417,71.48
0.059814453,1643.782180070877,0.34969628,0.7907002,645120,645120,315,195.87,366,0.004978389,0.9976271374616772,-0.0006556174,72.36
0.095214844,1649.375230550766,0.35139534,0.19122677,647168,647168,316,196.85,407,0.0079319235,0.998758258880116,0.0012042463,73.1
0.058398437,1654.4017870426178,0.3584078,0.82368946,649216,649216,317,197.51,360,0.0049313693,0.9973080002237111,0.0024031638,74.11
0.08383789,1660.0792746543884,0.37185353,0.23847885,651264,651264,318,199.95,406,0.0068626134,0.9983488766010851,0.0034722437,75.63
0.09584961,1665.1139481067657,0.3736995,0.35304552,653312,653312,319,198.71,416,0.007996453,0.9980473160976544,0.0024391213,73.49
0.07919922,1670.0371339321136,0.36935616,0.6169002,655360,655360,320,200.51,392,0.006367749,0.9968108197208494,0.0025867568,74.88
0.052734375,1675.2512784004211,0.36298925,1.1952897,657408,657408,321,204.1,379,0.00464901,0.9971235259436071,0.0011162208,77.74
0.10366211,1680.6443676948547,0.3562257,0.23322889,659456,659456,322,200.47,385,0.008662368,0.9987031411146745,0.00089847855,74.21
0.054882813,1685.9546897411346,0.35370845,0.34347397,661504,661504,323,202.49,422,0.004655789,0.9984044252196327,0.0010319955,75.87
0.07504883,1690.8011965751648,0.34906587,0.25164708,663552,663552,324,200.83,384,0.0062935324,0.9983755747089162,0.002764918,74.57
0.088574216,1696.1295869350433,0.34521237,0.75465673,665600,665600,325,197.76,398,0.007371089,0.9966825644951314,0.0038361833,71.43
0.07856445,1701.2743544578552,0.3340189,0.26083988,667648,667648,326,196.28,407,0.006865058,0.9970741192810237,0.0040477174,69.0
0.092285156,1706.3013908863068,0.3308746,0.32067543,669696,669696,327,195.66,431,0.0071579916,0.9985311585478485,0.0013460125,68.04
0.1206543,1711.0542225837708,0.31799558,0.1750665,671744,671744,328,193.78,381,0.010553832,0.9981039960402995,0.0019291958,65.78
0.10639648,1716.4224500656128,0.3124079,0.10232456,673792,673792,329,191.94,355,0.008131728,0.9991841780720279,-0.00063377095,64.74
0.09145508,1722.1853518486023,0.32160828,0.29456106,675840,675840,330,191.61,421,0.007307615,0.9984598841983825,-0.0013863214,65.71
0.08110352,1727.0420575141907,0.33218893,0.57812047,677888,677888,331,188.9,430,0.0065168426,0.996220612898469,0.0014145834,62.21
0.10649414,1731.8033907413483,0.3289752,0.37739682,679936,679936,332,189.03,374,0.008539416,0.9985019067535177,-0.004652078,64.11
0.0887207,1737.2742309570312,0.3178203,0.17402601,681984,681984,333,186.75,419,0.0071903667,0.9986892723245546,0.002030633,61.84
0.10649414,1742.1589732170105,0.30923465,0.24338265,684032,684032,334,188.8,393,0.00840163,0.9988410631194711,-0.0017175184,65.46
0.09560547,1747.3648478984833,0.29444513,1.0214504,686080,686080,335,190.3,400,0.007887213,0.9970024125650525,0.0021207375,67.04
0.055664062,1752.482926607132,0.29325107,0.6112896,688128,688128,336,191.48,415,0.004768028,0.9973012628033757,0.0029948913,69.53
0.17670898,1757.4189653396606,0.3010305,0.33419186,690176,690176,337,192.78,424,0.016256202,0.9978629336692393,-0.0013544995,71.24
0.12939453,1762.2394757270813,0.2992522,0.16474551,692224,692224,338,193.21,393,0.009103327,0.9991997962933965,-0.010779289,72.89
0.08540039,1767.44060587883,0.2944321,0.3611793,694272,694272,339,193.98,428,0.008055644,0.9975806470029056,-0.001703606,74.75
0.09926758,1772.2199063301086,0.29199758,0.42131576,696320,696320,340,194.86,369,0.007841145,0.9980156777892262,0.002949349,75.88
0.072949216,1777.7703530788422,0.28950152,0.29484913,698368,698368,341,196.02,410,0.005912968,0.9990080987336114,0.002567608,77.61
0.14038086,1782.762490272522,0.27965555,0.24290033,700416,700416,342,195.48,402,0.011258518,0.9980664192698896,0.0025325934,76.01
0.08955078,1787.8571169376373,0.27400273,0.5131459,702464,702464,343,195.61,401,0.0070242444,0.9976738067343831,0.0025777635,75.59
0.12739258,1792.955891609192,0.27523372,0.5036872,704512,704512,344,195.2,424,0.01023549,0.9975174670107663,-0.0023087284,75.53
0.08696289,1797.7857029438019,0.28488138,0.4927877,706560,706560,345,192.98,404,0.0068091685,0.9978621525224298,0.003441555,73.28
0.11850586,1802.851271867752,0.2847647,1.0931058,708608,708608,346,192.78,390,0.010263296,0.9947921582497656,-0.00022153146,73.3
0.06635742,1808.1014506816864,0.28587288,2.1565547,710656,710656,347,193.71,368,0.0055070287,0.9929701457731426,0.0015772689,74.23
0.107617185,1813.6630959510803,0.29377115,1.2013632,712704,712704,348,194.61,403,0.008419758,0.9954406744800508,-0.00050118926,73.75
0.09306641,1818.7419321537018,0.31524828,0.4456118,714752,714752,349,193.69,414,0.007294594,0.997972367098555,0.00088253076,73.15
0.18041992,1823.684754371643,0.3299704,0.31826282,716800,716800,350,193.78,386,0.018736996,0.9980041880626231,-7.975784e-05,73.68
0.09233399,1828.9922502040863,0.33291227,0.79859215,718848,718848,351,191.9,412,0.007787739,0.9976952555589378,0.0011589832,71.42
0.12822266,1833.9603779315948,0.33145332,0.3500442,720896,720896,352,193.4,434,0.010424731,0.9971012487076223,0.00070619,74.11
0.06557617,1838.6737415790558,0.32852384,0.784602,722944,722944,353,194.62,354,0.0054410947,0.9977269410155714,-0.0014454838,75.94
0.09609375,1844.4591438770294,0.3299494,0.8743184,724992,724992,354,194.3,391,0.007976075,0.9965722390916198,0.0017140968,75.33
0.052734375,1849.6978373527527,0.34835118,0.9377772,727040,727040,355,192.65,353,0.004454556,0.9961849630344659,0.0016492311,72.96
0.08544922,1855.4937589168549,0.35733432,0.43556437,729088,729088,356,192.83,392,0.0070196004,0.9977602453436702,0.0030497261,74.26
0.059521485,1860.7169680595398,0.35893908,0.26752788,731136,731136,357,193.0,411,0.0056535346,0.998681059689261,0.0016283833,75.08
0.0753418,1865.6913559436798,0.3577389,0.49054304,733184,733184,358,192.27,412,0.006022164,0.9980103499256074,0.000315836,74.66
0.10258789,1870.6576523780823,0.35655975,0.38789508,735232,735232,359,192.62,394,0.008290732,0.9977692179381847,0.0054022297,74.58
0.13500977,1875.8459854125977,0.3552497,0.5366632,737280,737280,360,193.19,400,0.010282956,0.9977462121751159,-0.007004867,73.75
0.07744141,1880.9630167484283,0.3676563,1.5349691,739328,739328,361,193.65,415,0.006365725,0.9942186307162046,0.00084927643,74.12
0.07910156,1885.8947117328644,0.38018003,1.0463207,741376,741376,362,192.89,384,0.0063527054,0.995231993496418,-0.0011152761,73.37
0.08520508,1891.2266809940338,0.3893671,0.3661982,743424,743424,363,191.95,400,0.0069511137,0.9975742276292294,0.0011065642,71.06
0.09213867,1896.3401176929474,0.40624532,0.9797145,745472,745472,364,192.12,366,0.007479813,0.9942148695699871,0.0014789308,71.55
0.06689453,1901.9228746891022,0.41612348,0.66840804,747520,747520,365,193.97,391,0.0054114065,0.9972289353609085,-0.0008215696,73.76
0.08510742,1907.153392314911,0.4250409,0.7049174,749568,749568,366,192.41,427,0.0069461935,0.9969640015624464,0.00074129616,70.47
0.087841794,1911.9406430721283,0.434769,0.7188948,751616,751616,367,192.3,420,0.006959134,0.9959576278924942,0.0019877772,69.1
0.074072264,1916.8129706382751,0.44107237,0.54023254,753664,753664,368,192.78,390,0.005830191,0.997663079528138,0.0012067001,69.82
0.10078125,1922.0636653900146,0.4342804,0.25537282,755712,755712,369,192.97,407,0.008331476,0.9986941269598901,0.000567249,69.52
0.08930664,1927.0964584350586,0.4182598,0.5854266,757760,757760,370,194.87,379,0.0071648173,0.9975728411227465,0.0013501417,72.62
0.07895508,1932.4945831298828,0.411503,0.36396995,759808,759808,371,192.95,407,0.006301541,0.9975986119825393,0.002912841,70.2
0.08862305,1937.519641160965,0.40472308,0.5502583,761856,761856,372,193.92,394,0.007416145,0.9960621991194785,0.0019355438,71.28
0.085351564,1942.7128229141235,0.39469174,1.1058061,763904,763904,373,194.17,376,0.0066630244,0.9963110233657062,-0.0028298309,71.86
0.083496094,1948.151436328888,0.3910659,0.2805918,765952,765952,374,194.04,358,0.0070084343,0.9984962736489251,0.0011523569,72.41
0.0831543,1953.8649306297302,0.3885221,0.54446113,768000,768000,375,194.15,389,0.0065783947,0.9967030161060393,0.00041908055,72.84
0.12148438,1959.1222350597382,0.3843359,0.7057245,770048,770048,376,194.49,424,0.009676824,0.9973431737162173,-0.0041285343,73.94
0.13618164,1963.94810795784,0.37941188,0.76349974,772096,772096,377,193.98,442,0.01151778,0.9979416895657778,-0.0006876731,74.72
0.09047852,1968.5774817466736,0.37483674,0.6562556,774144,774144,378,196.54,391,0.0072686225,0.9977776312734932,-0.00091193133,77.89
0.07949219,1973.811569929123,0.38514292,1.3625703,776192,776192,379,196.28,442,0.006811131,0.9939754484221339,0.0016074826,77.05
0.047607422,1978.4423096179962,0.39143252,0.6968722,778240,778240,380,194.56,340,0.004032274,0.9973671876359731,0.00080405147,74.64
0.08569336,1984.461584329605,0.39537197,0.800593,780288,780288,381,196.44,378,0.006943082,0.9966631047427654,0.0015603814,76.75
0.10073242,1989.8673791885376,0.3983257,0.47060257,782336,782336,382,196.78,430,0.008577284,0.9966910984367132,0.0005278633,76.35
0.1071289,1994.622386455536,0.39312926,0.2905143,784384,784384,383,196.82,450,0.008315466,0.9986970484023914,0.00036677346,76.58
0.09838867,1999.1711204051971,0.39292225,0.24586609,786432,786432,384,197.58,373,0.008150532,0.9986125614959747,-0.0023147548,76.4
0.091552734,2004.6623258590698,0.38641477,0.19048564,788480,788480,385,198.16,343,0.007219973,0.9986403590301052,0.0018397262,77.7
0.076660156,2010.619301557541,0.3789145,0.5590392,790528,790528,386,198.33,369,0.005885893,0.9979444667696953,0.001642338,77.27
0.099414065,2016.1617894172668,0.3748376,0.2261209,792576,792576,387,196.82,406,0.008162754,0.9987416872754693,0.0009103959,75.12
0.099169925,2021.207631111145,0.37430397,0.30023304,794624,794624,388,196.12,401,0.0076915985,0.9987379678059369,0.000972947,74.25
0.089257814,2026.3158910274506,0.3807047,1.3181894,796672,796672,389,196.02,389,0.0075005763,0.9932260494679213,0.0062239533,74.33
0.08295898,2031.5701723098755,0.37675887,0.44153824,798720,798720,390,194.32,372,0.006522093,0.9971168923657387,0.001234773,72.36
0.096142575,2037.0682191848755,0.38021433,0.3830455,800768,800768,391,193.64,395,0.008180797,0.9971640268340707,0.0012639861,73.38
0.079589844,2042.250508069992,0.39365783,0.3273634,802816,802816,392,193.66,413,0.0069452366,0.9981466141762212,0.0053688246,72.55
0.09013672,2047.20778298378,0.40228143,0.48483616,804864,804864,393,193.93,357,0.007866373,0.9978653476573527,-0.0027727867,73.38
0.06962891,2052.942455291748,0.40783945,0.9577187,806912,806912,394,193.14,397,0.0058794087,0.9955464052036405,0.002130692,71.65
0.12680665,2058.0961015224457,0.4002893,0.3101935,808960,808960,395,192.67,377,0.009917242,0.998709516832605,-0.0062826015,71.28
0.08476563,2063.5197837352753,0.4118619,0.66955,811008,811008,396,193.2,377,0.00691455,0.9969622595235705,0.00053057715,71.99
0.053808592,2068.9422323703766,0.42719382,0.45221573,813056,813056,397,194.07,438,0.0045639966,0.9982179078506306,0.001051267,72.57
0.087939456,2073.613488674164,0.42703694,0.8584508,815104,815104,398,194.67,399,0.007270229,0.9968992986250669,0.0024681527,73.51
0.07285156,2078.7438044548035,0.42626348,0.47779483,817152,817152,399,195.78,374,0.0060588536,0.9986587536986917,0.0014276834,75.14
0.08496094,2084.211028814316,0.4331654,0.4198746,819200,819200,400,197.62,395,0.0067071775,0.998230145429261,0.00126373,77.93
0.09257813,2089.3976986408234,0.43367448,1.3207653,821248,821248,401,198.96,366,0.008032307,0.9943748419173062,-0.0012699066,78.92
0.103320315,2094.987037420273,0.43855,0.5751153,823296,823296,402,199.98,416,0.008009372,0.997654857346788,0.00014284442,80.16
0.08964844,2099.908931493759,0.44321948,0.97257006,825344,825344,403,197.67,410,0.0076405704,0.9953349996358156,-0.00011023858,76.67
0.109033205,2104.8949058055878,0.44740987,0.47103938,827392,827392,404,199.95,372,0.0083221905,0.9984710323624313,-0.005748083,80.75
0.08828125,2110.3887317180634,0.44893035,1.1031063,829440,829440,405,200.29,428,0.007184559,0.9965158747509122,0.0038278154,80.51
0.114990234,2115.1662979125977,0.45365915,0.50826865,831488,831488,406,198.93,395,0.009699412,0.9978995523415506,0.0043260143,80.04
0.05908203,2120.3441019058228,0.46660575,2.4289918,833536,833536,407,200.32,424,0.004827091,0.9933914430439472,0.00015403071,81.3
0.076660156,2125.169172525406,0.46646294,0.8391981,835584,835584,408,197.89,418,0.0062940246,0.9948301375843585,0.00064042455,79.47
0.064941406,2130.064104318619,0.46244866,0.49513364,837632,837632,409,194.75,375,0.0054685855,0.9968891586177051,0.0030280717,75.55
0.06538086,2135.517989397049,0.4632144,1.9716032,839680,839680,410,195.29,387,0.005474235,0.9948178264312446,-0.00033016063,75.68
0.084375,2140.80841088295,0.46558437,1.486532,841728,841728,411,195.89,384,0.0069801845,0.9950395110063255,-0.00043273316,77.43
0.086035155,2146.139181137085,0.46848708,7.6574554,843776,843776,412,196.91,391,0.10670893,0.9636725336313248,0.006297485,79.68
0.07607422,2151.3687841892242,0.47760695,0.7419778,845824,845824,413,195.92,381,0.00617559,0.996115091489628,0.0011821068,79.32
0.08510742,2156.7346839904785,0.4792424,0.42934808,847872,847872,414,193.46,416,0.007158173,0.9980821619974449,0.0021039187,76.48
0.07524414,2161.656508207321,0.48634028,0.3434175,849920,849920,415,192.61,390,0.0061335647,0.9979450907558203,0.0010231306,75.73
0.074804686,2166.899334192276,0.48709446,0.6305372,851968,851968,416,189.77,382,0.006469877,0.9976179981604218,0.0019551981,72.83
0.09604492,2172.2617053985596,0.48369136,3.037565,854016,854016,417,189.11,372,0.010556972,0.9776877462863922,0.00041646278,72.56
0.11376953,2177.7549107074738,0.49597782,0.7804301,856064,856064,418,188.21,383,0.009748553,0.9957761564292014,0.00061467336,70.86
0.09125976,2183.0929293632507,0.506155,7.9339585,858112,858112,419,184.89,367,0.015563598,0.9721205718815327,0.006304859,69.18
0.06098633,2188.6625213623047,0.5052761,0.3154211,860160,860160,420,183.45,378,0.005221991,0.9984558700816706,-0.0001142737,67.9
0.089501955,2194.0713567733765,0.4932909,0.7609218,862208,862208,421,183.42,368,0.007966613,0.9958490277640522,0.0035610697,68.69
0.05546875,2199.6345257759094,0.4808883,1.8184592,864256,864256,422,186.1,426,0.0047659343,0.9959135809913278,0.0019769694,71.99
0.115234375,2204.4390325546265,0.49125257,0.37894386,866304,866304,423,184.72,389,0.009514203,0.9978076359257102,-0.0030195639,70.51
0.08544922,2209.704567670822,0.5047401,2.2574959,868352,868352,424,183.17,423,0.012175122,0.9856558246538043,0.009005603,69.87
0.076416016,2214.5442955493927,0.5133706,9.996664,870400,870400,425,181.52,424,0.0113331545,0.9503379501402378,0.0018011078,68.21
0.07993164,2219.3674161434174,0.52133995,6.095374,872448,872448,426,181.98,399,0.012875408,0.975386492908001,0.0011459348,69.49
0.06391601,2224.498591899872,0.5327286,4.8871565,874496,874496,427,184.07,393,0.007119468,0.9805520586669445,0.003738074,72.36
0.09785156,2229.70699262619,0.53583086,4.0142884,876544,876544,428,184.25,405,0.018111996,0.980088222771883,6.356727e-05,72.46
0.106054686,2234.7623772621155,0.5484752,1.9729465,878592,878592,429,183.76,352,0.008128757,0.9838653802871704,-0.0062949015,70.19
0.06518555,2240.5685193538666,0.5507068,0.34751534,880640,880640,430,182.42,403,0.005508258,0.9984094343381003,0.0039880075,67.27
0.13676758,2245.643850326538,0.5389079,0.8579027,882688,882688,431,182.41,411,0.01089663,0.9969139595050365,-0.0016174888,67.52
0.1128418,2250.6182613372803,0.5260056,1.2096356,884736,884736,432,187.34,420,0.009419766,0.996989268111065,-0.0012967184,71.98
0.11015625,2255.4922246932983,0.51567733,0.33356208,886784,886784,433,189.0,380,0.008690329,0.9983067255234346,0.0011018205,73.95
0.08632813,2260.876038312912,0.5072268,1.534972,888832,888832,434,194.35,406,0.007872074,0.9948566467501223,-0.00013150623,78.62
0.048046876,2265.915502309799,0.49883372,1.031233,890880,890880,435,195.46,324,0.004260917,0.9961028341203928,0.0029458737,79.61
0.083300784,2272.2341175079346,0.5085971,0.33813477,892928,892928,436,195.25,424,0.007403263,0.9979967130348086,-0.0004908764,79.35
0.08149414,2277.0568804740906,0.5166713,0.78052604,894976,894976,437,198.25,396,0.006489894,0.9977679636795074,0.002668179,82.19
0.09458008,2282.2267546653748,0.5185443,0.76605934,897024,897024,438,203.38,369,0.00751762,0.9978140881285071,0.0017524514,86.91
0.09038086,2287.763986825943,0.52640975,0.5616888,899072,899072,439,204.48,398,0.0073050587,0.9977511723991483,-0.0013312341,89.91
0.06098633,2292.9088723659515,0.5413743,1.3764269,901120,901120,440,205.47,389,0.0049962904,0.9967140404041857,-0.00011235521,92.06
0.097314455,2298.17005610466,0.54592156,0.5427943,903168,903168,441,205.28,401,0.008144425,0.9966268704738468,0.00035022694,91.46
0.056689452,2303.273062467575,0.553869,0.4034925,905216,905216,442,201.46,380,0.0050797365,0.9980466165579855,0.0030339318,88.45
0.07578125,2308.6600062847137,0.5612311,0.45089555,907264,907264,443,200.9,411,0.0060620755,0.9978940295986831,0.0024527966,88.44
0.09487305,2313.644087076187,0.5560605,2.674975,909312,909312,444,199.92,412,0.00821708,0.9914246685802937,0.0011338481,86.56
0.08427735,2318.6111557483673,0.54801655,0.22482517,911360,911360,445,199.09,402,0.006995251,0.9987589092925191,0.0019339218,86.28
0.087841794,2323.6981654167175,0.5419826,0.3964439,913408,913408,446,196.8,424,0.0067847692,0.997431603493169,0.0017361678,84.73
0.08681641,2328.529542207718,0.5486208,0.940532,915456,915456,447,191.98,410,0.0071003316,0.996526099042967,0.0002454642,80.05
0.06567383,2333.520286798477,0.5479983,1.2131385,917504,917504,448,192.14,402,0.005674166,0.9967426275834441,0.0022466988,80.06
0.09082031,2338.6115469932556,0.5409623,0.36527592,919552,919552,449,191.82,365,0.0081569925,0.9976938779000193,0.0029567908,79.49
0.10024414,2344.2160272598267,0.54380226,3.1909606,921600,921600,450,189.13,393,0.14438403,0.9842781163752079,0.0054585687,77.44
0.080517575,2349.4212880134583,0.553939,8.957062,923648,923648,451,186.38,353,0.013736096,0.9614029489457607,0.0021913522,74.14
0.08623047,2355.220109462738,0.55691767,0.34718806,925696,925696,452,188.63,383,0.0070881904,0.9986529806628823,-5.6819e-05,76.67
0.07583008,2360.5641446113586,0.5466059,0.552083,927744,927744,453,191.04,405,0.0060786274,0.9978019595146179,-0.0020005917,79.3
0.11787109,2365.619666337967,0.53463376,2.3260143,929792,929792,454,188.82,406,0.02717773,0.9901612186804414,-0.00085050974,77.24
0.08359375,2370.6599414348602,0.535098,13.2270565,931840,931840,455,187.03,411,0.009805758,0.8905402943491936,0.0054964945,74.44
0.06850586,2375.6445639133453,0.53177214,0.405711,933888,933888,456,186.91,392,0.0058765835,0.9982599489158019,0.0018423802,73.66
0.10336914,2380.860804796219,0.51885426,3.8343632,935936,935936,457,185.05,419,0.053981774,0.9873983487486839,-0.002808825,71.89
0.07792969,2385.7441823482513,0.5174965,4.034589,937984,937984,458,187.27,408,0.009716938,0.9838212430477142,-0.0019217001,75.06
0.095263675,2390.759510755539,0.52259964,1.2457745,940032,940032,459,188.51,327,0.008121042,0.996043223887682,0.0043796683,75.68
0.0796875,2397.024256706238,0.5331335,8.988066,942080,942080,460,188.91,396,0.011088136,0.9438188001513481,-0.001080412,75.72
0.099560544,2402.195976495743,0.5534176,10.835291,944128,944128,461,185.21,389,0.020102894,0.9095259681344032,0.0053665685,70.67
0.07875977,2407.4527130126953,0.5628725,1.9507806,946176,946176,462,184.4,389,0.006290636,0.9920590212568641,0.0015259727,68.61
0.051660158,2412.7121415138245,0.57108504,5.6773424,948224,948224,463,184.43,395,0.0052791876,0.9764778781682253,-0.0034540598,68.73
0.09375,2417.8981325626373,0.5889558,0.6532117,950272,950272,464,187.45,388,0.0072866576,0.9964228346943855,0.00060432544,70.78
0.053613283,2423.1658527851105,0.5956703,0.68139565,952320,952320,465,187.23,432,0.0046359473,0.9969372812192887,0.0013648873,70.43
0.13183594,2427.9028911590576,0.5944423,10.799845,954368,954368,466,185.36,390,0.19633308,0.9500405378639698,-0.0016779869,68.77
0.06367187,2433.1536197662354,0.5988389,0.7516415,956416,956416,467,183.95,420,0.005097944,0.9958439003676176,0.0022043171,66.91
0.06533203,2438.024688243866,0.59329414,1.4599946,958464,958464,468,182.52,376,0.005196712,0.9949517124332488,0.0036191405,65.15
0.08544922,2443.4689536094666,0.5851007,1.2942803,960512,960512,469,186.21,395,0.0071478253,0.9954129378311336,-0.0015004296,69.08
0.08710937,2448.6495666503906,0.5724184,1.0187418,962560,962560,470,191.66,386,0.00686833,0.996812661876902,-0.0010385981,75.35
0.059667967,2453.9557492733,0.56678885,3.0094244,964608,964608,471,195.23,402,0.006134997,0.9901512525975704,0.0021467798,79.88
0.08867188,2459.0447568893433,0.57180357,1.0083005,966656,966656,472,196.67,403,0.0071387603,0.9958489257842302,0.0022568132,81.56
0.09238281,2464.1270723342896,0.56647986,0.35494012,968704,968704,473,196.45,382,0.0076003475,0.9979881315957755,0.0028833125,80.36
0.11445312,2469.483325242996,0.55052817,0.2918864,970752,970752,474,196.61,404,0.009199445,0.9982582263182849,-0.0010188855,80.28
0.09067383,2474.546136379242,0.5438465,0.7971004,972800,972800,475,198.66,387,0.0072489483,0.9968148234765977,0.002057985,81.76
0.10058594,2479.8363931179047,0.5416223,6.2731,974848,974848,476,200.1,399,0.02310284,0.9771719370037317,0.0061279847,83.39
0.09765625,2484.967735528946,0.5407216,9.861518,976896,976896,477,197.87,396,0.014652126,0.947483018040657,0.0008457814,81.18
0.08730469,2490.131891965866,0.551044,4.898629,978944,978944,478,198.23,368,0.0105805155,0.9808656293898821,-0.0010650184,82.38
0.111328125,2495.6931846141815,0.5531446,12.322751,980992,980992,479,192.97,393,0.013804266,0.9347867667675018,0.007112582,75.59
0.080566406,2500.896927833557,0.5547658,0.34284133,983040,983040,480,192.33,410,0.0065756002,0.9979403871111572,0.0010279617,74.6
0.07915039,2505.8847773075104,0.5533706,13.906583,985088,985088,481,188.97,353,0.009234117,0.933825671672821,0.0045160023,70.0
0.08676758,2511.676270723343,0.5563122,4.2838025,987136,987136,482,190.89,388,0.007816279,0.9875935195013881,0.0026129107,72.01
0.10292969,2516.94464302063,0.55874723,1.3654196,989184,989184,483,190.9,421,0.0109798405,0.9946522731333971,0.005431811,72.95
0.10341797,2521.802319049835,0.5604023,6.463496,991232,991232,484,191.07,388,0.010917701,0.9738066643476486,-0.0024345294,71.52
0.08081055,2527.0776269435883,0.5584718,1.139647,993280,993280,485,193.78,385,0.0063329013,0.9957568836398423,-0.0010304439,74.18
0.09291992,2532.395940542221,0.5422924,0.97339267,995328,995328,486,194.31,387,0.0077936994,0.9953940468840301,0.0034427387,73.48
0.09213867,2537.6772062778473,0.5220481,0.72975385,997376,997376,487,196.04,404,0.008048577,0.997020889306441,0.0030505643,74.23
0.11166992,2542.737884759903,0.51478064,0.49675545,999424,999424,488,194.89,396,0.009994796,0.9954279805533588,-0.0007852152,71.23
