#{"t_start": 1567452941.2614968, "env_id": null}
r,l,t
1145.758078,1516,5.944682
894.701217,1171,9.427249
216.379204,402,11.556082
201.022828,380,12.702375
200.971186,388,13.952157
93.442959,197,15.948271
1055.687982,1336,19.791619
208.169352,381,22.064292
199.791983,363,24.675722
270.445563,459,28.054112
122.390485,267,30.54453
112.093568,217,33.668968
1724.104331,2049,41.599796
710.76959,959,44.161375
217.972978,413,45.945741
97.961983,215,48.907145
87.374139,181,49.478216
113.934298,231,50.908196
104.794522,224,53.084235
286.739085,480,57.054726
98.697292,195,60.45066
94.919586,214,63.243447
95.816922,213,67.084037
209.09194,409,69.495549
790.685507,1089,73.474917
205.533708,377,74.626757
118.764436,233,76.408471
115.617728,237,78.761703
109.523008,214,80.738507
371.533356,574,82.867572
466.214719,691,84.601645
206.920963,366,87.97574
94.684692,200,90.027669
90.170648,185,92.642905
1731.456143,2049,100.193662
1735.377134,2049,108.642993
1780.317966,2049,114.88873
399.738548,626,116.485057
206.348428,354,117.66019
398.952963,604,120.206397
1053.231832,1349,124.987445
789.414908,1077,128.093202
1575.606794,1917,133.522123
873.300839,1124,138.923625
632.930986,873,141.8468
111.94195,222,143.955472
305.202463,498,145.792963
208.475195,375,148.441634
212.120525,362,150.772614
320.577633,567,154.874254
123.513298,247,158.506284
95.762992,195,161.232811
98.772597,187,162.855134
93.285304,194,165.984503
107.712965,223,168.022243
100.73814,204,169.89045
283.846422,463,172.254275
90.012822,179,174.566038
104.469153,214,177.792447
96.611274,194,180.825758
102.95822,200,181.806149
119.36838,237,185.089414
91.964378,191,188.197551
101.326713,197,191.202127
82.00549,172,192.506109
104.95903,216,193.913563
99.414243,194,194.46241
85.837259,175,195.700258
88.232261,180,197.275372
82.607664,177,198.646414
102.763095,201,200.112997
87.824675,185,200.939398
90.839065,185,203.652828
81.102223,178,206.252106
98.961266,212,208.688844
72.677061,157,211.043302
79.05041,188,211.85886
88.238437,188,214.520105
96.081629,196,216.415077
100.852446,206,217.173534
350.4418,545,218.631687
77.464612,173,219.656738
87.938249,177,221.098103
87.791319,204,223.483994
94.807628,192,224.473932
88.045521,176,227.213527
81.918032,176,229.210728
84.110302,177,232.076358
88.737413,180,233.157632
77.649191,186,235.262959
91.932631,182,238.361592
91.95885,180,239.257865
90.986416,195,240.145216
86.567616,186,242.38886
91.001799,187,245.311986
95.130886,203,246.212676
85.466361,208,247.297701
92.463355,191,248.238827
94.218796,206,251.13772
104.012962,205,252.291848
99.727162,214,255.415901
99.673291,200,258.152534
102.834108,233,260.468863
96.768483,197,263.190869
262.315659,459,264.472523
101.811522,206,266.438792
100.779716,209,269.817333
90.419787,184,272.624673
97.055913,202,275.830369
90.043404,185,276.895363
638.338107,869,278.813131
84.839352,179,279.417635
89.180528,184,282.095413
109.992641,223,284.749999
87.256664,182,287.208825
91.4739,189,288.316121
85.642765,188,291.441749
86.323211,190,294.168859
92.497671,196,296.395864
83.681264,188,299.769711
85.334127,182,300.736327
85.726918,176,303.783623
94.218614,196,304.971947
639.571892,864,307.823907
248.843414,432,309.767686
106.758304,220,312.638417
92.481272,186,314.047724
89.805602,184,317.500269
716.336855,928,322.799353
99.08864,210,325.86402
461.133334,653,328.213644
434.753217,660,331.055642
99.685838,204,333.094249
86.108928,178,333.627572
80.473854,166,336.162072
87.299817,183,338.073876
85.563623,189,340.790231
274.240864,499,343.925288
94.312267,188,344.901139
87.183337,179,348.078857
81.05732,177,350.036458
88.877223,179,350.968389
313.121982,485,354.014524
87.658012,181,356.624029
95.261105,189,357.354647
99.856519,201,359.85914
90.326195,185,361.629133
102.74734,195,362.177721
85.169587,180,362.929575
93.979664,191,366.335748
89.048017,199,367.40949
99.671342,216,369.422435
593.184061,819,372.154664
471.655912,666,373.885867
102.279966,201,376.462863
101.287202,222,379.663403
93.004414,184,382.754576
97.141753,192,384.38352
92.93995,208,387.251095
87.916294,180,388.584737
202.370991,352,389.783565
98.080625,184,392.491122
78.120753,169,393.457741
97.957877,196,396.006665
95.71143,190,397.626676
110.86079,223,398.797915
94.459096,191,401.569654
483.418887,668,403.111201
197.453351,340,405.820011
93.336133,197,407.928564
97.796199,193,409.239327
101.671874,203,410.21838
91.01454,188,411.375004
106.986164,212,413.132453
102.39601,200,414.332422
95.726175,188,417.166417
98.744586,197,420.590975
93.802334,209,421.140085
93.288079,195,422.363952
92.838246,189,423.86632
98.385465,192,424.685158
207.366633,393,427.606171
91.464207,181,431.076775
92.695643,183,433.154384
88.422503,179,436.22797
90.240582,182,437.078796
93.458295,177,438.336637
88.711955,179,441.202176
92.360857,191,442.114576
95.992019,188,444.788378
99.037595,197,445.495502
99.673922,196,446.910902
102.635384,197,448.994439
91.532102,184,452.001312
192.663113,345,454.47937
104.650331,201,457.88175
334.309773,502,459.660767
96.50752,185,462.506818
99.511051,191,465.399826
94.498306,183,467.300335
197.673987,347,470.898823
84.04755,176,473.4142
89.066178,180,475.321656
96.980239,234,476.007555
83.532713,174,477.438234
278.147563,435,478.526969
90.991488,176,481.369555
85.889094,175,484.582036
80.82505,170,486.26599
83.601088,173,486.947082
94.520787,191,490.112671
92.436384,186,493.03146
101.44223,201,495.862134
94.852706,181,498.928404
86.273202,172,500.191134
94.93446,199,503.726233
122.76981,241,504.785465
116.647787,224,506.076023
105.075202,199,507.580269
204.271371,351,509.951311
100.499842,202,511.17774
96.179019,187,511.766671
199.577229,353,514.737589
210.748056,384,517.477829
96.43513,183,520.239033
205.218678,344,521.780905
98.057962,191,522.551265
101.366581,200,524.456634
304.627357,484,528.656174
200.985391,347,531.747241
216.197634,376,533.603643
303.571727,457,536.962977
198.383624,349,539.172889
213.591458,366,541.294438
423.773534,632,542.879171
198.747225,352,546.086812
216.368175,375,547.413234
479.551792,674,549.803636
305.318117,470,552.206078
103.171524,198,555.127569
97.945803,197,555.991854
318.230954,479,559.983975
201.638633,341,562.182945
210.05972,355,564.749801
195.46883,343,567.199021
754.310232,974,571.198389
552.895359,751,574.127603
104.414334,196,577.095827
1004.193977,1248,582.244579
1045.517609,1277,587.881978
1764.317329,2049,593.683259
1787.99422,2049,598.759444
95.653577,186,600.126535
98.51955,190,603.067577
94.455278,187,604.448654
1790.074359,2049,612.240513
92.305742,201,613.193443
94.560183,183,615.545557
92.109294,184,619.233084
94.231011,182,621.603688
97.342324,187,624.153138
97.453204,192,624.751404
93.938301,194,625.987946
1792.941217,2049,631.864717
1806.889679,2049,639.486918
87.337075,173,642.872738
94.832744,185,645.376265
94.521477,193,645.999726
84.989276,169,647.021915
89.169663,187,647.761042
85.41696,179,649.809273
84.447046,167,650.7141
93.08345,187,653.764579
87.688332,173,656.453578
84.211759,191,658.227488
91.882985,181,661.285356
94.647889,198,664.008859
90.260854,177,664.500226
102.421636,195,666.279601
97.964349,192,668.998542
91.25638,186,671.871103
93.952939,186,672.642923
87.793984,180,675.048621
100.817824,192,677.868507
93.01916,185,679.726315
93.686758,184,681.076096
102.352127,203,683.612544
91.323462,193,685.16609
96.277698,197,687.231014
85.660644,178,689.700041
96.740102,193,690.587582
94.550543,192,692.643422
95.73388,201,695.289082
98.824829,197,698.535417
84.117912,173,701.450476
87.880349,175,704.113326
89.652586,181,705.830936
88.714083,181,706.428143
98.807751,188,707.321421
95.136145,188,708.460251
83.814346,175,709.315067
81.7781,171,709.763899
93.27891,185,712.087192
88.230271,179,715.344299
89.414801,176,716.805197
90.426665,183,719.439102
89.927017,180,722.186631
92.625426,188,723.146866
96.20641,186,724.852596
88.307011,176,727.12275
89.127927,177,730.24395
90.199768,176,733.056414
92.955529,180,736.318889
86.50783,170,737.43452
89.37909,184,740.015798
95.008621,211,741.819843
86.047524,175,743.399935
90.180073,178,745.392083
95.974162,195,746.41809
93.58482,183,748.303158
1828.72842,2049,755.460369
89.615589,179,758.02425
78.561721,165,758.748517
81.891118,173,761.128704
91.593559,185,764.476567
1790.871739,2049,770.543402
90.486191,188,771.490423
88.968379,170,772.61901
90.063637,177,774.489611
93.437599,184,777.387078
79.922998,165,779.325129
81.199709,165,782.274992
85.185713,171,784.118523
74.895249,162,785.326875
88.512378,173,786.238367
84.605972,170,787.128054
84.998423,166,789.584757
85.083401,174,792.768667
83.377732,173,795.79625
89.588013,179,797.139766
88.674189,180,799.601874
80.931213,170,801.084965
84.386984,175,802.932726
84.338436,176,805.681133
82.798732,170,806.542125
80.47775,168,808.488618
82.577151,172,810.005135
71.823325,156,812.452201
80.765952,165,813.713876
77.150378,164,814.184572
86.0202,179,815.350817
78.660204,164,817.778743
89.918427,179,818.271806
82.239537,165,820.645993
85.905884,179,821.913766
76.611213,164,824.153751
87.906936,172,825.011337
83.992134,166,826.318683
86.119897,173,829.505248
79.760958,162,830.449992
73.374791,154,832.530154
82.011626,172,834.790999
81.345137,176,837.197466
79.376156,168,839.400719
80.772703,165,842.612925
84.013362,166,845.249804
90.310644,181,848.59795
87.495074,177,849.876703
82.583405,175,851.841331
81.999299,167,852.427204
84.022348,181,855.622318
87.804835,186,857.033026
87.476149,176,859.034052
89.832424,173,861.785859
89.765032,182,862.578396
84.036359,172,864.518041
89.382907,173,867.843857
94.896176,193,870.523805
86.675296,179,871.795452
89.404024,176,873.973985
1808.058776,2049,881.043483
80.995786,162,883.133109
84.370095,166,885.82339
82.595723,167,887.137642
81.280913,165,888.48221
77.491385,164,891.07274
81.284592,165,891.994377
84.338686,169,895.252031
80.586793,170,896.42742
80.390944,160,898.97272
79.941296,167,901.145642
85.802873,174,904.038631
84.883842,174,905.229289
84.996665,173,906.835764
85.732523,171,908.181187
85.120712,169,909.022953
82.030795,167,910.28072
81.575235,164,912.701037
90.035336,174,915.83697
79.544917,175,917.274833
87.993584,173,917.760523
84.056797,175,920.33252
80.250454,168,922.330995
94.105224,190,923.937969
1793.998574,2049,932.381618
1805.835804,2049,940.104078
1826.341243,2049,947.887441
87.54666,174,949.113078
95.175237,180,951.398576
93.962841,179,953.6921
1813.959269,2049,959.678329
81.235511,170,963.155768
80.092439,161,965.377593
89.59755,174,968.173718
79.608705,168,969.120245
89.670283,175,969.561126
82.982026,168,970.056843
80.822862,167,972.184028
86.897514,177,975.14593
92.331487,183,977.724382
1838.54842,2049,984.932458
1830.341454,2049,992.814801
91.189682,175,996.133029
82.340825,168,999.542825
88.178273,172,1002.675193
83.45734,169,1003.94993
77.96336,166,1004.512808
90.382562,191,1006.243707
81.60842,163,1007.820944
86.56475,174,1010.554284
1819.510626,2049,1017.973526
93.116757,179,1020.962576
91.281705,175,1022.196135
77.87552,157,1024.075693
85.77402,169,1025.050012
92.290238,199,1026.196115
91.710703,178,1026.606725
87.351387,177,1027.738508
80.924949,165,1030.897646
87.2984,173,1033.69402
82.563048,176,1035.108445
80.065703,166,1035.578735
81.732745,174,1037.519973
78.120817,161,1038.565578
87.992142,178,1039.920535
1829.389262,2049,1047.726214
85.043093,180,1048.202568
71.743914,163,1051.402279
70.191192,156,1054.034154
73.794194,157,1054.948107
71.255742,155,1057.215461
74.187094,157,1059.071732
76.251962,177,1060.390908
75.917799,167,1063.91738
86.358972,174,1065.250565
78.091489,167,1066.074338
83.175404,167,1068.535859
84.400151,166,1069.870625
74.598193,157,1072.200484
87.529462,178,1075.545401
79.730002,165,1076.609961
74.30579,160,1079.642175
90.824175,174,1082.836831
71.274199,164,1083.635416
80.528261,173,1084.830361
76.926675,165,1086.712318
83.707769,171,1089.079653
84.466736,179,1090.92163
81.141355,167,1093.507327
81.966484,172,1096.018154
69.255912,151,1099.548606
82.289422,164,1102.581362
72.840377,164,1104.543672
74.346395,162,1105.060258
83.130572,177,1105.9822
78.052704,173,1106.836357
88.472216,179,1109.688023
80.334286,165,1110.815061
74.336684,165,1112.831173
1787.757426,2049,1120.394165
87.031453,179,1122.211365
92.349649,179,1122.685558
1786.844011,2049,1129.851926
85.369004,181,1130.877018
1794.071646,2049,1135.969441
79.099964,158,1139.148973
83.47736,171,1140.369804
84.758709,182,1142.383078
85.038019,174,1144.505398
1788.766641,2049,1150.717962
83.321515,168,1153.4086
1789.751915,2049,1160.429967
1808.879843,2049,1167.947453
85.201351,169,1168.550517
1799.41476,2049,1173.418648
82.831015,172,1175.853401
1808.399138,2049,1180.611534
84.482764,169,1182.854661
1809.229884,2049,1190.241863
1806.219074,2049,1196.557986
89.970328,179,1198.602171
83.712129,169,1201.259692
83.357248,182,1202.800133
1802.21579,2049,1209.86595
1828.409472,2049,1215.971337
1804.26168,2049,1223.70498
1784.478165,2049,1228.66435
54.357256,129,1230.770051
57.122548,142,1232.478719
88.224441,180,1235.635857
1774.647581,2049,1241.93408
1792.053254,2049,1248.387806
1806.260172,2049,1254.507014
1829.36457,2049,1261.622056
1824.621592,2049,1270.032218
1778.471353,2049,1277.333941
1793.425975,2049,1283.635842
1752.282681,2049,1289.732528
1790.262188,2049,1296.634607
1789.389744,2049,1304.742667
1823.102231,2049,1312.774472
86.886872,173,1315.074663
93.420066,184,1316.04407
80.072466,189,1317.336248
85.740413,181,1319.028199
79.587379,174,1321.660473
1792.881477,2049,1329.540772
1810.785935,2049,1336.697312
79.732065,170,1338.268809
1774.986662,2049,1345.122976
1794.685806,2049,1351.785456
80.805744,164,1353.371202
74.515686,161,1354.506939
90.193252,176,1356.784805
80.256607,167,1357.9977
80.633691,165,1358.720191
87.695952,173,1359.25959
1784.576333,2049,1365.452971
1802.585706,2049,1373.314597
1777.07799,2049,1380.578755
1784.991203,2049,1388.904202
85.029582,169,1390.637596
86.768296,185,1393.404217
76.520087,165,1394.814728
75.660641,158,1397.406618
66.405198,148,1400.115923
81.640041,181,1400.707456
77.394545,161,1401.227556
89.05047,174,1404.355256
82.658617,167,1405.872011
83.892881,174,1407.586007
81.634382,163,1410.49394
1802.197791,2049,1416.455286
1779.740429,2049,1423.982689
46.578479,102,1425.970589
70.632625,158,1428.929694
51.208249,114,1429.222393
48.979501,106,1430.441381
81.874584,178,1430.812012
49.33902,108,1433.03166
66.659505,153,1434.283282
54.635501,127,1435.339936
60.110067,136,1438.646642
54.173144,122,1441.339593
52.778963,122,1443.514562
72.082596,169,1446.126244
54.112187,120,1448.83725
72.008776,156,1451.733778
51.609916,117,1454.041764
49.707656,114,1455.89846
49.652768,111,1456.272121
51.998964,119,1459.435417
57.49287,131,1461.528972
49.299515,109,1461.916488
52.763734,122,1463.797694
52.624053,120,1466.369837
54.108423,122,1466.855672
50.232864,112,1467.720576
49.645375,109,1468.455838
52.165078,118,1470.381706
51.083505,115,1472.225387
54.878172,128,1474.824495
56.23458,132,1477.559116
50.510661,115,1479.369925
54.364116,134,1482.324777
49.878015,112,1483.573341
47.249365,106,1485.820871
50.846066,116,1487.061495
52.193659,120,1488.433047
52.919645,124,1489.016424
49.932343,112,1492.098795
48.983597,111,1494.0023
52.635284,119,1495.088012
50.790275,114,1496.988056
47.559148,106,1499.208885
53.108684,123,1501.169861
46.984557,104,1502.901688
49.961833,111,1506.044683
55.480377,126,1508.46881
49.654027,109,1511.111094
52.893101,124,1511.826209
69.906563,153,1512.693035
52.201724,118,1515.483191
53.679144,125,1517.773982
53.030301,120,1518.173721
50.506911,113,1520.541984
50.409496,115,1522.792619
49.604377,112,1525.912647
49.802903,112,1528.77246
49.668701,112,1530.543978
46.788632,103,1532.241758
76.459427,174,1534.421503
52.152886,120,1537.578948
54.770486,133,1540.226249
50.177861,115,1541.490499
49.158903,108,1542.309086
53.4635,123,1544.667543
77.087329,170,1547.960865
90.126639,176,1549.30399
50.244329,112,1551.789147
48.981302,110,1552.26403
76.69675,174,1553.217047
83.288925,174,1556.506076
80.013898,172,1557.391544
82.61405,184,1560.344512
51.688203,120,1561.750021
51.297722,117,1563.114234
67.027309,152,1564.527884
49.997995,112,1565.414462
76.934448,171,1567.608382
49.62666,114,1568.818468
50.589787,116,1569.677959
48.174984,107,1570.900382
82.313577,183,1573.631217
52.986959,123,1577.206842
72.43357,164,1577.695809
52.310585,123,1580.76366
52.414742,128,1582.907053
47.993181,108,1585.502215
74.042383,169,1587.020302
1730.029819,2049,1594.921307
1706.282955,2049,1602.434316
1720.819367,2049,1607.184531
75.954381,172,1608.089495
50.168532,119,1610.55945
48.248905,113,1611.375929
48.84877,113,1613.910998
48.290389,113,1616.338106
45.594368,102,1618.905015
1701.703294,2049,1625.62611
124.070683,256,1628.070669
48.706084,116,1629.916675
47.395954,111,1630.813548
49.302456,114,1633.676193
47.697974,108,1636.5456
1706.854972,2049,1644.463032
103.154584,237,1647.445713
138.321064,287,1650.142699
95.677859,228,1651.182587
52.421132,132,1652.184546
1681.89977,2049,1660.423344
101.839106,237,1663.212626
105.480107,230,1666.106236
104.146169,252,1667.361073
104.290534,225,1670.819734
1673.700877,2049,1676.295117
47.315735,110,1679.009081
48.39456,115,1679.836357
48.15318,115,1681.732227
46.494373,102,1682.153896
48.132088,111,1684.732093
48.081131,114,1686.398806
48.033683,112,1688.070443
104.055473,242,1690.082787
1709.717119,2049,1695.232778
49.308552,121,1697.08929
47.709047,113,1699.647931
99.096509,219,1703.085195
47.19576,111,1705.576837
46.219071,110,1706.316141
50.086489,121,1706.967632
50.458068,126,1708.295553
54.787106,145,1709.60538
104.243205,234,1710.381188
111.038442,259,1712.518197
52.578342,135,1714.449333
97.995417,222,1716.795707
103.149538,227,1717.808441
103.727655,229,1720.748621
48.811497,115,1723.979764
106.263975,243,1725.526886
108.513533,241,1726.127734
51.192529,128,1727.411133
108.268158,250,1730.197715
49.542191,118,1732.605783
1684.924774,2049,1740.035552
106.326811,237,1742.711459
1710.009559,2049,1749.991065
1670.070244,2049,1757.440589
1688.785055,2049,1762.46201
1696.867781,2049,1769.166525
1718.522012,2049,1775.891726
1731.619921,2049,1781.301308
1749.59444,2049,1787.956043
1771.584414,2049,1795.907931
1776.113342,2049,1802.462584
1745.151902,2049,1809.845984
1720.274174,2049,1815.12464
1759.312634,2049,1822.706258
1715.09741,2049,1829.638187
1778.616175,2049,1834.493111
1777.850158,2049,1841.599683
1748.981282,2049,1847.503387
1748.666682,2049,1853.180469
1784.521839,2049,1858.999846
1778.409299,2049,1865.009016
1775.2901,2049,1870.98806
1761.579194,2049,1878.316068
1767.537027,2049,1886.541732
1759.050731,2049,1892.995012
1789.820074,2049,1900.367109
1791.853923,2049,1905.625404
1741.599754,2049,1913.714251
1809.152077,2049,1919.178234
1835.997511,2049,1924.201781
1843.109804,2049,1931.759617
1834.118655,2049,1939.433717
1820.392871,2049,1945.8295
1856.994716,2049,1953.038918
1831.82666,2049,1959.734308
1798.683996,2049,1966.382675
1803.085002,2049,1972.299547
1851.747357,2049,1979.408163
1821.088726,2049,1985.568125
1846.811013,2049,1992.784421
145.534653,248,1993.594816
138.295705,275,1994.983779
141.539289,262,1995.714871
147.168701,258,1997.279373
131.715525,247,2000.748863
143.689028,249,2004.339499
142.83492,256,2005.18427
1845.956141,2049,2012.709928
127.838456,238,2013.649916
129.163537,250,2015.77787
139.915476,251,2018.399364
118.762571,228,2019.904796
135.328765,249,2021.066107
1853.56822,2049,2028.341079
1850.846973,2049,2035.731346
73.07491,160,2038.320298
147.127243,256,2040.938235
49.470946,112,2043.027066
49.104363,108,2045.105804
112.001058,225,2045.885553
120.831338,243,2046.543856
47.558126,105,2049.310334
50.061429,111,2050.389053
125.433303,231,2052.3898
44.617513,95,2053.553196
131.19504,251,2055.550755
51.29712,126,2056.101268
131.415849,244,2058.631918
46.674613,102,2060.235972
124.32376,242,2062.019528
46.61879,101,2064.751791
50.99434,114,2066.255317
124.184614,232,2069.869409
44.743864,97,2072.263884
81.120451,184,2075.389312
125.165787,248,2078.889948
1842.99859,2049,2086.705113
130.160127,244,2090.185852
77.087391,164,2092.326115
55.252106,121,2094.616362
115.198231,226,2095.715899
119.697908,235,2099.036725
74.572182,165,2101.058918
130.859999,248,2103.319989
80.288219,164,2103.795053
45.744735,99,2104.588617
132.6127,255,2105.278196
122.075237,246,2107.32389
127.107016,245,2110.510873
68.661287,150,2111.934379
51.182714,107,2113.164893
120.590569,232,2115.20134
140.345452,255,2116.987875
138.605795,252,2118.07226
119.485743,226,2119.413026
106.781064,222,2121.468651
120.28833,232,2122.812434
130.973585,234,2125.17998
116.306198,220,2127.59456
123.732613,226,2129.421891
125.404585,239,2131.498128
119.394148,230,2135.163936
80.002074,154,2136.782413
131.621579,244,2139.188371
126.826147,231,2142.355204
133.530966,246,2144.913748
49.286236,109,2146.300688
119.606287,231,2147.991162
123.027258,240,2150.967442
121.628107,239,2151.866925
80.288491,160,2154.414859
126.649517,236,2156.74671
47.018575,105,2158.915689
133.235779,242,2160.46729
50.852914,113,2161.76594
123.765894,239,2162.557904
49.644265,107,2162.815149
118.289008,226,2166.071419
135.722552,253,2169.513407
131.305962,241,2172.831041
121.540354,239,2173.399381
129.092677,243,2175.364733
131.189683,242,2178.720795
137.817244,240,2179.90871
106.74807,225,2181.462804
126.447299,233,2184.379914
131.191089,246,2187.387531
130.016359,235,2188.466966
133.328225,238,2189.710084
127.550937,234,2190.861094
132.578494,260,2192.313893
128.362075,235,2194.960872
76.758542,160,2196.394926
138.631712,235,2199.022974
69.481515,149,2200.91043
117.775705,225,2202.089867
130.623334,243,2204.39789
130.362997,239,2207.190574
143.844939,245,2210.466076
127.521885,226,2211.559932
1866.036541,2049,2216.864062
134.81781,251,2220.001069
138.651442,241,2221.185829
127.254208,246,2223.688622
124.893095,231,2226.546948
120.272807,235,2228.219502
132.772088,242,2230.41734
133.190553,238,2233.048422
140.808177,248,2235.578802
127.392367,236,2238.566257
118.738159,235,2239.693658
131.347955,236,2241.930113
134.842227,240,2244.027635
76.806085,165,2247.038097
124.695778,244,2248.436234
129.793062,237,2250.905566
128.961462,241,2254.249365
133.542212,234,2257.331337
128.253087,244,2259.811087
49.938868,109,2260.785612
116.20143,225,2261.76705
127.805609,241,2265.17375
112.349607,230,2266.306065
112.600921,227,2269.159662
127.70772,239,2271.243508
119.710391,238,2274.443319
132.892637,239,2276.436304
136.262873,243,2277.687794
122.246175,225,2279.737881
121.042683,232,2281.201603
128.263401,263,2284.113588
132.755081,246,2286.194
125.755969,234,2287.526622
122.010217,224,2289.751269
130.23033,242,2293.106018
121.002878,227,2294.265842
128.358223,238,2295.818163
123.761372,241,2297.971806
134.727421,241,2300.033877
131.835455,231,2303.306527
129.480845,245,2304.602009
137.662814,249,2307.397917
123.36931,239,2308.085429
1815.275112,2049,2314.851901
145.099127,247,2317.692849
129.628594,239,2321.155484
130.792851,249,2322.477675
124.83646,241,2324.946286
118.455702,224,2327.815661
122.152481,237,2330.253727
127.745279,233,2333.213941
127.526568,240,2335.880365
130.214209,231,2336.935853
127.811244,239,2338.473602
125.973151,236,2339.863097
121.382163,237,2341.9702
133.337964,240,2343.866289
130.054786,236,2344.546549
123.100818,230,2348.08797
51.711696,123,2351.28603
44.953242,97,2354.216156
124.765237,232,2357.1586
124.462752,231,2358.529318
116.274276,228,2360.067102
144.382615,253,2362.082711
114.848206,221,2365.010726
119.38246,229,2367.797137
115.435144,233,2368.576618
127.518377,238,2372.03023
128.564513,238,2374.490654
118.31926,227,2375.335613
122.469639,234,2376.339362
117.195896,230,2377.396122
130.198223,239,2379.02465
127.013164,240,2381.538815
126.609119,236,2385.003391
133.251114,247,2386.505039
130.010387,238,2388.048962
128.554223,239,2390.581873
108.148145,232,2392.66777
135.017529,241,2394.0734
122.452132,230,2396.422109
50.773218,121,2399.070851
132.919964,242,2402.546668
129.943835,234,2404.20085
132.177562,244,2407.489546
120.549374,226,2408.350027
131.109776,238,2409.489161
124.915667,238,2411.052711
122.311264,234,2413.439183
122.448958,244,2414.969522
134.181032,248,2417.24942
125.270523,238,2418.993491
127.889919,236,2420.642095
113.241675,231,2422.909395
121.147252,234,2425.177357
125.283481,235,2428.412172
1744.772146,2049,2436.137935
120.953792,243,2437.472061
128.00035,237,2440.561192
138.349609,241,2441.197673
132.68192,239,2442.007614
124.705078,235,2443.249194
122.415364,228,2446.691829
144.508918,244,2447.677109
138.680173,251,2451.254453
131.282811,240,2451.849925
597.656575,748,2455.626677
134.493585,248,2456.77702
132.153515,237,2459.412853
130.743505,232,2460.828345
140.377696,249,2463.349633
141.815222,246,2465.400038
132.93019,230,2468.627302
137.22556,252,2470.631971
1744.732266,2049,2479.015278
1747.101261,2049,2486.546425
1747.520436,2049,2492.100443
1734.970736,2049,2497.081968
1767.424472,2049,2502.405023
1772.576874,2049,2507.96741
1781.042759,2049,2515.515864
827.327434,1003,2521.089477
1785.915186,2049,2526.466055
1747.584473,2049,2534.167437
1752.160165,2049,2540.731335
1791.368833,2049,2546.062397
1767.059776,2049,2552.680427
1767.361556,2049,2560.473897
1776.371553,2049,2566.700402
1750.884198,2049,2572.972054
1811.289481,2049,2580.841726
1773.240323,2049,2587.49232
922.227755,1086,2591.497803
1784.674086,2041,2597.101026
1750.082643,2049,2603.551062
1788.667702,2049,2610.768057
1815.546854,2049,2616.04944
1769.088872,2049,2623.547011
1446.999828,1787,2629.790406
1040.27955,1269,2634.946189
556.118882,716,2639.581642
1793.656985,2049,2646.259545
1816.415101,2049,2652.753839
1782.98259,2049,2660.49486
1734.646802,2049,2666.961547
1785.556654,2049,2671.86085
1764.472268,2049,2677.16671
1035.377032,1273,2681.124688
1684.222992,2049,2687.262111
1693.948071,2049,2694.073464
1155.93129,1407,2698.199659
716.063118,896,2700.820452
1569.957415,1832,2705.907142
1148.664669,1312,2710.407172
1334.191934,1530,2714.510372
1641.780161,1873,2721.250655
1851.797051,2049,2729.507125
1823.261066,2049,2735.848755
1768.60538,2049,2742.360154
709.379667,866,2747.515467
1758.033965,2049,2754.205814
1775.479101,2049,2759.488998
1761.90295,2049,2764.97833
1799.802619,2049,2771.187089
1811.423089,2049,2777.733227
1818.785895,2049,2784.563766
1793.643454,2049,2791.75927
1839.852491,2049,2798.582921
1830.953101,2049,2804.480269
1783.219305,2049,2810.020614
1822.118143,2049,2815.964085
1776.94538,2049,2822.641397
834.954842,982,2827.040534
783.054185,933,2829.985841
1149.317881,1337,2832.915604
755.560711,895,2836.822355
559.126911,671,2840.503751
1319.95728,1514,2845.771637
1646.522418,1887,2852.655693
1603.273668,1853,2858.20533
802.459106,938,2862.945013
1835.666125,2049,2868.673773
1804.349913,2049,2873.967062
1824.572671,2049,2881.607074
1870.223241,2049,2889.223995
1895.923177,2049,2894.374746
1907.467494,2049,2900.92131
1918.250556,2049,2907.257173
1896.388123,2049,2912.651752
1915.945225,2049,2920.125561
1922.240742,2049,2926.649971
1922.669408,2049,2932.239048
1941.059627,2049,2938.998936
1936.29425,2049,2944.818232
1922.043264,2049,2950.673581
1922.527332,2049,2958.410667
1910.043288,2049,2963.543739
1942.042594,2049,2968.299044
1909.108413,2049,2976.27812
1942.509077,2049,2983.064571
1913.298739,2049,2990.877796
1925.324314,2049,2997.637857
1920.685557,2049,3003.588168
1922.6249,2049,3009.43263
1914.786991,2049,3016.22786
1886.703495,2049,3021.53142
1929.600723,2049,3029.772734
1955.446193,2049,3037.777404
1936.508324,2049,3044.380419
1926.894443,2049,3051.39138
1930.051026,2049,3059.026465
1957.088362,2049,3064.632272
1904.992346,2049,3070.33973
1876.036915,2049,3078.028777
1927.267692,2049,3085.285809
93.305133,157,3086.195512
1930.797407,2049,3092.607254
1910.277731,2049,3098.027864
1923.277583,2049,3103.226717
1904.350784,2049,3109.812518
1935.885156,2049,3116.414037
1870.669577,2049,3123.39002
1918.918055,2049,3129.518811
1931.423033,2049,3137.682335
1912.092289,2049,3144.722806
1867.042576,2049,3152.788194
1889.011307,2049,3161.386433
1874.500015,2049,3166.837041
1921.57112,2049,3172.911463
1939.552384,2049,3178.76814
1937.256501,2049,3184.958938
1936.465483,2049,3191.383183
1932.407842,2049,3198.635636
1965.262599,2049,3207.092299
1945.011976,2049,3215.110948
1950.733123,2049,3221.407851
1960.622676,2049,3229.870146
1940.146097,2049,3237.003467
1926.41003,2049,3243.570017
1945.191465,2049,3249.195226
1929.808176,2049,3254.853227
1907.785932,2049,3262.018732
1945.876856,2049,3270.366085
1923.166681,2049,3277.164405
1896.297668,2049,3284.487453
1937.308297,2049,3291.525599
79.697737,137,3292.173787
82.555295,140,3293.989317
86.58418,145,3297.140602
83.446035,142,3298.219552
80.432291,140,3299.404273
86.145416,145,3302.750979
90.841414,149,3304.936836
87.368429,146,3306.855031
1942.164511,2049,3315.058016
1903.914075,2049,3322.835954
1930.136134,2049,3330.639207
1917.733104,2049,3338.233286
83.410888,142,3339.632014
1928.226604,2049,3345.11024
1897.630234,2049,3352.777855
1952.553119,2049,3360.213633
83.95304,142,3361.111317
1920.186223,2049,3369.666131
1951.542697,2049,3378.11201
1954.380892,2049,3386.531301
1953.667763,2049,3393.535825
1947.919749,2049,3399.818352
1946.408155,2049,3406.152187
1945.157562,2049,3412.141435
1910.652401,2049,3418.34316
1909.418036,2049,3425.162533
86.591025,143,3428.292267
1878.73724,2049,3434.065769
1927.287505,2049,3441.842934
1929.173274,2049,3449.004756
1950.359019,2049,3454.834207
1937.536411,2049,3462.767206
1953.262486,2049,3469.335749
1937.157851,2049,3475.412848
1926.665658,2049,3484.111637
1938.76732,2049,3490.065349
1943.48659,2049,3496.128151
1936.826192,2049,3502.253024
1935.828937,2049,3509.299038
1938.529858,2049,3516.239498
1949.744328,2049,3523.449273
1955.090245,2049,3529.138137
1959.629409,2049,3537.38893
1966.144549,2049,3543.592285
1961.340631,2049,3549.229955
1969.060009,2049,3556.377166
1956.712051,2049,3562.653467
1956.92059,2049,3568.476614
1950.411554,2049,3574.938629
1729.224116,1936,3581.826646
1944.87274,2049,3589.765806
1924.877808,2049,3595.533427
1963.715137,2049,3601.476565
1951.693967,2049,3609.270598
1963.914394,2049,3615.365765
1973.073782,2049,3623.235412
1950.287946,2049,3629.880375
1975.312218,2049,3636.194546
1968.51492,2049,3641.829255
1959.162577,2049,3647.524651
1962.052942,2049,3655.029001
1964.958885,2049,3661.347758
1957.163277,2049,3669.733427
1957.723896,2049,3675.521263
1957.328615,2049,3683.539604
1972.943374,2049,3689.776324
1949.701822,2049,3695.721286
1969.605471,2049,3703.70913
1932.501996,2049,3709.383571
1964.892109,2049,3716.939503
1962.679342,2049,3724.678675
1939.541818,2049,3731.455887
1253.727912,1469,3735.882445
1942.231488,2049,3742.910748
1965.155865,2049,3748.660326
1837.50372,2049,3755.105134
1905.536629,2049,3762.62204
1190.183585,1361,3765.603056
1957.627138,2049,3771.810882
1958.90421,2049,3779.286049
1965.71335,2049,3784.900182
1927.202525,2049,3792.692652
1950.844205,2049,3800.541257
1946.86587,2049,3806.291034
1938.871466,2049,3814.247539
1948.839956,2049,3820.764766
1292.908114,1476,3826.484054
1902.338024,2049,3833.353142
1951.751945,2049,3839.765214
1970.019815,2049,3847.470588
1962.128734,2049,3855.082302
1957.778567,2049,3863.624529
1965.716367,2049,3870.67458
1870.134022,2049,3877.173756
1964.688862,2049,3883.445019
1936.103689,2049,3889.303272
1960.337879,2049,3896.427052
1961.746673,2049,3904.185087
1947.733602,2049,3913.02875
1892.421487,2049,3919.74879
1965.058815,2049,3927.879096
1964.749519,2049,3936.089638
1950.394082,2049,3943.551162
1948.006561,2049,3949.573704
1964.593349,2049,3957.395959
1962.755249,2049,3963.404291
1969.415102,2049,3969.167003
1922.328737,2049,3975.759369
1956.713784,2049,3983.426472
1972.201211,2049,3990.889908
1970.330977,2049,3999.185104
1975.77593,2049,4007.557617
1966.851157,2049,4013.972205
1948.64249,2049,4022.112703
1923.355601,2049,4029.088549
1914.091307,2049,4035.788117
1967.934349,2049,4041.26692
1951.797622,2049,4048.211302
1846.602379,2049,4053.664897
1928.32099,2049,4058.995888
1954.901215,2049,4065.380333
1948.972013,2049,4073.588805
1961.519729,2049,4080.410796
1921.918776,2049,4086.145584
1960.184717,2049,4093.429269
1945.478141,2049,4100.589832
1956.695574,2049,4107.875769
1972.331311,2049,4114.442783
1972.123519,2049,4120.589159
1972.293278,2049,4129.245492
1981.003504,2049,4135.766465
1970.731101,2049,4142.470018
1973.457893,2049,4149.800224
1973.715767,2049,4155.892226
1956.197156,2049,4163.888103
1956.086749,2049,4170.830437
1967.776431,2049,4177.981017
1955.534878,2049,4184.936316
1954.840751,2049,4193.045838
1965.381155,2049,4198.541096
1957.970974,2049,4205.823613
1968.491805,2049,4213.121809
1971.314661,2049,4221.333581
1968.004531,2049,4228.922684
1960.39766,2049,4235.021145
1962.378803,2049,4240.653485
1953.611938,2049,4248.69122
1936.709253,2049,4256.280442
1934.898697,2049,4262.681438
1950.8079,2049,4268.163597
1941.617902,2049,4274.598945
1945.811715,2049,4282.930275
1930.063327,2049,4291.049916
1952.923511,2049,4297.224937
1949.847235,2049,4305.0299
1964.572916,2049,4313.008701
1961.734439,2049,4320.109067
1952.985939,2049,4326.231927
1967.777636,2049,4333.502453
1960.144651,2049,4341.362406
1948.071209,2049,4349.319676
1955.144208,2049,4355.124074
1962.841019,2049,4361.736833
1954.432496,2049,4369.292812
1960.663542,2049,4377.055403
1944.471586,2049,4385.007805
1953.901502,2049,4392.078603
1966.628914,2049,4398.544811
1965.249624,2049,4406.604142
1947.533858,2049,4412.953602
1960.077228,2049,4418.634206
1954.743408,2049,4425.243999
1955.540009,2049,4431.960474
1959.510636,2049,4437.566927
1966.51491,2049,4445.911644
